sample_index,fold,binary_probability,binary_prediction,multiclass_prediction,multiclass_confidence,alpha_prediction,file,folder,filename,condition,turns_short,alpha,severity_level,width,height,mode,sha256,roi_area_fraction,hot_area_fraction,visual_intensity_mean,visual_intensity_p50,visual_intensity_p90,visual_intensity_p95,visual_intensity_integrated,hotspot_centroid_x,hotspot_centroid_y,hotspot_distance_center,hotspot_dispersion,visual_intensity_skewness,relative_gradient_mean,relative_gradient_p90,visual_entropy,hot_components,largest_hot_component_fraction,hsv_hue_mean,hsv_saturation_mean,hsv_value_mean,rgb_r_hist_0,rgb_r_hist_1,rgb_r_hist_2,rgb_r_hist_3,rgb_r_hist_4,rgb_r_hist_5,rgb_r_hist_6,rgb_r_hist_7,rgb_g_hist_0,rgb_g_hist_1,rgb_g_hist_2,rgb_g_hist_3,rgb_g_hist_4,rgb_g_hist_5,rgb_g_hist_6,rgb_g_hist_7,rgb_b_hist_0,rgb_b_hist_1,rgb_b_hist_2,rgb_b_hist_3,rgb_b_hist_4,rgb_b_hist_5,rgb_b_hist_6,rgb_b_hist_7,visual_coherence
0,1,0.0018535441875021765,0,0,0.9936625833542211,0.04159397891926819,Dataset\IR_trans_bmp\p1_Noload\p1001.bmp,p1_Noload,p1001.bmp,Healthy,0,0.0,0,320,240,RGB,58f27d307e5e28f038f75d47a28528409021f6ce0103395399370a2057938778,0.4160026041666667,0.12579423456133212,0.174331396818161,0.16862745583057404,0.2235294133424759,0.23137255012989044,0.07252231597900391,0.6410813349321292,0.5943771540662468,0.16973800480704282,0.2725616590924568,0.3463163326339116,0.044494595378637314,0.11091870814561844,2.0080920818743615,22.0,0.07377382703683996,0.7362949648382944,0.9960854324640013,0.5094796573414522,1.3323734702181602,4.467119471657955,2.1817271276096277,0.0187799305142571,0.0,0.0,0.0,0.0,8.0,0.0,0.0,0.0,0.0,0.0,0.0,0.0,0.0,0.0,0.0,3.385896272183793,4.614103727816207,0.0,0.0,0.0,0.8841032791276826
6,1,0.00023777354696836154,0,0,0.9992339484157108,0.0,Dataset\IR_trans_bmp\p1_Noload\p1007.bmp,p1_Noload,p1007.bmp,Healthy,0,0.0,0,320,240,RGB,697e6c3f342c955c9ccbe7649f18cc28934dfadfd8581a54f765d88200695dfc,0.43595052083333335,0.11487112093426122,0.18338127434253693,0.1764705926179886,0.23137255012989044,0.24313725531101227,0.07994516372680664,0.6050471314156024,0.6150290054268227,0.15577731512685294,0.292521316641169,0.3668066756521527,0.05039680376648903,0.1335638165473938,2.0932273048675953,36.0,0.044472984677877005,0.7409417349532996,0.9959211162492341,0.5193014705882353,0.1307009945939488,4.999372778590843,2.777455870493713,0.09247035632149578,0.0,0.0,0.0,0.0,8.0,0.0,0.0,0.0,0.0,0.0,0.0,0.0,0.0,0.0,0.0,2.8928646097786803,5.10713539022132,0.0,0.0,0.0,0.9434218695701793
11,1,0.00037978140891245445,0,0,0.9991108042676244,0.00283240344290292,Dataset\IR_trans_bmp\p1_Noload\p1012.bmp,p1_Noload,p1012.bmp,Healthy,0,0.0,0,320,240,RGB,f5dd5b31569666cb2149abcc08838526dafec2f928cd548869e1c1fa33024273,0.4337109375,0.11468371911495391,0.18237701058387756,0.1764705926179886,0.23137255012989044,0.24313725531101227,0.07909890492757161,0.5937077804596832,0.6186397975084881,0.15118382741396394,0.2945245631555843,0.3566223828151501,0.051881495863199234,0.13641196489334106,2.078523524868807,27.0,0.04314149329010177,0.7404996562936452,0.9960281671262254,0.5179808373544731,0.2461797111891681,4.925755801735267,2.74136119367138,0.08670329340418506,0.0,0.0,0.0,0.0,8.0,0.0,0.0,0.0,0.0,0.0,0.0,0.0,0.0,0.0,0.0,2.97841424239695,5.0215857576030505,0.0,0.0,0.0,0.9153402856448655
14,1,0.0008743551307275882,0,0,0.9986289633680394,0.007286137890271771,Dataset\IR_trans_bmp\p1_Noload\p1015.bmp,p1_Noload,p1015.bmp,Healthy,0,0.0,0,320,240,RGB,9ad1825a44ed6d8696782307dd4a02d2b5d51696a8385a0c5c637b5e5664cf10,0.4383984375,0.12667438890373933,0.17373405396938324,0.16862745583057404,0.2235294133424759,0.23137255012989044,0.07616473515828451,0.5562239647476364,0.6208249025832102,0.133265866958444,0.2983955886408872,0.34224148387841924,0.04968678578734398,0.1305358111858368,2.062188084759814,33.0,0.04324452760699753,0.7359284981668994,0.9961543662875306,0.5086544261259192,1.4358608809290445,4.2831090914491075,2.2491906501529595,0.0318393774688883,0.0,0.0,0.0,0.0,8.0,0.0,0.0,0.0,0.0,0.0,0.0,0.0,0.0,0.0,0.0,3.600225726929817,4.399774273070183,0.0,0.0,0.0,0.8510602265784114
21,1,0.0001114442047752403,0,0,0.9995264056630144,0.0,Dataset\IR_trans_bmp\p1_Noload\p1022.bmp,p1_Noload,p1022.bmp,Healthy,0,0.0,0,320,240,RGB,eef020d2bf21502c08b87446b3176d44acb110208e3bf20f42332f68fe121cab,0.42658854166666665,0.1030462120749649,0.18300196528434753,0.1764705926179886,0.23137255012989044,0.24313725531101227,0.0780665397644043,0.6228133804483725,0.6340798993029212,0.18182559174725152,0.29811307003580295,0.38233681696045557,0.051099248230457306,0.13402357697486877,2.0928960373642855,35.0,0.03778768084976497,0.7407682621279242,0.9957722383386949,0.5189837287454044,0.09694157865820158,5.081985226787132,2.7260850985898295,0.09498809596483732,0.0,0.0,0.0,0.0,8.0,0.0,0.0,0.0,0.0,0.0,0.0,0.0,0.0,0.0,0.0,2.711189793052927,5.288810206947073,0.0,0.0,0.0,0.8092151194526183
27,1,0.9988019928918497,1,1,0.9995448249323563,0.13636160919513607,Dataset\IR_trans_bmp\p2_80\p2006.bmp,p2_80,p2006.bmp,SC80,80,0.13333333333333333,1,320,240,RGB,8b4103d2a0516075fab0cd1e96b4bf5f907363874c81642b61f63ebc7bf20c16,0.42302083333333335,0.1238303373553312,0.14830853044986725,0.14509804546833038,0.1764705926179886,0.1882352977991104,0.06273759841918945,0.48011999684283707,0.6533548028990669,0.1546379969404042,0.2634629406149694,0.1868195435400683,0.04350714012980461,0.10653393715620041,1.6917198677623673,31.0,0.04063038660428466,0.7227579468455394,0.9966103946461397,0.4810719807942708,2.3119921201674463,5.542477222359025,0.1455306574735287,0.0,0.0,0.0,0.0,0.0,8.0,0.0,0.0,0.0,0.0,0.0,0.0,0.0,0.0,0.0,0.009603545924649102,5.921201674464418,2.069194779610933,0.0,0.0,0.0,0.9438327736398769
33,1,0.9986837099896465,1,1,0.9996700198173357,0.15970245170236663,Dataset\IR_trans_bmp\p2_80\p2012.bmp,p2_80,p2012.bmp,SC80,80,0.13333333333333333,1,320,240,RGB,e82e1c2135c3f064d37b2a970250d1f37bc9e84e78a44c4e1f1e56c6fbc02273,0.4149348958333333,0.10471647786111024,0.14660529792308807,0.14509804546833038,0.1764705926179886,0.18039216101169586,0.06083165486653646,0.5265254171990903,0.6803877822274575,0.182327589065743,0.24572918910609695,0.17360169647433135,0.04404417797923088,0.10653393715620041,1.6722330204881215,37.0,0.035836445225468354,0.7218405441198935,0.9966803457222733,0.4788489248238358,2.535789374588132,5.351241095804437,0.11296952960743088,0.0,0.0,0.0,0.0,0.0,8.0,0.0,0.0,0.0,0.0,0.0,0.0,0.0,0.0,0.0,0.00778234537295635,6.1410236294599425,1.8511940251671009,0.0,0.0,0.0,0.8423567884219836
34,1,0.9997273079880391,1,1,0.9999210730525991,0.15283305290415217,Dataset\IR_trans_bmp\p2_80\p2013.bmp,p2_80,p2013.bmp,SC80,80,0.13333333333333333,1,320,240,RGB,d018f10471b8fd6ce49f014b41d0c1ab600b5afa56c4262a7256d3d865f4b9c5,0.42015625,0.12845543572579646,0.14212770760059357,0.14509804546833038,0.16862745583057404,0.18039216101169586,0.05971584320068359,0.5554251310355339,0.6525537307930159,0.16231015349994,0.25337002986670915,0.12867808231754144,0.04398825764656067,0.10980391502380371,1.6553058888899066,47.0,0.03725052683773398,0.7193549811507071,0.9969207763671875,0.4727181827320772,3.084913846535267,4.843436221643734,0.07164993182099913,0.0,0.0,0.0,0.0,0.0,8.0,0.0,0.0,0.0,0.0,0.0,0.0,0.0,0.0,0.0,0.02404859303334573,6.486674104375853,1.489277302590802,0.0,0.0,0.0,0.9242296450963341
35,1,0.9996143283521561,1,1,0.9998359628171246,0.13582593173098811,Dataset\IR_trans_bmp\p2_80\p2014.bmp,p2_80,p2014.bmp,SC80,80,0.13333333333333333,1,320,240,RGB,edc6008f8cb207ffba63252e157c106e7213178a14605a8b0b2d5bce96c8eabd,0.4183072916666667,0.1255680757019237,0.14158163964748383,0.1411764770746231,0.16862745583057404,0.18039216101169586,0.05922463099161784,0.5577159690495213,0.6568490222939265,0.16713093333636939,0.25463070551632205,0.1337140591320464,0.044434111565351486,0.11050199717283249,1.6570760381622545,42.0,0.03806885388781672,0.7190258516279678,0.9969293930951286,0.4719387877221201,3.137396501276225,4.790387847849094,0.07221565087468095,0.0,0.0,0.0,0.0,0.0,8.0,0.0,0.0,0.0,0.0,0.0,0.0,0.0,0.0,0.0,0.034115669551142376,6.620681068293594,1.3452032621552636,0.0,0.0,0.0,0.9086822042454306
36,1,0.9992773454481323,1,1,0.9998369993956027,0.13015337932487792,Dataset\IR_trans_bmp\p2_80\p2015.bmp,p2_80,p2015.bmp,SC80,80,0.13333333333333333,1,320,240,RGB,8161b6ea79cf5b638f70aff997ed60a8956d5a6a0b00550c4af371e9732e8f84,0.4213411458333333,0.13075187737569147,0.1418185532093048,0.14509804546833038,0.16862745583057404,0.18039216101169586,0.05975399017333984,0.547894021312526,0.6542070158136687,0.16147334456077186,0.25484089396569454,0.11947577796518775,0.04405389726161957,0.11091870814561844,1.678544635483362,36.0,0.05213387311103557,0.7191607938798447,0.9968659045649509,0.47221715590533087,3.091813714886121,4.835501715133348,0.07268456998053092,0.0,0.0,0.0,0.0,0.0,8.0,0.0,0.0,0.0,0.0,0.0,0.0,0.0,0.0,0.0,0.03510615284773942,6.575975771810007,1.388918075342254,0.0,0.0,0.0,0.8672200767557516
54,1,0.998384921724976,1,2,0.9979847739802155,0.27593350346843404,Dataset\IR_trans_bmp\p3_160\p3033.bmp,p3_160,p3033.bmp,SC160,160,0.26666666666666666,2,320,240,RGB,e259bd41c8384e02ae8a11f2ed4552792cdc680c05d4cfe700225f2d2a148dbc,0.40984375,0.12139407802770365,0.19088619947433472,0.1882352977991104,0.2235294133424759,0.23137255012989044,0.07823351542154948,0.46885102074630575,0.5748609868749625,0.08108283581893505,0.1679168959434887,0.16160003565086486,0.04281112924218178,0.10653393715620041,1.8688442939713212,36.0,0.06255559791587241,0.7445877330929207,0.9936473173253676,0.5286613913143382,0.07980683695514043,4.764773160503241,3.067225822849155,0.0881941796924641,0.0,0.0,0.0,0.0,8.0,0.0,0.0,0.0,0.0,0.0,0.0,0.0,0.0,0.0,0.0,1.0387596899224807,6.961240310077519,0.0,0.0,0.0,0.9592928284366515
58,1,0.9989376530294192,1,2,0.9993055781188839,0.26258416037014076,Dataset\IR_trans_bmp\p3_160\p3037.bmp,p3_160,p3037.bmp,SC160,160,0.26666666666666666,2,320,240,RGB,158d0ff2af40e0e35940f66edaa43ba7f5aed7c38f05fbc27da8713aa213fa88,0.41606770833333334,0.11673029980597108,0.19544051587581635,0.19607843458652496,0.22745098173618317,0.239215686917305,0.08131649017333985,0.4870399387113332,0.5724548646516089,0.0736048272893087,0.16304775547316624,0.12887260731381106,0.04369227960705757,0.10980391502380371,1.9075796788626802,33.0,0.060868748826438,0.7469515667281337,0.9939602122587317,0.5328083113128064,0.05583025599298992,4.26387932653189,3.5358327595919135,0.1444576578832071,0.0,0.0,0.0,0.0,8.0,0.0,0.0,0.0,0.0,0.0,0.0,0.0,0.0,0.0,0.0,0.7873818614257996,7.2126181385742,0.0,0.0,0.0,0.9323981161193916
63,1,0.9992520283902044,1,2,0.9996579437594804,0.2820470473370609,Dataset\IR_trans_bmp\p3_160\p3042.bmp,p3_160,p3042.bmp,SC160,160,0.26666666666666666,2,320,240,RGB,41864a82cff80b91797a464ffe1d92bc28fb82649d9b9d9249e645138be92e3d,0.40720052083333336,0.10072586576279859,0.2000730186700821,0.20392157137393951,0.23137255012989044,0.239215686917305,0.0814698346455892,0.5062183953335854,0.5697733407123365,0.070049893038352,0.15751148941129126,0.17139675463672868,0.03531162068247795,0.07998461276292801,1.8096354300244948,13.0,0.05301697950308573,0.7493309148863041,0.9939967136757046,0.5372772216796875,0.013046397851181531,3.847664119208263,3.968663063984907,0.17062641895564865,0.0,0.0,0.0,0.0,8.0,0.0,0.0,0.0,0.0,0.0,0.0,0.0,0.0,0.0,0.0,0.45380999584305953,7.546190004156941,0.0,0.0,0.0,0.8398324758584463
64,1,0.9999462392779099,1,2,0.9991841406397519,0.2620210391756489,Dataset\IR_trans_bmp\p3_160\p3043.bmp,p3_160,p3043.bmp,SC160,160,0.26666666666666666,2,320,240,RGB,6219bfc047583957d88348cb516c0d8c1ae2ef1dc416f84cc6d3af68885e227e,0.412109375,0.11924170616113744,0.2020951211452484,0.20392157137393951,0.23137255012989044,0.24313725531101227,0.08328529357910157,0.48639611324191456,0.5765229362302869,0.0777227476626462,0.15947999438799437,0.17385403617768436,0.03623279929161072,0.08663027733564377,1.82398302613174,28.0,0.062496050552922594,0.7504147151328998,0.9941796994676777,0.5389981138939951,0.007835703001579779,3.6125118483412324,4.177440758293839,0.20221169036334913,0.0,0.0,0.0,0.0,8.0,0.0,0.0,0.0,0.0,0.0,0.0,0.0,0.0,0.0,0.0,0.3943127962085308,7.60568720379147,0.0,0.0,0.0,0.9062044300673585
76,1,0.9986524419786579,1,2,0.9977267503372312,0.25780384880735197,Dataset\IR_trans_bmp\p3_160\p3055.bmp,p3_160,p3055.bmp,SC160,160,0.26666666666666666,2,320,240,RGB,e972559c0c36e07fdbd83ea6407d533eeaad416fced9550ab3193a434740cd4f,0.41356770833333334,0.1470940117121088,0.19697296619415283,0.19607843458652496,0.22745098173618317,0.239215686917305,0.08146165847778321,0.4522543195431835,0.5655069499050448,0.08106053594781172,0.16385001851349865,0.09407254968990379,0.03974141553044319,0.0954158753156662,1.9541370072123962,27.0,0.07209873433662868,0.7477974492078386,0.9943429984298406,0.5341586842256434,0.02896543038851458,4.1816006548706,3.628990617719287,0.16044329702159812,0.0,0.0,0.0,0.0,8.0,0.0,0.0,0.0,0.0,0.0,0.0,0.0,0.0,0.0,0.0,0.8233738429569927,7.176626157043008,0.0,0.0,0.0,0.8727216721509943
78,1,0.9983092883557315,1,2,0.9969569536575991,0.27599915003023445,Dataset\IR_trans_bmp\p3_160\p3057.bmp,p3_160,p3057.bmp,SC160,160,0.26666666666666666,2,320,240,RGB,25d2eed648647f396496e4d6d1887186d2f1e881864d748214edec680960b2ae,0.4208854166666667,0.10821680485088479,0.19269311428070068,0.19607843458652496,0.22745098173618317,0.239215686917305,0.08110172271728516,0.45862962817308867,0.5641827830005678,0.07636057424348558,0.1549801143044572,0.024729978431229385,0.04075128212571144,0.10044116526842117,2.0025501118574525,28.0,0.05788268778616508,0.7455293452939508,0.9943416221469057,0.5298361385569853,0.08390050736295013,4.379903477292414,3.39982675411459,0.13636926123004578,0.0,0.0,0.0,0.0,8.0,0.0,0.0,0.0,0.0,0.0,0.0,0.0,0.0,0.0,0.0,1.2399455512931568,6.7600544487068435,0.0,0.0,0.0,0.9360382666356191
81,1,0.999943485120607,1,3,0.9948474531390575,0.4024319820449219,Dataset\IR_trans_bmp\p4_240\p4003.bmp,p4_240,p4003.bmp,SC240,240,0.4,3,320,240,RGB,db710d52d01af0177a60a8741a18ef3cf4ceeb859df919f19d86bd98995ecce9,0.413671875,0.11514006924771797,0.262905478477478,0.250980406999588,0.32549020648002625,0.3294117748737335,0.10875659942626953,0.5416816312338841,0.5685472087816967,0.0802251719479555,0.14895264248238912,0.27271729266497075,0.03949796408414841,0.09493107795715332,2.4371489712246825,14.0,0.04431853950267548,0.7812357641465171,0.9956733254825367,0.5783349729051777,0.0,0.23393138180673592,3.8431224425558703,2.6641485678312873,1.2462071136292099,0.012590494176896443,0.0,0.0,8.0,0.0,0.0,0.0,0.0,0.0,0.0,0.0,0.0,0.0,0.0,0.0005036197670758578,7.999496380232924,0.0,0.0,0.0,0.9062508043980058
88,1,0.9998376177889956,1,3,0.996285052438994,0.4060532515019844,Dataset\IR_trans_bmp\p4_240\p4010.bmp,p4_240,p4010.bmp,SC240,240,0.4,3,320,240,RGB,6ad7c75a4f5dfb93e5e104ed460d9e1a28fd476d5b76aab5a684b1ace3e81406,0.4097265625,0.1277846632980583,0.2634364068508148,0.250980406999588,0.32549020648002625,0.3294117748737335,0.10793689727783203,0.5216150356315443,0.572350096279475,0.07550990793930443,0.14373773211161472,0.24710272805437603,0.039557911455631256,0.09444393217563629,2.418517087673206,11.0,0.08481901674770394,0.7815355695159741,0.9955770455154718,0.5785361495672487,0.0,0.22499761655067213,3.817840912702196,2.5987860298090064,1.3489687609241428,0.009406680013982902,0.0,0.0,8.0,0.0,0.0,0.0,0.0,0.0,0.0,0.0,0.0,0.0,0.0,0.0007627037849175327,7.999237296215083,0.0,0.0,0.0,0.9395679508518122
91,1,0.9999416837565349,1,3,0.9954193139970998,0.3898066889271564,Dataset\IR_trans_bmp\p4_240\p4013.bmp,p4_240,p4013.bmp,SC240,240,0.4,3,320,240,RGB,8ad6003f57fa1fccea1bf55beb9509fbf48e895f0804cede6018c7eeace831ad,0.41751302083333336,0.12983003274598473,0.25253450870513916,0.24313725531101227,0.3137255012989044,0.32549020648002625,0.10543643951416015,0.5331535846677372,0.5708649275467764,0.07823680804155224,0.14273346353294938,0.21336052817873447,0.03807289898395538,0.09476897865533829,2.4615586963504317,8.0,0.08573210665835022,0.775954603482891,0.9949993657130821,0.5721691655177696,0.0,1.0955247154217995,3.3212537034149383,2.8539529081553097,0.7292686730079526,0.0,0.0,0.0,8.0,0.0,0.0,0.0,0.0,0.0,0.0,0.0,0.0,0.0,0.0,0.010229221893029784,7.98977077810697,0.0,0.0,0.0,0.9027387738320383
99,1,0.9997345791445152,1,3,0.9456243887079843,0.41033981002133124,Dataset\IR_trans_bmp\p4_240\p4021.bmp,p4_240,p4021.bmp,SC240,240,0.4,3,320,240,RGB,51296f52e2bd56aa561a73b856c4ce915140bb66bd1f0e3903618c8f663cf949,0.4063671875,0.15178313947899644,0.26539063453674316,0.25882354378700256,0.32549020648002625,0.33725491166114807,0.1078460439046224,0.4876728774504441,0.5677469091653075,0.06885928878375226,0.1441902047107767,0.241854558761229,0.041893716901540756,0.10595500469207764,2.484886299307367,11.0,0.10298311384536511,0.7825804129659131,0.9954872280943627,0.5793108771829044,0.0,0.2053253869076228,3.744560863853376,2.5033804351308917,1.525713736422186,0.021019577685923933,0.0,0.0,8.0,0.0,0.0,0.0,0.0,0.0,0.0,0.0,0.0,0.0,0.0,0.0,8.0,0.0,0.0,0.0,0.8744752118701858
101,1,0.9995372559193251,1,3,0.9805681511700443,0.3970900165448073,Dataset\IR_trans_bmp\p4_240\p4023.bmp,p4_240,p4023.bmp,SC240,240,0.4,3,320,240,RGB,e57e11134c6c4c7f5f2492c5e8cbc97d6d105ce513f82062a0684b814ae46186,0.4122265625,0.11368015414258188,0.25971367955207825,0.24705882370471954,0.32549020648002625,0.3294117748737335,0.10706087748209635,0.5205820395126194,0.5625082991228462,0.06580963310739725,0.149279827331216,0.2499336739083388,0.0411967895925045,0.1022619903087616,2.4988844551755323,12.0,0.0546448087431694,0.7795846608763967,0.9952201693665748,0.5759950525620404,0.0,0.48794971414131844,3.7198900786506206,2.5436052939132634,1.2338987333775546,0.014656179917243122,0.0,0.0,8.0,0.0,0.0,0.0,0.0,0.0,0.0,0.0,0.0,0.0,0.0,0.0017688493003569284,7.998231150699643,0.0,0.0,0.0,0.9223983937432589
106,1,0.9994305554511943,1,4,0.9988281452425373,0.5393705872550852,Dataset\IR_trans_bmp\p5_320\p5028.bmp,p5_320,p5028.bmp,SC320,320,0.5333333333333333,4,320,240,RGB,4aae4dfccd1744adeaa339307ad16ecad9726de2a476d6fa04f84d0d90cf4974,0.39828125,0.11072969792075324,0.29909420013427734,0.2823529541492462,0.3921568691730499,0.40392157435417175,0.11912361145019532,0.54321474954099,0.5284920514984265,0.05176206696490669,0.1425277003289676,0.3351924506595881,0.05277456343173981,0.12935233116149902,2.7838690391250482,8.0,0.05188309140839545,0.8015764119238827,0.997190647499234,0.6007036994485294,0.0,0.053877337517980906,3.010069308225448,1.6673205178501374,1.8124754805806198,1.423564796652282,0.0326925591735321,0.0,8.0,0.0,0.0,0.0,0.0,0.0,0.0,0.0,0.0,0.0,0.0,0.0,8.0,0.0,0.0,0.0,0.9652302977101264
120,1,0.9998422341475851,1,4,0.9947619286909597,0.5341570890789413,Dataset\IR_trans_bmp\p5_320\p5042.bmp,p5_320,p5042.bmp,SC320,320,0.5333333333333333,4,320,240,RGB,950777e5868f2c848c17004a7b2ef77280536ea4d94c3ac462f356dea19f1d6d,0.39533854166666665,0.11646136618141098,0.29496586322784424,0.2823529541492462,0.38823530077934265,0.40392157435417175,0.1166113789876302,0.5332081492697746,0.5350564313169139,0.04828803738609732,0.14267830913427598,0.3371657337422969,0.05375039204955101,0.13147492706775665,2.8280627039747075,9.0,0.05335616889532969,0.799325015957795,0.9967702229817709,0.5975380691827512,0.0,0.09669982214610368,3.127857189908438,1.6238719451946513,1.832026875699888,1.2855543113101904,0.03398985574072854,0.0,8.0,0.0,0.0,0.0,0.0,0.0,0.0,0.0,0.0,0.0,0.0,0.0007904617614122917,7.9992095382385875,0.0,0.0,0.0,0.9150742787869678
121,1,0.9998692855801907,1,4,0.9996529671573522,0.5312899996068536,Dataset\IR_trans_bmp\p5_320\p5043.bmp,p5_320,p5043.bmp,SC320,320,0.5333333333333333,4,320,240,RGB,5782a020a25bd1d4318e1429147c76df44299fc5e6e2ac80922765c69af8fb1f,0.4115234375,0.10349628223382376,0.2892405390739441,0.2705882489681244,0.38823530077934265,0.4000000059604645,0.11902926127115886,0.5398121540505421,0.5342356798632426,0.052507993542341036,0.14376464502042863,0.373728306362109,0.05393673852086067,0.13333338499069214,2.883861943018893,7.0,0.04698623635500712,0.7961776989132332,0.9965112424364277,0.5937396479587929,0.0,0.20148710647049517,3.2840373358645785,1.5655750672361968,1.7587090650213575,1.161841480778358,0.028349944629014398,0.0,8.0,0.0,0.0,0.0,0.0,0.0,0.0,0.0,0.0,0.0,0.0,0.0005062490112324,7.999493750988767,0.0,0.0,0.0,0.9271069765462989
123,1,0.9992943768635493,1,4,0.98245557259875,0.4939544942224287,Dataset\IR_trans_bmp\p5_320\p5045.bmp,p5_320,p5045.bmp,SC320,320,0.5333333333333333,4,320,240,RGB,a46c6c508f5a7e3f1ad38010656f49ec4fb9dbafae2e204ddef6c8ec82c2a638,0.416875,0.10782108945527237,0.2911548912525177,0.2705882489681244,0.38823530077934265,0.4000000059604645,0.12137519836425781,0.4724782976056837,0.5285108448983247,0.03962716718991708,0.14195437378120845,0.3724668703096426,0.05216362699866295,0.12313980609178543,2.8896098855207386,7.0,0.04991254372813593,0.7971488910014403,0.9966835171568628,0.5951182645909926,0.0,0.16541729135432284,3.1794102948525738,1.7208895552223888,1.6944027986006998,1.22063968015992,0.01924037981009495,0.0,8.0,0.0,0.0,0.0,0.0,0.0,0.0,0.0,0.0,0.0,0.0,0.0,8.0,0.0,0.0,0.0,0.8963644629763343
125,1,0.9999003943312806,1,4,0.9967719661157929,0.5125045964034538,Dataset\IR_trans_bmp\p5_320\p5047.bmp,p5_320,p5047.bmp,SC320,320,0.5333333333333333,4,320,240,RGB,598a0197ddef643b3dd9e74d9f4d74bd84d7a30df73146b632666e31d19ccd46,0.4592578125,0.11683819568484023,0.2850647270679474,0.2666666805744171,0.3843137323856354,0.4000000059604645,0.13091819763183593,0.4895191675078257,0.5338419577355745,0.035427756817295514,0.1411144518613575,0.47992311551210975,0.04863107576966286,0.11699166893959045,2.860879543505799,6.0,0.07190042811374783,0.7938705529580569,0.9964804855047488,0.591470516429228,0.0,0.18190581497547562,3.4700462136032435,1.6602874883048397,1.6001814521845141,1.0562785291032293,0.0313005018286978,0.0,8.0,0.0,0.0,0.0,0.0,0.0,0.0,0.0,0.0,0.0,0.0,0.0,8.0,0.0,0.0,0.0,0.8234146364247414
129,1,0.9998956444241569,1,4,0.9917441602405694,0.544578338548572,Dataset\IR_trans_bmp\p5_320\p5051.bmp,p5_320,p5051.bmp,SC320,320,0.5333333333333333,4,320,240,RGB,70b34f187be3fafbe63772bd3d47f5f324d9d2cb35a95dc6087a25f1a2bc6e28,0.4229427083333333,0.11255464564989841,0.28852301836013794,0.2705882489681244,0.3843137323856354,0.4000000059604645,0.12202870686848959,0.49019473755110454,0.5394067733852201,0.0406083360940314,0.14465349709174627,0.3779633455597039,0.05305243656039238,0.12863700091838837,2.890416257036403,8.0,0.05104365494735546,0.7957386890603177,0.9965299718520221,0.5929463106043199,0.0,0.2118096176343821,3.2958561664922112,1.5838926174496644,1.8395419001293023,1.038605997167662,0.030293701126777907,0.0,8.0,0.0,0.0,0.0,0.0,0.0,0.0,0.0,0.0,0.0,0.0,0.00098516101225294,7.999014838987747,0.0,0.0,0.0,0.8884335999145109
131,1,0.9978236175921111,1,5,0.9929293759732604,0.663251345729474,Dataset\IR_trans_bmp\p6_400\p6001.bmp,p6_400,p6001.bmp,SC400,400,0.6666666666666666,5,320,240,RGB,9bde9fe83e60a1ddf8e13ab85356e194a0b429863769c992511fdf8bdef83948,0.41278645833333333,0.12097028578638572,0.33901095390319824,0.32549020648002625,0.4588235318660736,0.46666666865348816,0.13993913014729817,0.5303867907979937,0.5562796484468642,0.06395901722434182,0.14731427630354488,0.13696048792020543,0.07150235772132874,0.18468886613845825,3.1271824986734402,7.0,0.07687212163270456,0.8246431830209061,0.975112974877451,0.6562343223422181,0.0,0.09715475364330327,2.212604882972683,1.5166235568733835,0.9112358841713457,1.304397198914895,1.9196265219859945,0.03835720143839506,7.747397640527412,0.23443315879124346,0.018169200681345025,0.0,0.0,0.0,0.0,0.0,0.003532900132483755,0.04920825184530944,0.19986120749479527,0.5208504195318907,7.226547220995521,0.0,0.0,0.0,0.840541766473179
133,1,0.9981488192825968,1,5,0.98152745729955,0.6674181600650471,Dataset\IR_trans_bmp\p6_400\p6003.bmp,p6_400,p6003.bmp,SC400,400,0.6666666666666666,5,320,240,RGB,0a5b4559d1bfcc2359cf06e3158feb2fcc840eaeca682d8a3042af8a8d92d81b,0.40846354166666665,0.10739560089257252,0.3430519998073578,0.32549020648002625,0.4627451002597809,0.47058823704719543,0.14012423197428386,0.5453851822123139,0.5594136645952343,0.07476495372218148,0.1482994468024758,0.11436311992036137,0.07152268290519714,0.18839861452579498,3.1309517178475494,9.0,0.0385718839655722,0.8266246944832403,0.9737156288296569,0.6602867575252758,0.0,0.06681542875358623,1.9751354797577303,1.7040484539368823,0.9078737647433854,1.3067261715014344,1.9965572202741473,0.04284348103283392,7.729933057060887,0.2499203060248645,0.020146636914249283,0.0,0.0,0.0,0.0,0.0,0.004590372967803634,0.053299330570608865,0.2121772394007013,0.5919030921262353,7.138029964934651,0.0,0.0,0.0,0.8031285595392017
136,1,0.9986602727241367,1,5,0.9942410846022567,0.6629282044383707,Dataset\IR_trans_bmp\p6_400\p6006.bmp,p6_400,p6006.bmp,SC400,400,0.6666666666666666,5,320,240,RGB,dedc654280a9adffe563e765f06eb8d24ef02c4628c7caaaab3bdd2f20b079f1,0.40817708333333336,0.10380247543702947,0.3344668745994568,0.3176470696926117,0.4588235318660736,0.46666666865348816,0.1365217081705729,0.5532663993530514,0.5617372043053623,0.08154012322458686,0.14827623978523752,0.13644120037068164,0.07101079821586609,0.18468881994485856,3.1106222469298572,9.0,0.037418655097613884,0.8228325870449983,0.9767665489047181,0.6518008961397059,0.0,0.13449023861171366,2.447365063161924,1.3420951894857727,0.8801837437795075,1.3265280081663902,1.8415209901748117,0.027816766619880057,7.8011994385606735,0.18731657522010975,0.011483986219216537,0.0,0.0,0.0,0.0,0.0,0.0010207987750414699,0.03700395559525328,0.16077580706903152,0.4731402322317213,7.328059206328953,0.0,0.0,0.0,0.7807896751832278
137,1,0.9981835307335105,1,5,0.9924770895449619,0.6659054574152039,Dataset\IR_trans_bmp\p6_400\p6007.bmp,p6_400,p6007.bmp,SC400,400,0.6666666666666666,5,320,240,RGB,c53e729c4d793d26a768d976ccf91a5378f9d23cdcddafdfda559757af6c617e,0.41236979166666665,0.12478686454057468,0.33089447021484375,0.3137255012989044,0.45490196347236633,0.46666666865348816,0.1364508819580078,0.528287578185717,0.555802698575559,0.06256299423723057,0.14615588229564766,0.15171552299978153,0.07383883744478226,0.1931547224521637,3.165635717894297,6.0,0.08080202083991159,0.8202173669910964,0.9773827047909007,0.6484951842064951,0.0015156299336911904,0.16191979791600883,2.5530786233028104,1.312535522576571,0.8411746131986106,1.3223871171455637,1.7760656772971266,0.031323018629617935,7.81079886327755,0.17859172718661193,0.010609409535838332,0.0,0.0,0.0,0.0,0.0,0.0015156299336911904,0.03789074834227976,0.14979475844647933,0.4503946952952321,7.360404167982318,0.0,0.0,0.0,0.86110187360222
148,1,0.9997300500576252,1,5,0.9993698523264068,0.6746520221994019,Dataset\IR_trans_bmp\p6_400\p6018.bmp,p6_400,p6018.bmp,SC400,400,0.6666666666666666,5,320,240,RGB,549022d1d03b60e40e977fc2fcfad147d749f64f90e6ceb033a618ff0ec12cb0,0.4068359375,0.11317010721715474,0.32503044605255127,0.30980393290519714,0.45490196347236633,0.4627451002597809,0.13223406473795574,0.514136108674574,0.5497057143547042,0.0516767608115177,0.14475024083626387,0.12936165162203303,0.07592014223337173,0.20407232642173767,3.255442042375863,7.0,0.07345175228036485,0.8180482320945356,0.9782213398054534,0.643371342677696,0.0033285325652104335,0.33234117458793405,2.6282605216834694,1.1278604576732276,0.8497999679948792,1.3270603296527443,1.7116338614178268,0.019715154424707955,7.8502160345655305,0.14389502320371259,0.005888942230756921,0.0,0.0,0.0,0.0,0.0,0.0,0.029700752120339253,0.12008321331413026,0.44141462634021444,7.408801408225316,0.0,0.0,0.0,0.9889267424591781
165,1,0.9998064845553961,1,6,0.9973950296169084,0.8110934472610407,Dataset\IR_trans_bmp\p7_480\p7035.bmp,p7_480,p7035.bmp,SC480,480,0.8,6,320,240,RGB,09b002faf6a8e7be46079c138a853ad4c9af8cf054db9dfcc60583f6ae5a6775,0.4147005208333333,0.002449056485289962,0.4060906171798706,0.40392157435417175,0.5215686559677124,0.545098066329956,0.16840599060058595,0.659108400104528,0.5346599300890325,0.16283977934644586,0.10806852587561296,0.26750249909883744,0.08191344141960144,0.21939756572246552,3.343676212622906,2.0,0.0015699080033910013,0.734594675415721,0.9401889576631434,0.7228935092103248,0.0,0.0,0.05902854092750165,1.5347420641150429,1.923074507833841,1.0959213790071902,2.181292976231593,1.2059405318848315,5.90436120443342,1.273760557631323,0.6824704072341361,0.12333197274639707,0.016075857954723854,0.0,0.0,0.0,0.5274890891393764,0.8462432101478853,0.721906496279318,0.523721309931238,5.380639894502182,0.0,0.0,0.0,0.9852801143181201
167,1,0.9995750708083712,1,6,0.9951007412869329,0.8062260972320902,Dataset\IR_trans_bmp\p7_480\p7037.bmp,p7_480,p7037.bmp,SC480,480,0.8,6,320,240,RGB,42ea8fb9aca7d82eb6ba46e4697f27f332a65be7467e9a7234dfffba47e6f7fd,0.4149348958333333,0.00269871654062196,0.4075091779232025,0.40392157435417175,0.5215686559677124,0.5490196347236633,0.16908977508544923,0.6773611910726208,0.534320260966609,0.18065124525315307,0.10833691669118535,0.28828849129118556,0.08164338022470474,0.21876588463783264,3.3466421682513143,2.0,0.0017259233690024164,0.7308963370722765,0.9404475791781557,0.723829740636489,0.0,0.0,0.051714940220290585,1.4650892773088147,1.97596259453353,1.1081055637493331,2.1552075815106537,1.2439200426773778,5.8849593623497665,1.2622462108136945,0.701415257162582,0.13355508833589608,0.017824081338061317,0.0,0.0,0.0,0.5575673894624533,0.8613299024068786,0.6961433457809019,0.5136347946151191,5.371324567734647,0.0,0.0,0.0,0.9056722155493115
170,1,0.9999363924561906,1,6,0.9956780217619543,0.7902636485632991,Dataset\IR_trans_bmp\p7_480\p7040.bmp,p7_480,p7040.bmp,SC480,480,0.8,6,320,240,RGB,ce687404459aac765817351cd414b9ec26bc50e20927ddca9f2640ad909f58c8,0.4154817708333333,0.002444451408693472,0.40517687797546387,0.40392157435417175,0.5215686559677124,0.545098066329956,0.16834360758463543,0.6624901165846138,0.5417535123532601,0.16776887012051794,0.10628493704567044,0.27593191102913317,0.08043409883975983,0.21572184562683105,3.3494165948805934,2.0,0.0015982951518380393,0.7352926584595408,0.9408106186810662,0.7220539766199449,0.0,0.0,0.06292895421354477,1.5674574571437525,1.9159484784856937,1.0865899902848726,2.1726785546397567,1.1943965652323796,5.930113761007866,1.2565733805509418,0.6736657369394214,0.12385220470713591,0.015794916794634743,0.0,0.0,0.0,0.5332664765426682,0.8243442289009371,0.7122755335485287,0.5224858190479175,5.407627941959949,0.0,0.0,0.0,0.9840928688220336
173,1,0.999558839355491,1,6,0.9959849008468938,0.784247010662665,Dataset\IR_trans_bmp\p7_480\p7043.bmp,p7_480,p7043.bmp,SC480,480,0.8,6,320,240,RGB,636b211f54d08830830796096b886c825851748441b64eab4456e6b96f2af9dc,0.4141796875,0.002955138482819328,0.4084527790546417,0.40784314274787903,0.5254902243614197,0.5490196347236633,0.16917284647623698,0.670216689327582,0.5370785614784612,0.1742083265718221,0.10867502777440081,0.2865358392530927,0.08215583115816116,0.21974784135818481,3.354541916431588,2.0,0.001854820962620642,0.7290644299384602,0.9400050144569546,0.7249783385033701,0.0,0.0,0.048539721462479174,1.4481436071552076,1.974032506523311,1.0844729479078248,2.179508944009557,1.2653022729416203,5.86576126253576,1.2650507717941464,0.7084787324342168,0.1426011506177497,0.018108082618126947,0.0,0.0,0.0,0.5721651105033166,0.8727089817347292,0.6893646452261939,0.514822848879248,5.350938413656512,0.0,0.0,0.0,0.9407600608993633
182,1,0.9994288979467841,1,6,0.999033121766778,0.7972847696019592,Dataset\IR_trans_bmp\p7_480\p7052.bmp,p7_480,p7052.bmp,SC480,480,0.8,6,320,240,RGB,8b2eb6c5544c03828360accd8d830622167d3b7f7b4661f21144f5ea92241a51,0.41703125,0.002466591732234295,0.4072982668876648,0.40784314274787903,0.5215686559677124,0.5490196347236633,0.16985610961914063,0.6737783984023789,0.5518986271288716,0.18136261811398058,0.09884229997195056,0.2860376631455472,0.0801582783460617,0.21600688993930817,3.351004109103921,2.0,0.0018109154489821407,0.732839573695007,0.9403907327090992,0.7239365521599265,0.0,0.0,0.0469589109529162,1.4817035094292494,1.9722742600224803,1.0783064818284,2.1935806169601597,1.227176220806794,5.889097040089921,1.266142125640065,0.6799050830523292,0.1488697389783939,0.01598601223929062,0.0,0.0,0.0,0.5580117397277382,0.8110403397027601,0.7418508804795804,0.5207943049831397,5.368302735106782,0.0,0.0,0.0,0.916199214296021
184,1,0.9999439276698788,1,7,0.9984393731104428,0.9307488029444126,Dataset\IR_trans_bmp\p8_560\p8054.bmp,p8_560,p8054.bmp,SC560,560,0.9333333333333333,7,320,240,RGB,9eadb20506408f3549ea91e82b3b6eee938a4553c32c33d39502ac81cdce763c,0.41768229166666665,0.11652846187418169,0.4784262478351593,0.45098039507865906,0.6627451181411743,0.7098039388656616,0.19983016967773437,0.5027405165863861,0.5475136682140501,0.04759263701787383,0.14477905100615882,0.7417922680370446,0.10831456631422043,0.26902073323726655,3.8384810437316705,8.0,0.042833094332564374,0.5944170392425366,0.9578423593558517,0.7839703129787071,0.0,0.0,0.003242097387617682,0.24465365671176506,1.7966207369536755,1.6060851674044516,1.5961094831348588,2.7532888584076316,4.654155495978553,0.7526653781407818,0.7693746492923499,0.9751231373527028,0.5531516927489245,0.21347964336928738,0.07506702412868632,0.006982978988715007,2.4225949248706278,0.4187293472161606,0.5045202319346592,0.464368102749548,4.189787393229004,0.0,0.0,0.0,0.8486163095945022
187,1,0.9988027950369929,1,7,0.9151774306476005,0.9103867192075187,Dataset\IR_trans_bmp\p8_560\p8057.bmp,p8_560,p8057.bmp,SC560,560,0.9333333333333333,7,320,240,RGB,8287b34f880f4f8b9ca9adcb373030fbaa2f718e2a2fcc45af923cd9f6b049ec,0.4199088541666667,0.11445316133833608,0.47550901770591736,0.45098039507865906,0.658823549747467,0.7098039388656616,0.19967044830322267,0.5424729157269172,0.5529560298637324,0.06788438457608885,0.14476492254910728,0.7170403511439458,0.10981003195047379,0.2731056272983551,3.8560283260836345,8.0,0.042543954851313216,0.5951674051124957,0.958091646082261,0.7811992570465687,0.0,0.0,0.004713324444168812,0.31827343483518866,1.9004620298303823,1.4789915966386555,1.565319854879221,2.7322397593723835,4.660733666160191,0.771744860305746,0.7573568172656516,0.9776427176036466,0.544016868740116,0.21011504232689385,0.072436354615647,0.005953672982107972,2.4047877453564452,0.41948587553102423,0.5149927129523396,0.42667989705107134,4.23405376910912,0.0,0.0,0.0,0.83984555870791
193,1,0.9999527055991105,1,7,0.9968976999227972,0.896102691671898,Dataset\IR_trans_bmp\p8_560\p8063.bmp,p8_560,p8063.bmp,SC560,560,0.9333333333333333,7,320,240,RGB,de4aadea4e416b0c3d031516b4b01b5ba9593ce4848dc91215c5f2e525dcf07d,0.4199609375,0.1306545127585031,0.482826828956604,0.45490196347236633,0.6705882549285889,0.7215686440467834,0.20276840209960936,0.48216238258233596,0.5432838184785299,0.04681527034228553,0.14272592237610907,0.7309419416756776,0.10985886305570602,0.27197715640068054,3.8495547915880723,7.0,0.0819148606331194,0.5879498273966699,0.9575784122242647,0.7876014859068627,0.0,0.0,0.0014882336526834713,0.22025858059715375,1.7382569063342945,1.6437540693888941,1.5673580752178091,2.828884134809165,4.545561653179549,0.8155520416705423,0.7332031128887235,0.9534616934858773,0.6334914581589309,0.23067621616593806,0.08086069512913527,0.007193129321303444,2.474436486528385,0.44547794003658575,0.5345239202554801,0.39983877468762596,4.145722878491923,0.0,0.0,0.0,0.9305969198821432
195,1,0.9999402968138924,1,7,0.9983304218618914,0.9175815133469103,Dataset\IR_trans_bmp\p8_560\p8065.bmp,p8_560,p8065.bmp,SC560,560,0.9333333333333333,7,320,240,RGB,dadc24c55799bea2cf6bc2fa99a5c54bb6424775e47ae11fd75c4924a8282f87,0.4181901041666667,0.12364168508889373,0.4797185957431793,0.45490196347236633,0.6666666865348816,0.7176470756530762,0.20061356862386068,0.49187519927666334,0.545967939910956,0.04668044436861326,0.14398089959332436,0.738699496276415,0.11099860072135925,0.2749576270580292,3.850469979902031,8.0,0.05193511224585111,0.5915123710419212,0.9581188127106312,0.7847712498085172,0.0,0.0,0.005479963882056232,0.240869321543108,1.8250770619920915,1.5632842419902233,1.5832113833795187,2.7820780272130023,4.627331319861756,0.7629604259426472,0.7517514089111685,0.9557555188840801,0.591836099262073,0.22094218015381262,0.08095401189401252,0.008469035090450541,2.4385839275150234,0.41572998723417504,0.5183547653890463,0.4503533953980758,4.17697792446368,0.0,0.0,0.0,0.8821821594439316
210,1,0.999994532643583,1,7,0.9897217016281663,0.9151110627668233,Dataset\IR_trans_bmp\p8_560\p8080.bmp,p8_560,p8080.bmp,SC560,560,0.9333333333333333,7,320,240,RGB,ebee614bd5cb5dcb6a4e15c0f350cfd0bf3b5107718ae8ec20b7aa2ac409bd1d,0.4256510416666667,0.1272560416029367,0.4819493889808655,0.45490196347236633,0.6666666865348816,0.7215686440467834,0.2051422627766927,0.5112921593291211,0.5623625863861469,0.0633766916388343,0.14652371813537574,0.744324108300966,0.10657867789268494,0.27061671018600464,3.8787184721330497,8.0,0.05191189966350566,0.5876132815909785,0.9567522834329044,0.787367098939185,0.0,0.0004894463138574488,0.006852248394004282,0.2552462526766595,1.7436524931171613,1.534414193943102,1.6313245640868768,2.828020801468339,4.542795962067911,0.805383909452432,0.7515448149281125,0.9710614866931784,0.5981033955338024,0.22147445702049556,0.09397369226063017,0.01566228204343836,2.471948608137045,0.4189660446619761,0.5640868767207097,0.45542979504435604,4.089568675435913,0.0,0.0,0.0,0.8948002712333738
214,1,0.9999237415911048,1,7,0.9992465276960774,0.9218751597972745,Dataset\IR_trans_bmp\p8_560\p8084.bmp,p8_560,p8084.bmp,SC560,560,0.9333333333333333,7,320,240,RGB,ad37f6f6fba2c8d66ba76668af39904c999c85a5deeff7ab82d1efa40e271e1c,0.4276302083333333,0.13957737044028987,0.48906591534614563,0.4627451002597809,0.6745098233222961,0.7254902124404907,0.20913935343424478,0.48897994356355434,0.5477159338206484,0.048971950994818936,0.14792303627953107,0.7392457377664066,0.11116296052932739,0.2797317445278175,3.865283059835442,8.0,0.0828512270872663,0.579987509956573,0.9559836593328738,0.7943567014208027,0.0,0.0,0.0021923147189574325,0.18439802691675294,1.634005237196273,1.5728640155897935,1.6771207600024358,2.9294196455757873,4.4180013397478834,0.8459898909932404,0.7400280129102977,0.9777723646550149,0.6460020705194568,0.2491931063881615,0.11180805066682906,0.011205164119115766,2.5633030875098957,0.43432190487790023,0.5838864868156629,0.46647585408927594,3.9520126667072653,0.0,0.0,0.0,0.9405097927058006
216,1,0.9999360341646092,1,8,0.9945787312717008,0.997732394880027,Dataset\IR_trans_bmp\p9_600\p9086.bmp,p9_600,p9086.bmp,SC600,600,1.0,8,320,240,RGB,5c95deeee5661fee4460681787974800dc3149461afb4e6c867ebe08bd255bbc,0.42173177083333335,0.22825650683874155,0.5215003490447998,0.47058823704719543,0.7490196228027344,0.8117647171020508,0.21993326822916667,0.5113461402176699,0.5501360613974785,0.05140388652904331,0.1384655297647428,0.8329468382725177,0.12550655007362366,0.3021898686885834,4.016678395099187,5.0,0.22668189817530643,0.544759739710632,0.9487006692325368,0.8200975006701899,0.0,0.0027169718114174565,0.004445953873228565,0.10373892370866653,0.8405322794776005,2.0713205100497083,1.6272191176016548,3.350026243477724,4.119423260983667,0.7990367099941338,0.6952977862854672,0.6273734910000309,0.8397912871653956,0.5258575442279786,0.2815770786378091,0.1116428417055173,2.71129087035722,0.6439223193059372,0.4836209824323073,0.4334805026397851,3.7101485072092375,0.007162925684646022,0.009138905183858717,0.0012349871870079349,0.9538216414364373
218,1,0.9999057909760387,1,8,0.9901535193509639,0.9923298741863261,Dataset\IR_trans_bmp\p9_600\p9088.bmp,p9_600,p9088.bmp,SC600,600,1.0,8,320,240,RGB,88aa76bb10aed507b501eec250d7bbe7e4b54f96521a57b06faa6fd651003d3c,0.42223958333333333,0.22816701615887505,0.521755576133728,0.47058823704719543,0.7490196228027344,0.8156862854957581,0.22030586242675781,0.5031122429184155,0.5476273234417964,0.04772890103713597,0.13887986299300928,0.8462500993451193,0.1290692687034607,0.3098287880420685,4.02918010071579,5.0,0.22650178857777228,0.5476629587525096,0.9474611768535539,0.8202016194661458,0.0,0.0027137042062415195,0.004440606882940668,0.1117552732206735,0.8229924756383372,2.0685827063031947,1.6630072776612803,3.326507956087332,4.119156284692242,0.803749845812261,0.6974219810040706,0.6182311582582953,0.8205254718144813,0.5321327248057235,0.2837054397434316,0.1250770938694955,2.691254471444431,0.640187492290613,0.4953743678302701,0.4460342913531516,3.7071666461083015,0.008634513383495744,0.009127914148266929,0.002220303441470334,0.9823681503709558
220,1,0.9994911064690238,1,8,0.998875680420835,1.0,Dataset\IR_trans_bmp\p9_600\p9090.bmp,p9_600,p9090.bmp,SC600,600,1.0,8,320,240,RGB,2466726e2bfe4e47ae3c28c4e2e3f0b307846fdff7946bbf84b1d4c801655366,0.41889322916666666,0.23291162848528177,0.5251075029373169,0.47058823704719543,0.7529411911964417,0.8156862854957581,0.2199639892578125,0.5273833031825447,0.5512813138088177,0.05813448579927065,0.13863564532200287,0.8392285344902781,0.1289488822221756,0.31225141882896423,4.013851533579106,5.0,0.23123309813185788,0.540404804592026,0.9473444919960171,0.8237779804304535,0.0,0.002238040471231855,0.002238040471231855,0.09747909608032078,0.7462621615740884,2.083615678716857,1.6641074259426192,3.404059556743651,4.069503590189923,0.7877902458736129,0.720400360573187,0.6276460165988001,0.8290696590096671,0.5488172577787448,0.29094526126014114,0.12582760871592427,2.7423455907494327,0.6607192813403375,0.4781946473532063,0.44760809424637094,3.653476733704268,0.005968107923284946,0.010444188865748655,0.0012433558173510304,0.9375971939450519
222,1,0.9999193383192996,1,8,0.9983108507671435,1.0,Dataset\IR_trans_bmp\p9_600\p9092.bmp,p9_600,p9092.bmp,SC600,600,1.0,8,320,240,RGB,9f19408fb4d28596647b379ecfc310a88e85c30a46732ebc6c562f2994405ee5,0.422734375,0.22987124992299637,0.5219444036483765,0.47058823704719543,0.7529411911964417,0.8156862854957581,0.22064384460449218,0.5144729322149159,0.5495726292403137,0.051642146902458975,0.13861931327896543,0.830889523118524,0.13010701537132263,0.3173564225435257,4.034290317807644,5.0,0.22820797141625085,0.5466920650205133,0.9479408413756127,0.8199724982766544,0.0,0.003203351198176554,0.003203351198176554,0.11877040596316146,0.833364134787162,2.046202180742931,1.6600751555473419,3.3351814205630506,4.115567054764985,0.8099550298774102,0.6773855725990267,0.6170147230949301,0.8299143719583565,0.5421055873837245,0.2833733752233105,0.12468428509825663,2.690815006468305,0.6468305304010349,0.5014476683299451,0.4538902236185548,3.6870572291012134,0.005913879135095177,0.013306228053964147,0.0007392348918868971,0.9742826854517986
227,1,0.9999538611285839,1,8,0.9935927269461364,1.0,Dataset\IR_trans_bmp\p9_600\p9097.bmp,p9_600,p9097.bmp,SC600,600,1.0,8,320,240,RGB,2bc792fdb481e7d8c955399f0143b1a75dcd5e256b785a6679c43895e4caf128,0.4228385416666667,0.2320317792695695,0.5229756832122803,0.47058823704719543,0.7529411911964417,0.8196078538894653,0.22113428751627603,0.5175086966691687,0.5491084233729921,0.052136280124631056,0.13849876818786394,0.8154890252993804,0.13018427789211273,0.3141174018383026,4.045698309264578,5.0,0.2303689105130258,0.541373695075179,0.9483582141352634,0.8207213757084865,0.0,0.003941614830325799,0.0029562111227443492,0.12046560325183224,0.8329124838332205,2.041017429328078,1.6148303257991008,3.3838763318346987,4.098047668904354,0.7718174539631706,0.7171275481924001,0.6188335283611505,0.8228120958305105,0.5518260762456119,0.29660651598201637,0.12292911252078587,2.726365707950976,0.6587423785181992,0.47126932315082837,0.44835868694955966,3.6755558292788075,0.0059124222454886985,0.01305659912545421,0.0007390527806860873,0.9649170906978204
236,1,0.9998949210834257,1,8,0.9994029654680519,1.0,Dataset\IR_trans_bmp\p9_600\p9106.bmp,p9_600,p9106.bmp,SC600,600,1.0,8,320,240,RGB,b045a1d43770a31ced4d0117655efec58e91c8856429f2c41ddce5b3c328c6c4,0.42028645833333333,0.2344631018030857,0.5269039273262024,0.4745098054409027,0.7607843279838562,0.8235294222831726,0.22145057678222657,0.5255929462252553,0.5423401313942091,0.04947409042082232,0.13914874406615918,0.8667577310042869,0.1313687264919281,0.31747750341892245,4.038902896116171,5.0,0.2326042505731458,0.5458575626991314,0.9438149246515012,0.8245899275237438,0.0,0.0027263151372451827,0.004709089782514406,0.09690811078753331,0.7608897701220646,2.0328397050622713,1.7374062829171573,3.364520726191214,4.0399033397360435,0.8389615217795402,0.6966974409814735,0.6087118160976517,0.794101245430324,0.5564161348286759,0.29369849433050377,0.17151000681578785,2.7027696883326104,0.6429146787285458,0.5395625503438874,0.4696697440981473,3.61360679100316,0.011648801040956688,0.014375116178201872,0.005452630274490365,0.9525884156037341
240,1,0.9997430237680174,1,8,0.9995181830555324,0.9925813657637744,Dataset\IR_trans_bmp\p9_600\p9110.bmp,p9_600,p9110.bmp,SC600,600,1.0,8,320,240,RGB,251c457661a9a71f07a117a2630c4c9b057b9573378b86b4607235a5ced08c87,0.4204557291666667,0.23802297853891177,0.5288142561912537,0.4745098054409027,0.7607843279838562,0.8274509906768799,0.22234298706054687,0.5346753975760883,0.5414364710874614,0.054031142253720806,0.13934321300603542,0.8671689429481133,0.13002443313598633,0.31298962235450745,4.037849346317801,7.0,0.23616487566194916,0.5425085994784392,0.9433474073223039,0.8260089350681679,0.0,0.002972964603140194,0.004954941005233656,0.08745470874237403,0.7410114273326933,2.0335077885478925,1.7305131460778544,3.3995850236908116,4.028862531355486,0.8103806014059645,0.7249078690656839,0.5926109442259453,0.7821374376761326,0.5735344213557957,0.30819733052553344,0.17936886438945837,2.7162986590690905,0.6708990121086371,0.505403982533833,0.4684896720448422,3.60546282245827,0.011891858412560775,0.01486482301570097,0.006689170357065437,0.9232724656939788
249,1,0.9999684554643462,1,8,0.9994700189868584,1.0,Dataset\IR_trans_bmp\p9_600\p9119.bmp,p9_600,p9119.bmp,SC600,600,1.0,8,320,240,RGB,00abec21db4f96869e87900d69af98af54a7e5278c5c4982247e39ce8e3c6813,0.42022135416666667,0.24549933380844668,0.5348564982414246,0.47843137383461,0.7764706015586853,0.843137264251709,0.22475812276204427,0.5192173494945279,0.5398808730129082,0.04426952172620056,0.13981292034338733,0.8696035003346732,0.13213853538036346,0.316166889667511,4.034375767120142,9.0,0.24323738109255416,0.5309950759290983,0.9404775582107843,0.8319005031211704,0.0,0.002478852291389087,0.003966163666222539,0.0713909459920057,0.6499550708022186,1.9783720137576302,1.7716357326557803,3.5222012208347535,3.947076503578843,0.7870356025160351,0.7882750286617296,0.5750937316022682,0.7456387692498373,0.6164905648684659,0.33836333777461036,0.20202646174821057,2.7760666811266383,0.692095559755833,0.48734236048709445,0.5027112446937068,3.4974126979208626,0.019582933101973787,0.01512099897747343,0.00966752393641744,0.8730001278583566
4,2,0.00016260016846240288,0,0,0.9995931846685621,0.009864224548876588,Dataset\IR_trans_bmp\p1_Noload\p1005.bmp,p1_Noload,p1005.bmp,Healthy,0,0.0,0,320,240,RGB,eec8dca1b26e806164c42cee1d69b219c986e489dbfc0602c914fb62de799827,0.4381380208333333,0.10044875033433386,0.17387647926807404,0.16862745583057404,0.22745098173618317,0.23137255012989044,0.07618189493815104,0.6020082966180206,0.618722186245073,0.15652683503386847,0.293879028400429,0.38217809664024505,0.0519721694290638,0.1390913426876068,2.0461708552615354,43.0,0.03768314065796903,0.7360460505139228,0.9962878657322304,0.508781702378217,1.3601592915094058,4.396683408125056,2.2117744955273557,0.03138280483818241,0.0,0.0,0.0,0.0,8.0,0.0,0.0,0.0,0.0,0.0,0.0,0.0,0.0,0.0,0.0,3.6487265594817084,4.351273440518292,0.0,0.0,0.0,0.8975292338701653
9,2,0.00036282072453382104,0,0,0.9993208859335425,0.015112867762221205,Dataset\IR_trans_bmp\p1_Noload\p1010.bmp,p1_Noload,p1010.bmp,Healthy,0,0.0,0,320,240,RGB,a6ea0b4f7f0f961523a13d00446d878732c9967c40f56a5ee6e017915255c239,0.442734375,0.12243397447208988,0.17685328423976898,0.16862745583057404,0.22745098173618317,0.239215686917305,0.07829902648925781,0.6210678181679982,0.6168536225619771,0.16826225275389742,0.29351975157419036,0.35999994876253066,0.05203646793961525,0.1373109072446823,2.058683652369058,30.0,0.04717369566496089,0.7376656132703386,0.9962429869408701,0.5119226193895527,1.0086465502029291,4.519263572731016,2.415857890712311,0.0562319863537439,0.0,0.0,0.0,0.0,8.0,0.0,0.0,0.0,0.0,0.0,0.0,0.0,0.0,0.0,0.0,3.4296806070231165,4.5703193929768835,0.0,0.0,0.0,0.9329790452302292
10,2,0.0010697569119421935,0,0,0.9989135959351713,0.0451605382459499,Dataset\IR_trans_bmp\p1_Noload\p1011.bmp,p1_Noload,p1011.bmp,Healthy,0,0.0,0,320,240,RGB,cbfcb6f6c9cc29df4cc9a7b300f6b0ec7b837c1b36376c6084158ca322685779,0.4297786458333333,0.10518980822249825,0.18129228055477142,0.1764705926179886,0.23137255012989044,0.239215686917305,0.07791554768880209,0.6267564744150722,0.6250682514177109,0.17807097270139963,0.29245955381222616,0.3562866830107008,0.051408346742391586,0.1335638165473938,2.0629606116958636,42.0,0.04023388978095555,0.739976254255412,0.995988494274663,0.5169073366651348,0.3032084103372012,4.961856575877844,2.6612536734632046,0.07368134032174993,0.0,0.0,0.0,0.0,8.0,0.0,0.0,0.0,0.0,0.0,0.0,0.0,0.0,0.0,0.0,3.0502620656224435,4.9497379343775565,0.0,0.0,0.0,0.8328701666465052
17,2,0.0003769374796136749,0,0,0.998624131719522,0.01852683945062572,Dataset\IR_trans_bmp\p1_Noload\p1018.bmp,p1_Noload,p1018.bmp,Healthy,0,0.0,0,320,240,RGB,c2fcb38ed7e3765d57646c15e57a171397bc69e45ff91eb69c7b6e5877127112,0.4366536458333333,0.11256895780527806,0.17774350941181183,0.16862745583057404,0.22745098173618317,0.239215686917305,0.07761234919230144,0.6387003738291175,0.6088244744263634,0.17629679502053114,0.29060485565199773,0.3405289387098216,0.049396026879549026,0.1254901885986328,2.0731819930421476,30.0,0.04547487699418518,0.7381501437565468,0.9960918950099571,0.5130886302274816,0.7555091695243775,4.76302370657522,2.426837632324437,0.05462949157596541,0.0,0.0,0.0,0.0,8.0,0.0,0.0,0.0,0.0,0.0,0.0,0.0,0.0,0.0,0.0,3.184016698971224,4.815983301028776,0.0,0.0,0.0,0.8694087594708272
20,2,0.0002666026533092578,0,0,0.9992731036150505,0.019995129550048563,Dataset\IR_trans_bmp\p1_Noload\p1021.bmp,p1_Noload,p1021.bmp,Healthy,0,0.0,0,320,240,RGB,68581c1876807a87affbca05210a0277525772ea4558fb9485fb44a059041183,0.41674479166666667,0.11769668187214898,0.18043138086795807,0.1764705926179886,0.22745098173618317,0.239215686917305,0.07519383748372396,0.6328525672991698,0.622930726711932,0.181002122108842,0.29391202371520997,0.36470665893218024,0.05278317257761955,0.13402360677719116,2.0549785215518503,38.0,0.038836468162219584,0.7395673357574634,0.9957919850068934,0.5162816066367953,0.33243766793726176,5.0897956633131285,2.5127788539648814,0.06498781478472786,0.0,0.0,0.0,0.0,8.0,0.0,0.0,0.0,0.0,0.0,0.0,0.0,0.0,0.0,0.0,2.8827094919702554,5.117290508029744,0.0,0.0,0.0,0.8565776878096804
24,2,0.9946217770496109,1,1,0.9965324807052818,0.11111266643725964,Dataset\IR_trans_bmp\p2_80\p2003.bmp,p2_80,p2003.bmp,SC80,80,0.13333333333333333,1,320,240,RGB,bfc00b0b9d34f3ca0047c0cfdb400832da7ac26ed4aa63190532f4c48ad6e762,0.4300130208333333,0.1403785011355034,0.1493901163339615,0.15294118225574493,0.1764705926179886,0.1882352977991104,0.06423969268798828,0.5429905716956197,0.6472431538461115,0.15339079375655465,0.2648833907883335,0.1315452338748263,0.04356702044606209,0.10768258571624756,1.7442577830357238,42.0,0.0424224072672218,0.7232694146353439,0.9962803260952818,0.4822989071116728,2.212142316426949,5.609810749432248,0.17804693414080242,0.0,0.0,0.0,0.0,0.0,8.0,0.0,0.0,0.0,0.0,0.0,0.0,0.0,0.0,0.0,0.007751703255109765,5.652929598788797,2.339318697956094,0.0,0.0,0.0,0.8130156653421223
37,2,0.9988940181481054,1,1,0.9997847710461889,0.10711211637065293,Dataset\IR_trans_bmp\p2_80\p2016.bmp,p2_80,p2016.bmp,SC80,80,0.13333333333333333,1,320,240,RGB,7cda4116b093517995f3685a91c0e1e8d24fa8acd33f22766135c11a0e182347,0.416953125,0.12360252326525514,0.14134584367275238,0.1411764770746231,0.16862745583057404,0.18039216101169586,0.058934593200683595,0.561025515887238,0.6611135716698303,0.1722837675624523,0.2513598055894806,0.13154830124051756,0.043818242847919464,0.110083669424057,1.6632998942759596,39.0,0.03772406470551496,0.7189277350569571,0.9969203574984682,0.47161117254518997,3.161576416213853,4.773468240584598,0.06495534320154893,0.0,0.0,0.0,0.0,0.0,8.0,0.0,0.0,0.0,0.0,0.0,0.0,0.0,0.0,0.0,0.03522578227468615,6.632690025607395,1.332084192117919,0.0,0.0,0.0,0.9176037896089312
38,2,0.9998130632813308,1,1,0.9997807742460368,0.1395540174394453,Dataset\IR_trans_bmp\p2_80\p2017.bmp,p2_80,p2017.bmp,SC80,80,0.13333333333333333,1,320,240,RGB,12b3b49bffcf0cbcea75666eb1e627675ef837281a442e7290aac81c73af83a9,0.4180598958333333,0.13062572024792102,0.14227953553199768,0.14509804546833038,0.16862745583057404,0.18039216101169586,0.059481366475423174,0.5645687875589467,0.6530528263655536,0.16611530930446083,0.25569889652687894,0.11765260931188734,0.044065698981285095,0.1098039448261261,1.6639304295343547,45.0,0.03896346591086056,0.7194308488728614,0.9968944474762561,0.4729880538641238,3.0473105553306135,4.881926059737752,0.07076338493163485,0.0,0.0,0.0,0.0,0.0,8.0,0.0,0.0,0.0,0.0,0.0,0.0,0.0,0.0,0.0,0.03064752234715171,6.575263961129972,1.3940885165228767,0.0,0.0,0.0,0.8981168088844071
39,2,0.9989287106922321,1,1,0.9993136823549046,0.11538113788228582,Dataset\IR_trans_bmp\p2_80\p2018.bmp,p2_80,p2018.bmp,SC80,80,0.13333333333333333,1,320,240,RGB,4c7e6fbbc3666b3d5791166fd1060f58d5b2604242205aa3aab89508d6a658b9,0.415625,0.11914160401002506,0.14107635617256165,0.1411764770746231,0.16862745583057404,0.18039216101169586,0.058634859720865885,0.5781724678040667,0.6621319965610296,0.17999366386471377,0.2536032849459144,0.11915903322652872,0.043925706297159195,0.1098039448261261,1.6422768253614484,46.0,0.03775062656641604,0.7187520458711593,0.9970055075252757,0.4713164086435355,3.216541353383459,4.722305764411027,0.061152882205513785,0.0,0.0,0.0,0.0,0.0,8.0,0.0,0.0,0.0,0.0,0.0,0.0,0.0,0.0,0.0,0.035839598997493734,6.67719298245614,1.286967418546366,0.0,0.0,0.0,0.897592716527671
44,2,0.9996686467342022,1,1,0.9999250636256506,0.1417002521563716,Dataset\IR_trans_bmp\p2_80\p2023.bmp,p2_80,p2023.bmp,SC80,80,0.13333333333333333,1,320,240,RGB,32732f6c49c9450825fc073fe5d96e069d3b7dfc681c3135dc165149758ba452,0.41270833333333334,0.13225643614336194,0.12551458179950714,0.12941177189350128,0.15294118225574493,0.16470588743686676,0.05180091540018717,0.5303990807973485,0.6497723659480712,0.15282625989994875,0.25809687779247104,0.229111758918556,0.042612213641405106,0.1065339669585228,1.6370416392673104,26.0,0.04019434628975265,0.7098273165399136,0.996388334386489,0.4478366926604626,5.781171125694094,2.2170620898536093,0.0017667844522968198,0.0,0.0,0.0,0.0,0.0,8.0,0.0,0.0,0.0,0.0,0.0,0.0,0.0,0.0,0.0,0.14462392730943968,7.355123674911661,0.5002523977788995,0.0,0.0,0.0,0.8597066897003304
50,2,0.9975727800875555,1,2,0.9895243594103073,0.2459047989795557,Dataset\IR_trans_bmp\p3_160\p3029.bmp,p3_160,p3029.bmp,SC160,160,0.26666666666666666,2,320,240,RGB,7ff3708bc9102bce0e37d264b0cb9acaa8e8e6a1420604479e49238ccfe5caa6,0.41684895833333335,0.105203973261698,0.1881265491247177,0.1882352977991104,0.2235294133424759,0.23137255012989044,0.07842035293579101,0.5391313579782102,0.5703630354999378,0.08051223473475536,0.1679641388236988,0.17088565068831826,0.04358953237533569,0.110083669424057,1.9109227185386228,31.0,0.05435122134066346,0.7432205796907734,0.9938145656211703,0.5258482689950981,0.10570375460735928,4.994564877865933,2.8197663522209035,0.07996501530580372,0.0,0.0,0.0,0.0,8.0,0.0,0.0,0.0,0.0,0.0,0.0,0.0,0.0,0.0,0.0,1.258949209720747,6.741050790279253,0.0,0.0,0.0,0.9116693038974216
51,2,0.9981748836047809,1,2,0.9960488858990393,0.24257540106385922,Dataset\IR_trans_bmp\p3_160\p3030.bmp,p3_160,p3030.bmp,SC160,160,0.26666666666666666,2,320,240,RGB,c3a7dbff248b8a809cff8b02e848917e8ba3b4bbdb74286db07855746c20d7d4,0.4166666666666667,0.10759375,0.19472402334213257,0.19607843458652496,0.22745098173618317,0.239215686917305,0.08113501230875651,0.541989214629697,0.5701653909298099,0.08176965347579629,0.16427033127401655,0.14069963447764544,0.04297763109207153,0.10938294231891632,1.8967519437297693,28.0,0.05671875,0.7466284895742406,0.9938647101907169,0.5322168088426777,0.06175,4.3855,3.4215,0.13125,0.0,0.0,0.0,0.0,8.0,0.0,0.0,0.0,0.0,0.0,0.0,0.0,0.0,0.0,0.0,0.727,7.273,0.0,0.0,0.0,0.939970977280457
53,2,0.999406182065281,1,2,0.9983595063930217,0.28669123237151306,Dataset\IR_trans_bmp\p3_160\p3032.bmp,p3_160,p3032.bmp,SC160,160,0.26666666666666666,2,320,240,RGB,c66fa3d10afb5fe2c3abd5ce6679d80cdda4c6d51ee4f5380ba7eab611e37f4d,0.4110286458333333,0.1276332879272658,0.1913338601589203,0.1882352977991104,0.2235294133424759,0.23137255012989044,0.07864369710286458,0.4744656670853019,0.5778464107636203,0.08192719832983998,0.16958689555116288,0.16796916874601056,0.04351574555039406,0.10980391502380371,1.8791474556406378,35.0,0.0643393417176165,0.7448028052985335,0.9936985389859069,0.5290740966796875,0.07248075521905788,4.713023093737131,3.115151899135173,0.09934425190863877,0.0,0.0,0.0,0.0,8.0,0.0,0.0,0.0,0.0,0.0,0.0,0.0,0.0,0.0,0.0,1.0474229416796021,6.952577058320398,0.0,0.0,0.0,0.9267109269080192
55,2,0.9989297742097661,1,2,0.9991388087076808,0.24285204828233065,Dataset\IR_trans_bmp\p3_160\p3034.bmp,p3_160,p3034.bmp,SC160,160,0.26666666666666666,2,320,240,RGB,4b0349ab99f3715eb6b71a86e973ad336311a83d3c2c365d327fdcee9cee96ea,0.4088411458333333,0.12602312175546992,0.19083337485790253,0.1882352977991104,0.2235294133424759,0.23137255012989044,0.07802053451538087,0.47758013900569224,0.5784771474274654,0.08161686612065068,0.16711586629716085,0.1912063573302317,0.0415295772254467,0.10316035896539688,1.8623472473505918,33.0,0.06423771457689735,0.7445616482356407,0.9936678418926165,0.528614657532935,0.07133985158763018,4.785884900793019,3.0589509220038855,0.08382432561546546,0.0,0.0,0.0,0.0,8.0,0.0,0.0,0.0,0.0,0.0,0.0,0.0,0.0,0.0,0.0,1.043600114653333,6.956399885346667,0.0,0.0,0.0,0.965514948579151
67,2,0.9997837684683444,1,2,0.9990429171427642,0.25241316789935686,Dataset\IR_trans_bmp\p3_160\p3046.bmp,p3_160,p3046.bmp,SC160,160,0.26666666666666666,2,320,240,RGB,21970042015af833aaa11f4ba96e516c76206611dc2acb8654f8ba7a781535ef,0.41151041666666666,0.12400329072269332,0.20174972712993622,0.20392157137393951,0.23137255012989044,0.24313725531101227,0.08302211125691732,0.4930009697854363,0.5787883413524076,0.07909860401428008,0.15959752336419242,0.2278581138298541,0.036126647144556046,0.08663027733564377,1.8298108925707144,31.0,0.06435894190608783,0.7503264869391585,0.9942638322418811,0.5387338675704657,0.006581445386659917,3.798506518162258,3.9949373497025693,0.19997468674851285,0.0,0.0,0.0,0.0,8.0,0.0,0.0,0.0,0.0,0.0,0.0,0.0,0.0,0.0,0.0,0.3771674471585875,7.6228325528414125,0.0,0.0,0.0,0.9168530759902018
71,2,0.999753893032097,1,2,0.9997049221267039,0.2762310318466421,Dataset\IR_trans_bmp\p3_160\p3050.bmp,p3_160,p3050.bmp,SC160,160,0.26666666666666666,2,320,240,RGB,bd33e45cc7e6d417f1d0901d46df356cea06132f295d1e4af41bdb7b01bc671f,0.40772135416666666,0.12675246702647464,0.19589847326278687,0.19607843458652496,0.22745098173618317,0.239215686917305,0.07987199147542318,0.5189414105698111,0.5760622580471265,0.07838522905242935,0.15785285694585693,0.21274431235479482,0.037328604608774185,0.08768893778324127,1.9206268274623741,21.0,0.0629451026730112,0.7472374772226344,0.9940920362285539,0.5333095176547181,0.01992782550378437,4.352185993038035,3.469996487082043,0.1578896943761377,0.0,0.0,0.0,0.0,8.0,0.0,0.0,0.0,0.0,0.0,0.0,0.0,0.0,0.0,0.0,0.808354357615048,7.191645642384952,0.0,0.0,0.0,0.918928820611387
82,2,0.9998717876445956,1,3,0.9578480155396295,0.4198515829087948,Dataset\IR_trans_bmp\p4_240\p4004.bmp,p4_240,p4004.bmp,SC240,240,0.4,3,320,240,RGB,7b427b7e4a828cbc3929dc94cc72970e9cd48135d267578af5e4f9994cb3f5c8,0.41381510416666667,0.12221138416034738,0.26326102018356323,0.250980406999588,0.32549020648002625,0.3294117748737335,0.10894138336181641,0.5443863237373743,0.5706141473024197,0.0834056564878355,0.14709358908266493,0.26512726794269087,0.03867340832948685,0.0954158753156662,2.431579271849349,10.0,0.056102702872785626,0.7814115385769466,0.9956441841873468,0.5784986907360601,0.0,0.23032629558541268,3.8271923476290866,2.631257669676851,1.2993927189201095,0.011830968188540323,0.0,0.0,8.0,0.0,0.0,0.0,0.0,0.0,0.0,0.0,0.0,0.0,0.0,0.0,8.0,0.0,0.0,0.0,0.9130452970477612
85,2,0.9998789872452305,1,3,0.9979343641137037,0.4070386054250355,Dataset\IR_trans_bmp\p4_240\p4007.bmp,p4_240,p4007.bmp,SC240,240,0.4,3,320,240,RGB,9262e4874a999c23c4c9acae161bb2c7946689c380c2a11bfc6649bd36af0e95,0.4031119791666667,0.10614037921121483,0.26209214329719543,0.250980406999588,0.32549020648002625,0.3294117748737335,0.10565247853597005,0.52536629841478,0.5693612743516728,0.07385415001850403,0.1480527124038558,0.22616050935794296,0.03994462266564369,0.09685557037591934,2.4291682752413655,9.0,0.03633838302270745,0.7807987149201292,0.995526003370098,0.5778994092754289,0.0,0.2622823734616751,3.80167318065829,2.7525436868115896,1.1778158209244485,0.005684938143996899,0.0,0.0,8.0,0.0,0.0,0.0,0.0,0.0,0.0,0.0,0.0,0.0,0.0,0.0005168125585451726,7.999483187441455,0.0,0.0,0.0,0.9035291765811385
93,2,0.999871808658799,1,3,0.9961965464837981,0.42036372898749397,Dataset\IR_trans_bmp\p4_240\p4015.bmp,p4_240,p4015.bmp,SC240,240,0.4,3,320,240,RGB,a7d9ae92a1976247ac4886a0eca34a5b379692c7df053a1353fc8503f3d638b9,0.38602864583333335,0.10277599757142375,0.25813940167427063,0.250980406999588,0.3176470696926117,0.32549020648002625,0.0996492067972819,0.5290970855939648,0.5668505171753081,0.07290838111403022,0.15116096896743006,0.16248114410563172,0.04105277359485626,0.1022619903087616,2.468196108462665,15.0,0.036698485512868084,0.7787383521735335,0.995279110179228,0.5756844913258272,0.0,0.5081121192700779,3.613991297601781,3.055688602556751,0.8200492461294566,0.0021587344419334163,0.0,0.0,8.0,0.0,0.0,0.0,0.0,0.0,0.0,0.0,0.0,0.0,0.0,0.01376193206732553,7.986238067932675,0.0,0.0,0.0,0.8962834415548049
95,2,0.9996870621968003,1,3,0.9985512725950642,0.39692576059330265,Dataset\IR_trans_bmp\p4_240\p4017.bmp,p4_240,p4017.bmp,SC240,240,0.4,3,320,240,RGB,d3b7c2218c6cd011589bd8ad824396e78be99217e6428cc0601a2ebbb8e55173,0.3943229166666667,0.12154933298111213,0.26335152983665466,0.25882354378700256,0.32549020648002625,0.3294117748737335,0.10384554545084636,0.5182038392357254,0.5695615127461282,0.07190399028183271,0.14749163285476102,0.20118173886806778,0.04115452989935875,0.1022619903087616,2.472196749125681,11.0,0.059833575485404834,0.781466180385824,0.9953951966528799,0.578364533069087,0.0,0.2850350019812442,3.6991150442477876,2.6968696341302336,1.3065645225201425,0.012415797120591732,0.0,0.0,8.0,0.0,0.0,0.0,0.0,0.0,0.0,0.0,0.0,0.0,0.0,0.0015849953770968167,7.9984150046229034,0.0,0.0,0.0,0.9838158664596746
98,2,0.9997503924263051,1,3,0.9987146023635368,0.3995064441777021,Dataset\IR_trans_bmp\p4_240\p4020.bmp,p4_240,p4020.bmp,SC240,240,0.4,3,320,240,RGB,6f2fac8d7f9c9fc6748ebcbacace8ba23c19ad88cf8af2cf6773ee0eb0e882e7,0.3990625,0.12411902897415818,0.26320332288742065,0.250980406999588,0.32549020648002625,0.3294117748737335,0.10503457387288412,0.5051480914130584,0.5711376230337599,0.07132365845980235,0.14858598579668772,0.22486523200187147,0.04153275862336159,0.10196083784103394,2.4778239721108846,10.0,0.060493343774471416,0.7813764177887134,0.9954045912798714,0.5782128427542892,0.0,0.2680762203080136,3.7608979378752285,2.6452623335943617,1.3093187157400157,0.01644479248238058,0.0,0.0,8.0,0.0,0.0,0.0,0.0,0.0,0.0,0.0,0.0,0.0,0.0,0.0005220569042025581,7.999477943095798,0.0,0.0,0.0,0.9971336253283468
105,2,0.999773100829959,1,4,0.9858845805942535,0.5159224696159426,Dataset\IR_trans_bmp\p5_320\p5027.bmp,p5_320,p5027.bmp,SC320,320,0.5333333333333333,4,320,240,RGB,2a9be2ef5b478484613ea951bd1376ef5cdd84646dd99bbc7cdeec23d942d7c3,0.405546875,0.11035124895652733,0.2886084020137787,0.2705882489681244,0.3843137323856354,0.3960784375667572,0.11704423268636067,0.5502773500716651,0.5295814302225158,0.058334149040149164,0.14156301098226112,0.36101625201532594,0.051882658153772354,0.1254901885986328,2.8699518239533273,8.0,0.05172413793103448,0.7957661378317039,0.9966872271369486,0.5926489138135723,0.0,0.186219739292365,3.3239581326655108,1.5722083092531947,1.8562897322288576,1.0394914274706222,0.021832659089449688,0.0,8.0,0.0,0.0,0.0,0.0,0.0,0.0,0.0,0.0,0.0,0.0,0.0010274192512682205,7.998972580748732,0.0,0.0,0.0,0.9678666197002996
108,2,0.99896166267615,1,4,0.9955866807732495,0.5308435353002448,Dataset\IR_trans_bmp\p5_320\p5030.bmp,p5_320,p5030.bmp,SC320,320,0.5333333333333333,4,320,240,RGB,c2bdf01b0790d04797632f561afdf5533d7a34a7d2adac95214bf59a746886fc,0.400078125,0.11657879320445226,0.29506611824035645,0.27843138575553894,0.38823530077934265,0.40392157435417175,0.11804949442545573,0.540241619349118,0.5325506712572073,0.051758420833078835,0.14047798272548606,0.34313046638319705,0.053075168281793594,0.12863700091838837,2.814220079202349,8.0,0.057378116253335935,0.799362523595714,0.9969429764093137,0.5975737328622855,0.0,0.08956584000520731,3.1624031764629303,1.5994271952092691,1.826986916617848,1.2950595586799454,0.026557313024799845,0.0,8.0,0.0,0.0,0.0,0.0,0.0,0.0,0.0,0.0,0.0,0.0,0.0005207316279372519,7.999479268372062,0.0,0.0,0.0,0.9358912801478718
110,2,0.9995823093483176,1,4,0.9982702162816063,0.5287125644899959,Dataset\IR_trans_bmp\p5_320\p5032.bmp,p5_320,p5032.bmp,SC320,320,0.5333333333333333,4,320,240,RGB,4dae0f2559a65c89518d48b6b204b75b1ebb167cf628472fed87c35ec9be4661,0.3997265625,0.11257695690413369,0.29467615485191345,0.27843138575553894,0.38823530077934265,0.4000000059604645,0.1177898915608724,0.546120246480002,0.5336008715785062,0.05706220908982937,0.14046085275391815,0.34032501924954084,0.05265146121382713,0.12573504447937012,2.8072823448402247,8.0,0.056386201504935014,0.799170552685274,0.9969935996859681,0.5971521115770527,0.0,0.09615948402228086,3.1865533079253394,1.5794651291573016,1.8322420925763054,1.2829082380533567,0.022671748265415813,0.0,8.0,0.0,0.0,0.0,0.0,0.0,0.0,0.0,0.0,0.0,0.0,0.0,8.0,0.0,0.0,0.0,0.9798336310903291
122,2,0.9998365853691145,1,4,0.990378360167026,0.5262338877899102,Dataset\IR_trans_bmp\p5_320\p5044.bmp,p5_320,p5044.bmp,SC320,320,0.5333333333333333,4,320,240,RGB,ea91064017a653365c6316adedfd735e43d0911f9f7d1122b825ae1e561a1ad6,0.40747395833333333,0.1190643573848022,0.2885988652706146,0.2705882489681244,0.3843137323856354,0.4000000059604645,0.11759652455647786,0.5291013185364051,0.5370997460357566,0.04715164786595429,0.14179739491459664,0.37010556789682164,0.054125066846609116,0.13413826674222945,2.891562827836976,10.0,0.05480283760465265,0.7957704000632856,0.9965157901539522,0.593065029967065,0.0,0.19888796574423212,3.284207835367802,1.5908480858950598,1.7902473317568863,1.1102447753562983,0.025564005879721352,0.0,8.0,0.0,0.0,0.0,0.0,0.0,0.0,0.0,0.0,0.0,0.0,0.0012782002939860676,7.998721799706014,0.0,0.0,0.0,0.886905521864235
127,2,0.9996727365375628,1,4,0.9511981716830105,0.5388364142448799,Dataset\IR_trans_bmp\p5_320\p5049.bmp,p5_320,p5049.bmp,SC320,320,0.5333333333333333,4,320,240,RGB,a6ade9b1d73ad3f971e97b3372255d8cbaa1327c6ef32418b83a6df50dfac1fc,0.4158854166666667,0.1160926737633062,0.2991763949394226,0.2823529541492462,0.3921568691730499,0.40784314274787903,0.12442310333251953,0.5413372780119764,0.539648913163682,0.05727832808751164,0.1450082165262559,0.36497437321390963,0.05157224088907242,0.12573504447937012,2.7968851438297526,7.0,0.05309956167814652,0.8016191194843314,0.9970682779947917,0.6013769411573223,0.0,0.03907326236693801,3.0103944896681276,1.747025673137132,1.6911709455228554,1.471008140262993,0.041327489041953665,0.0,8.0,0.0,0.0,0.0,0.0,0.0,0.0,0.0,0.0,0.0,0.0,0.0,8.0,0.0,0.0,0.0,0.9634092102142756
140,2,0.9997455705597654,1,5,0.9991252584086938,0.663745718941448,Dataset\IR_trans_bmp\p6_400\p6010.bmp,p6_400,p6010.bmp,SC400,400,0.6666666666666666,5,320,240,RGB,c2af62265426685801b823df06e8a458140a97c550d313671be0cbb20dacfae3,0.41802083333333334,0.10802392225267879,0.32278749346733093,0.30588236451148987,0.45490196347236633,0.4627451002597809,0.13493189493815105,0.509417718729976,0.5484798547710502,0.04938612907182603,0.1473524096689421,0.17110130425104667,0.07508125901222229,0.20003843307495117,3.259276608967481,8.0,0.04513456267131821,0.8160695337050454,0.9787229650160846,0.641116512522978,0.00398704211313232,0.3573386493894842,2.647894343384002,1.172439571392973,0.8497383503613257,1.3010216795414902,1.6426613506105159,0.024919013207076998,7.839770745078495,0.15325193122352354,0.00697732369798156,0.0,0.0,0.0,0.0,0.0,0.0,0.03314228756541241,0.1270869673560927,0.4134064291054074,7.426364315973087,0.0,0.0,0.0,0.9785549355832894
145,2,0.9996174646741379,1,5,0.9987744031638468,0.6530114540612006,Dataset\IR_trans_bmp\p6_400\p6015.bmp,p6_400,p6015.bmp,SC400,400,0.6666666666666666,5,320,240,RGB,b62149a7a3a4176cee4603658a2ae0ecb88f8bc2e194fe1f6adf658f6b1962d5,0.40997395833333333,0.11027123165851489,0.32473915815353394,0.30980393290519714,0.45490196347236633,0.4627451002597809,0.13313460032145183,0.5030393800546162,0.5489660229364801,0.0490602612440282,0.14593673866473628,0.15194625589530952,0.07343734800815582,0.19347292184829712,3.242844641943302,7.0,0.04960935018738487,0.8176270383696317,0.9784495634191176,0.642909330480239,0.0025408117893667027,0.28075970272502065,2.7003747697389318,1.1230388109000826,0.8788667979419424,1.3128374515657752,1.6804929174871372,0.021088737851743634,7.849329860890554,0.14406402845709204,0.006606110652353427,0.0,0.0,0.0,0.0,0.0,0.0,0.029473416756653752,0.12119672235279172,0.41643905227720257,7.432890808613352,0.0,0.0,0.0,0.9773558751228583
147,2,0.999868819646706,1,5,0.9991083617782991,0.6722822757297224,Dataset\IR_trans_bmp\p6_400\p6017.bmp,p6_400,p6017.bmp,SC400,400,0.6666666666666666,5,320,240,RGB,1789e321515e740b3dc14775e3beb916ed23548b29675cd2e9d984f43f96489c,0.40859375,0.11424474187380497,0.32514604926109314,0.30980393290519714,0.45490196347236633,0.4627451002597809,0.13285264333089192,0.5066159797645697,0.5476279055199205,0.04808522197577616,0.14525756117416647,0.13475634421903548,0.07686964422464371,0.205805714428425,3.2575213635940194,8.0,0.07402804333970682,0.8178922344186452,0.9780052035462623,0.6435426599839155,0.0033142128744423197,0.32734225621414914,2.6248565965583173,1.1459528362014022,0.8413001912045889,1.3210962396430848,1.71421287444232,0.02192479286169535,7.839388145315487,0.15423836838750796,0.006373486297004461,0.0,0.0,0.0,0.0,0.0,0.0005098789037603569,0.030082855321861057,0.13001912045889102,0.44384958572339067,7.395538559592097,0.0,0.0,0.0,0.9804271035966591
149,2,0.9998675442210812,1,5,0.9985208514336584,0.68457272623955,Dataset\IR_trans_bmp\p6_400\p6019.bmp,p6_400,p6019.bmp,SC400,400,0.6666666666666666,5,320,240,RGB,46018781bd7234ed1c6aa80b632e9f7293368ad4631d733012fb5869ceeae596,0.4058203125,0.1149292520935605,0.3257043659687042,0.30980393290519714,0.45490196347236633,0.4627451002597809,0.1321774419148763,0.5227223854746958,0.5458797105783828,0.05119818985488491,0.14554910050343506,0.1247297283241385,0.0770568996667862,0.2063952386379242,3.2590968839052725,7.0,0.07379600218179484,0.8181796793165154,0.977918976428462,0.6441349403530944,0.003850226200789296,0.30981486829017874,2.616870407803125,1.158661404690859,0.8167613180607695,1.358616485385183,1.7133506593512369,0.022074630217858632,7.839060544807007,0.15246895755125614,0.008470497641736453,0.0,0.0,0.0,0.0,0.0,0.0,0.03259858183334938,0.12834087335964323,0.4435460583309269,7.39551448647608,0.0,0.0,0.0,0.974779211975834
153,2,0.9998754329468834,1,5,0.9858695023582782,0.6428943626421711,Dataset\IR_trans_bmp\p6_400\p6023.bmp,p6_400,p6023.bmp,SC400,400,0.6666666666666666,5,320,240,RGB,aed879b11ce5f171bcbf922188db5a7ea27ff55d4384d28f34dbcee81df5ad73,0.39697916666666666,0.12037522959853057,0.3214628994464874,0.30588236451148987,0.45098039507865906,0.4627451002597809,0.12761407216389975,0.5380973442434581,0.5577593033183933,0.06919208595085648,0.1438416882457121,0.13166742490913633,0.07844456285238266,0.20788013190031052,3.2806798600399993,7.0,0.07297953293098924,0.8149351833918907,0.9796827727673101,0.6389655019722733,0.009971136184728419,0.45368669640514303,2.555497244817633,1.0923642088690633,0.8958278667016532,1.3749672002099187,1.5922330097087378,0.02545263710312254,7.854106533718184,0.13670952505903963,0.009183941222776174,0.0,0.0,0.0,0.0,0.0,0.0,0.034374180005247966,0.11151928627656783,0.3783783783783784,7.475728155339806,0.0,0.0,0.0,0.8473067161868617
156,2,0.9998669149270031,1,6,0.9967075857890876,0.8051682667080828,Dataset\IR_trans_bmp\p7_480\p7026.bmp,p7_480,p7026.bmp,SC480,480,0.8,6,320,240,RGB,d5e022877677e2057cc006cca165de6e804ea6cdc432512bf725aa68474afbd1,0.42130208333333335,0.001947088638892323,0.40676870942115784,0.40784314274787903,0.5215686559677124,0.545098066329956,0.17137250264485676,0.6494484419804042,0.5277130633413757,0.15199621932842058,0.11044365767349748,0.24474005613062033,0.0796089917421341,0.21572190523147583,3.3391407591394198,2.0,0.001174434417109655,0.7343556494686191,0.9396933162913603,0.7235292920879289,0.0,0.0,0.05933984423290889,1.48769934478922,1.9695883298306343,1.0606997156632463,2.2101619483248856,1.212510817159105,5.890715786871059,1.2802571393250093,0.696995920385709,0.11991593522067004,0.012115218197552232,0.0,0.0,0.0,0.5241686240573619,0.8535047595500062,0.7316108295215725,0.5308443565335641,5.3598714303374955,0.0,0.0,0.0,0.933292654508073
158,2,0.999837696490887,1,6,0.9866689902280132,0.7991176681747125,Dataset\IR_trans_bmp\p7_480\p7028.bmp,p7_480,p7028.bmp,SC480,480,0.8,6,320,240,RGB,473d8e679d443b8fdfb72b2c2d4d542bac903b51586fa28d5d107ea7287637bb,0.424765625,0.002820182698792226,0.4089224338531494,0.40784314274787903,0.5254902243614197,0.5490196347236633,0.17369618733723957,0.6452352001047116,0.5245339566029746,0.14729283205931054,0.11145724811961255,0.2878775844228746,0.08062512427568436,0.2153651863336563,3.349617451025006,2.0,0.0016553246275519589,0.7291259765625,0.940171843884038,0.7249265184589461,0.0,0.0,0.037275458279688554,1.424314879529152,2.0084605480963766,1.095457053522163,2.1676169456195207,1.2668751149530992,5.86303721414996,1.2629513825026055,0.7209858377781865,0.13585923609833855,0.0171663294709092,0.0,0.0,0.0,0.5762982036662375,0.8710686040095641,0.6895959781742382,0.5081233523389124,5.354913861811048,0.0,0.0,0.0,0.9041289779137069
163,2,0.9997615643331768,1,6,0.9936791077744012,0.7987112266632692,Dataset\IR_trans_bmp\p7_480\p7033.bmp,p7_480,p7033.bmp,SC480,480,0.8,6,320,240,RGB,90d3243eda4b8e91f945629b30d67ce014f269ec75a0004f6ffe116993bf9481,0.41727864583333335,0.002371516834649109,0.40740495920181274,0.40784314274787903,0.5215686559677124,0.545098066329956,0.17000138600667317,0.6547750006001368,0.5321710372636639,0.15808313145112102,0.10882788874062843,0.2622644897856974,0.07829117029905319,0.21176474988460542,3.33187003501698,2.0,0.0014665959372172123,0.7314842692966568,0.9394105799057905,0.7242339489506741,0.0,0.0,0.04468436983180953,1.471838237588542,1.9800917402564984,1.0654351421349892,2.1980216556932004,1.2399288544949605,5.878116516366586,1.2841139576247387,0.7032171498112147,0.1218210752956595,0.01273130090180048,0.0,0.0,0.0,0.5419540050550754,0.8717196617468094,0.7082098168315287,0.5294723375042906,5.348644178862296,0.0,0.0,0.0,0.9424836069616255
171,2,0.9999323437610684,1,6,0.9962830171584467,0.799511620138259,Dataset\IR_trans_bmp\p7_480\p7041.bmp,p7_480,p7041.bmp,SC480,480,0.8,6,320,240,RGB,9f66f4a6c4177dab1531599190f82af292c19e5524765cb109f1ed1024e87576,0.41725260416666665,0.002746138243095647,0.4082203209400177,0.40784314274787903,0.5254902243614197,0.5490196347236633,0.17033098856608073,0.654583484465262,0.5385725078350624,0.15932323129445958,0.10813856676612672,0.28888683805869675,0.08209367841482162,0.21880807578563705,3.358062819699949,2.0,0.0017475425183335934,0.7285688176501397,0.9404909021714154,0.7244961009306066,0.0,0.0,0.0486815415821501,1.4591980028085505,1.965735684194102,1.0994538929630207,2.15946325479794,1.2674676236542362,5.873989701981588,1.2467467623654236,0.7164924325167733,0.14454673115930722,0.018224371976907475,0.0,0.0,0.0,0.5731939460134187,0.869027929474177,0.6837884225308161,0.514526447183648,5.359463254797941,0.0,0.0,0.0,0.9542603833184599
177,2,0.9999066174202663,1,6,0.9895386030234137,0.7792771758251154,Dataset\IR_trans_bmp\p7_480\p7047.bmp,p7_480,p7047.bmp,SC480,480,0.8,6,320,240,RGB,cb70ad6596f7ebfae60adef4a9a86bf916b30ed7702854ef67df51cc3d405810,0.4144010416666667,0.0042103940174699934,0.407917320728302,0.40784314274787903,0.5254902243614197,0.5529412031173706,0.16904136657714844,0.6479414794057675,0.5573728946202494,0.15867681105276024,0.09614593401805353,0.2981426231495287,0.08282846957445145,0.22183741629123688,3.3577519051100486,3.0,0.0028278765788977566,0.7279944393221892,0.9400191961550245,0.725245875938266,0.0,0.0,0.04876516056054798,1.6024633947087288,1.8128574121787218,1.0600138251743858,2.203984163891158,1.2719160434864576,5.85684660340602,1.2580908691007353,0.713378998303274,0.14679821529567022,0.024885313894300258,0.0,0.0,0.0,0.5854332935335889,0.8423301703010118,0.7153899327593791,0.5220888581662791,5.334757745239741,0.0,0.0,0.0,0.9406288815468067
180,2,0.9992369221982733,1,6,0.9941885560840851,0.8007279634890664,Dataset\IR_trans_bmp\p7_480\p7050.bmp,p7_480,p7050.bmp,SC480,480,0.8,6,320,240,RGB,35587984f14070bb5d8fc3712b5920a7ece4556622668d979e48286dd4ca42cb,0.4168359375,0.002436510167744354,0.4042397141456604,0.40392157435417175,0.5176470875740051,0.545098066329956,0.16850163777669272,0.671216268265849,0.536178939753269,0.17499693197468877,0.10659343674861087,0.26700321967582746,0.08170368522405624,0.2179206758737564,3.348692818072425,2.0,0.0015931028019866929,0.7392994971248691,0.9406497132544424,0.7215033437691483,0.0,0.0,0.07347015275044513,1.619841939212195,1.875737981445038,1.0450754381032705,2.229094430387655,1.1567800581013963,5.93483897166776,1.2754818355043265,0.6382407147096492,0.1359447724361978,0.01549370568206666,0.0,0.0,0.0,0.5192890388279762,0.7866804110829976,0.7591915784212664,0.5297847749351826,5.405054196732578,0.0,0.0,0.0,0.9317884074172075
191,2,0.9999747033024525,1,7,0.9972019364429965,0.9307535141334021,Dataset\IR_trans_bmp\p8_560\p8061.bmp,p8_560,p8061.bmp,SC560,560,0.9333333333333333,7,320,240,RGB,ea509bd5a956be8dbb7444aea0bdc3d71cb200866dcd59f8798525259e06a011,0.41921875,0.12880482047459313,0.48283734917640686,0.45490196347236633,0.6666666865348816,0.7176470756530762,0.20241447448730468,0.5068373850999763,0.547087011404882,0.047580841502109526,0.1422645966471327,0.7195686918933233,0.11002197116613388,0.2712978571653366,3.845907148883665,8.0,0.05590756615728662,0.5883617294567257,0.9575922348920036,0.788197416417739,0.0,0.0,0.0024847807181016274,0.2221393961982855,1.6578456951174059,1.7087836998384893,1.5823083612871165,2.8264380668406015,4.5444154553360665,0.8169959001118151,0.7372344390607529,0.9700583923468754,0.622934526028078,0.22760591377810907,0.07528885575847931,0.00546651757982358,2.477574854019133,0.4368244502422661,0.5411852404025345,0.4010436079016027,4.143371847434464,0.0,0.0,0.0,0.9119977043727269
194,2,0.9999574070932249,1,7,0.9965557603152978,0.924412392482596,Dataset\IR_trans_bmp\p8_560\p8064.bmp,p8_560,p8064.bmp,SC560,560,0.9333333333333333,7,320,240,RGB,794a541c4afdd647fa06207d08a24c277c89fdcb6b73cdf179a687b3b7835f4a,0.4199609375,0.11983381390878368,0.4770008623600006,0.45098039507865906,0.6627451181411743,0.7098039388656616,0.2003217315673828,0.5117425591742939,0.5462351328892244,0.0477029895210566,0.14387179845084086,0.7210758235325256,0.11254671216011047,0.28341846466064446,3.85659437800856,7.0,0.0501038663070102,0.5929431595615835,0.9582371730430453,0.7822785620595895,0.0,0.0,0.006200973552847797,0.29094967909961866,1.902458686013704,1.4768238613462314,1.5666139583914676,2.7569528415961306,4.651970359346417,0.7624717080581651,0.7475893715313304,0.9656156016494589,0.5801630856044399,0.2063683998387747,0.07838030570799616,0.007441168263417356,2.4111865562893375,0.42464266889901714,0.512200415465228,0.42885933091495365,4.223111028431464,0.0,0.0,0.0,0.858318890561833
196,2,0.9999673571168554,1,7,0.9965070262391024,0.9451332431905111,Dataset\IR_trans_bmp\p8_560\p8066.bmp,p8_560,p8066.bmp,SC560,560,0.9333333333333333,7,320,240,RGB,656f8e7f6d540380586fe549ec95059a3a0717a38720034ad1fad9e5b09640f1,0.4195833333333333,0.125,0.48010700941085815,0.45098039507865906,0.6666666865348816,0.7176470756530762,0.20144490559895833,0.5048881225768544,0.5448852877622449,0.04515066776722005,0.14409267040666204,0.7493755877542386,0.11156624555587769,0.27729679346084596,3.8543192256277914,9.0,0.04704568023833168,0.5929913654007726,0.9580654967064951,0.7850504557291667,0.0,0.0,0.0029791459781529296,0.2529791459781529,1.7547169811320755,1.6166832174776564,1.6017874875868918,2.7708540218470703,4.637785501489573,0.7646474677259185,0.7375868917576961,0.9515888778550149,0.5908639523336644,0.2236842105263158,0.08465739821251242,0.009185700099304866,2.432472691161867,0.4183217477656405,0.5114200595829196,0.45357497517378353,4.184210526315789,0.0,0.0,0.0,0.8771238230278411
201,2,0.9999932673895008,1,7,0.9954783496685844,0.9167042016266966,Dataset\IR_trans_bmp\p8_560\p8071.bmp,p8_560,p8071.bmp,SC560,560,0.9333333333333333,7,320,240,RGB,70b02bdb8c021dbd43fb29679e44f4a4c4ef0a6979176a1d31839461b9f3c2d2,0.4183072916666667,0.13207370976778932,0.48222610354423523,0.45490196347236633,0.6705882549285889,0.7176470756530762,0.20171869913736978,0.5137841314109266,0.5445554477987894,0.04663893445721439,0.14190762748156102,0.7412599928442171,0.09862567484378815,0.24078558385372162,3.848212086860564,5.0,0.07809873622610969,0.5916810701679251,0.9578476849724264,0.7870840633616728,0.0,0.0,0.0004980389715495238,0.22660773205503332,1.6547344829732926,1.7563344331693955,1.5683247214094502,2.793500591421279,4.565523252194485,0.8192741081989666,0.7134408267446928,0.9520014941169147,0.6282761626097242,0.23084106331320425,0.08342152773454523,0.0072215650874680945,2.444873311336612,0.43005665193301373,0.5595467845358899,0.4173566581585009,4.148166594035984,0.0,0.0,0.0,0.8426103648964659
202,2,0.9999636297189324,1,7,0.9791114564561605,0.9008314456902253,Dataset\IR_trans_bmp\p8_560\p8072.bmp,p8_560,p8072.bmp,SC560,560,0.9333333333333333,7,320,240,RGB,2392b5714990016f3c893d2895004bccfd15e4b4880386fdbf89e0009986a0d7,0.41821614583333333,0.12649833431925028,0.4781646132469177,0.45098039507865906,0.6666666865348816,0.7176470756530762,0.19997615814208985,0.5283183140433512,0.5469896352409248,0.05486303610203342,0.14218083147245603,0.7217178972227684,0.10067810863256454,0.24857918918132782,3.854489746463955,5.0,0.07500233506647155,0.5938381003267938,0.9584995643765318,0.7829770555683211,0.0,0.0,0.0007472212708988449,0.2894237055948193,1.888228151561381,1.5151156636258911,1.5524767271708335,2.754008530776176,4.6320246583019395,0.7860767769855849,0.7121018711665992,0.952458046639061,0.6092344095395249,0.22640804508235002,0.07522027460381706,0.006475917681123323,2.416015442572932,0.40773374015380304,0.5442261589713254,0.4398642548024534,4.192160403499487,0.0,0.0,0.0,0.8654934057331888
206,2,0.9999796694994117,1,7,0.9935165999569772,0.9087085756034713,Dataset\IR_trans_bmp\p8_560\p8076.bmp,p8_560,p8076.bmp,SC560,560,0.9333333333333333,7,320,240,RGB,c98f9a19d5de7d2613f2586443e40401fa85883a2de30fb711ddb10dae86227d,0.4255078125,0.1357140671379173,0.4869500696659088,0.4588235318660736,0.6705882549285889,0.7215686440467834,0.20720105489095053,0.46843206365098566,0.5553092497448385,0.06368396746962568,0.1450542507993437,0.7284463143404168,0.09417001903057098,0.23067354261875153,3.8298921385355924,5.0,0.07849077389148995,0.5837976040120897,0.9570619470932904,0.7922796511182598,0.0,0.0,0.0,0.15569631873680345,1.5581872150310596,1.7841427216255088,1.6147372930628232,2.8872364515438047,4.458153554270327,0.8357660883135959,0.7300100982282199,0.9968481287677101,0.657302855044524,0.22913797851831452,0.08445790874873772,0.008323388108571254,2.5281067352122157,0.4308577373848649,0.5828819731325928,0.4311025429174699,4.027051011352857,0.0,0.0,0.0,0.8479233946507566
223,2,0.9995385746796486,1,8,0.9992426733548132,0.9960423439371101,Dataset\IR_trans_bmp\p9_600\p9093.bmp,p9_600,p9093.bmp,SC600,600,1.0,8,320,240,RGB,6ae3eef32d4a59b33d8b0e455163386a0c65da913706f86aefb29318ddbf0082,0.4218359375,0.23036083587986542,0.5229710340499878,0.47058823704719543,0.7529411911964417,0.8156862854957581,0.2206079864501953,0.5326811797689194,0.5512815256574428,0.060809985897411545,0.138630914960037,0.8359185965050694,0.12983442842960358,0.31382349133491516,4.034381007522376,5.0,0.22866314782232922,0.5443263986257202,0.9474421482460171,0.8210101557712929,0.0,0.0029632373367904437,0.0029632373367904437,0.1155662561348273,0.8136555853937093,2.0495724912800566,1.6554619254869278,3.359817267030898,4.095193999444393,0.7983455258202921,0.7059912954903231,0.6185757940550051,0.8190881871778251,0.5454826064141741,0.2891625767818008,0.1281600148161867,2.710868290273791,0.6474673580887119,0.49140352501774853,0.46349970676297186,3.667993950057104,0.006420347563045961,0.010865203568231627,0.0014816186683952218,0.9321710363964678
234,2,0.9998202788348367,1,8,0.999650951623209,1.0,Dataset\IR_trans_bmp\p9_600\p9104.bmp,p9_600,p9104.bmp,SC600,600,1.0,8,320,240,RGB,a02440c2f7ffd324b35770b974c0bc056a17a5858313f8b072a06f1526661441,0.42041666666666666,0.23513379583746283,0.5266634821891785,0.4745098054409027,0.7607843279838562,0.8235294222831726,0.22141810099283854,0.5286407112174406,0.5434728553189601,0.05205938425129577,0.13903061631326602,0.8586672611937809,0.12903182208538055,0.3141174018383026,4.0352099693131205,5.0,0.23324454905847375,0.5457457643647433,0.9445717605890013,0.8243243647556678,0.0,0.001734390485629336,0.002973240832507433,0.09762140733399405,0.7822101090188305,2.020564915758176,1.730426164519326,3.364469772051536,4.038404360753221,0.8337462834489594,0.6974727452923687,0.6124876114965312,0.8037661050545094,0.5530227948463825,0.3002973240832507,0.160802775024777,2.7093657086223986,0.653617443012884,0.5270069375619425,0.4581268582755203,3.626858275520317,0.009167492566897919,0.009167492566897919,0.006689791873141724,0.9547868218330186
241,2,0.9995458814659134,1,8,0.9996279823130962,1.0,Dataset\IR_trans_bmp\p9_600\p9111.bmp,p9_600,p9111.bmp,SC600,600,1.0,8,320,240,RGB,0d93e518943a99a49f67b9aa4e78f986bf8fa4ca9f2aa6359dcb19c83008d51b,0.4188671875,0.241972084926482,0.5315431952476501,0.4745098054409027,0.7647058963775635,0.8313725590705872,0.22264600118001301,0.5677501746820214,0.5470696379660338,0.08249628469026894,0.1393408896072866,0.8626916981291104,0.12919816374778748,0.3100272476673126,4.03155147201483,7.0,0.23985824862445213,0.5383655398917597,0.9426278507008272,0.828897034888174,0.0,0.003978985980291585,0.004227672604059809,0.07783891323945413,0.6938356803133452,2.0282881034536353,1.74478535235786,3.447045292051354,3.992415057975069,0.7985327489197674,0.7475519910472815,0.5896359849544592,0.7766483260281638,0.5921228511921415,0.3183188784233268,0.18477416145979048,2.75022537225279,0.6754328701544966,0.5018496067642761,0.4884205290807921,3.55124498741024,0.01094221144580186,0.014423824178556996,0.007460598713046722,0.7867915064733494
246,2,0.9998065390958729,1,8,0.9988388758352432,1.0,Dataset\IR_trans_bmp\p9_600\p9116.bmp,p9_600,p9116.bmp,SC600,600,1.0,8,320,240,RGB,7ce7aad30f061874bfb28a21d3c8b1cfe39206c0203d0118cc494f8cb2c1b60f,0.4192578125,0.23888940650330756,0.5300071239471436,0.4745098054409027,0.7647058963775635,0.8313725590705872,0.22220962524414062,0.5454866929401642,0.5428739041685802,0.0625076866736354,0.1390146305227111,0.872331403898477,0.13151147961616516,0.3163128077983856,4.041071074221386,6.0,0.2367775396751452,0.5424889932131635,0.9420417935240503,0.8273989808325674,0.0,0.003975278735364452,0.003726823814404174,0.0879530420199385,0.7192769961800056,2.0003105686512,1.7796825988384732,3.4050746917606136,4.012795428429454,0.8228826982204416,0.7292151930184168,0.5858567036243362,0.7694648902139818,0.5798937855212895,0.31727693406627533,0.18261436690580451,2.710891642597596,0.6755489300909966,0.5175316003602596,0.49690984192055654,3.5658250256219137,0.013416565731855026,0.010435106680331688,0.009441286996490574,0.8692865102011955
247,2,0.9997556767690916,1,8,0.9975000536117704,0.9927255285228951,Dataset\IR_trans_bmp\p9_600\p9117.bmp,p9_600,p9117.bmp,SC600,600,1.0,8,320,240,RGB,2aa2986882fc3b34df313a54cb757f8cfa13241edd0bcf188baab33338c08aa1,0.4200130208333333,0.24431906252906346,0.533194899559021,0.47843137383461,0.772549033164978,0.8313725590705872,0.22394879659016928,0.542247115802817,0.5411872523590843,0.05900176735105082,0.1390166219550971,0.8593208730776749,0.12378852069377899,0.30511718988418596,4.024447832248249,6.0,0.24245900114703786,0.5318701973174538,0.942642271752451,0.8302926456227022,0.0,0.0019840654741606475,0.003968130948321295,0.07043432433270298,0.6795424249000217,1.9897696623988592,1.74696964999845,3.507331741947484,3.957466596397681,0.7975943206125802,0.7703134203428713,0.5798431348234492,0.7653532566574697,0.6148122888055306,0.33084291781628794,0.18377406454412995,2.7779396720091762,0.701863161484329,0.481135877483957,0.44591871531760546,3.5601574851970117,0.010416343739343399,0.014384474687664692,0.00818427008091267,0.8453634668837139
250,2,0.999310580187684,1,8,0.9780543156921763,0.9978328833313175,Dataset\IR_trans_bmp\p9_600\p9120.bmp,p9_600,p9120.bmp,SC600,600,1.0,8,320,240,RGB,462a0943529d8cd40f8b2cea920276cde8c0d70b0cfb85772986a997b8218f65,0.4169921875,0.2388758782201405,0.5298339128494263,0.4745098054409027,0.7647058963775635,0.8313725590705872,0.22093660990397135,0.48485789791788675,0.5296479243748928,0.03329087976014607,0.13756398303663983,0.8516120484603312,0.1300780028104782,0.3178454160690309,4.0547126108785045,6.0,0.23740827478532397,0.5352946020371421,0.9429450539981618,0.8267537434895833,0.0,0.003747072599531616,0.00624512099921936,0.09217798594847776,0.78064012490242,1.9367369242779078,1.7179078844652615,3.4625448868071818,3.9998750975800155,0.7913817330210773,0.7676502732240437,0.5885402029664325,0.7436690085870413,0.6095238095238096,0.31675253708040596,0.18260733801717408,2.732615144418423,0.6874629195940671,0.49111631537861045,0.44864949258391884,3.6046838407494146,0.019484777517564403,0.011740827478532397,0.004246682279469165,0.8700669399110539
252,2,0.9999770787304127,1,8,0.9997409569323119,0.9827583415844531,Dataset\IR_trans_bmp\p9_600\p9122.bmp,p9_600,p9122.bmp,SC600,600,1.0,8,320,240,RGB,b48861945fdc78772b9a05244bd37a2ab10c5936e12e7a739189448ac0e991fd,0.42020833333333335,0.24287307882994547,0.5335848927497864,0.47843137383461,0.772549033164978,0.8352941274642944,0.22421681722005207,0.5262815093722696,0.540585715675548,0.04835202220984267,0.1398343770018085,0.8676746080931506,0.13086850941181183,0.3184931844472885,4.0631368234827505,6.0,0.2407350024789291,0.5256744043787098,0.9399737189797794,0.8301447251263787,0.0,0.002974714923153198,0.0034705007436787306,0.09890927119484383,0.6923648983639068,1.9791769955379277,1.6641051065939514,3.5589985126425385,3.943480416460089,0.7518591968269708,0.8346554288547348,0.5917203767972236,0.7501239464551314,0.5949429846306395,0.3341596430342092,0.19905800694100148,2.799206742687159,0.702776400594943,0.4402578086266733,0.45290034705007437,3.541398116013882,0.021318790282597918,0.02454139811601388,0.01760039662865642,0.9119849524176151
253,2,0.9999611279531657,1,8,0.9991640445532673,0.9495952899138125,Dataset\IR_trans_bmp\p9_600\p9123.bmp,p9_600,p9123.bmp,SC600,600,1.0,8,320,240,RGB,35488e18e16fec15f565bf5cbb65fd22d05254ddac2ccd901fe75caa8f07a227,0.42139322916666666,0.24314803942774155,0.5338334441184998,0.47843137383461,0.772549033164978,0.843137264251709,0.22495379130045573,0.5377981698355068,0.5384828788588649,0.05394101971764982,0.1397289660090879,0.8679120600547946,0.12824590504169464,0.3122416734695434,4.059758704576772,6.0,0.2411086734851528,0.5249247630881198,0.9400577919155944,0.8303293863932292,0.0,0.0024719587182894047,0.0024719587182894047,0.09690078175694467,0.6926428328646912,1.9622408305781294,1.677965577974848,3.565306059388808,3.9452461143898896,0.755677780181071,0.8221734697030559,0.5915397212866546,0.7522170379754658,0.5999443809288385,0.33766956091833267,0.1955319346166919,2.8130890214133424,0.6842381732225071,0.4447053734202639,0.42987362111052746,3.5628341006705186,0.02224762846460464,0.023977999567407225,0.019034082130828415,0.5072810945859851
7,3,0.0002042242391913091,0,0,0.9989919947829989,0.0,Dataset\IR_trans_bmp\p1_Noload\p1008.bmp,p1_Noload,p1008.bmp,Healthy,0,0.0,0,320,240,RGB,ac03e057351501de9fc7b235c9cd5a673e47c8defed8c7a057d671f7f2afa499,0.437578125,0.10325537106469083,0.17401714622974396,0.16862745583057404,0.22745098173618317,0.23137255012989044,0.07614609400431314,0.6051569495215534,0.6220646426143629,0.16111412417677934,0.29401089079867365,0.38786104695592066,0.052266042679548264,0.14172007143497467,2.040771949944138,38.0,0.03805867999761947,0.7361218329914455,0.9962870878331801,0.5089740229587929,1.3642801880616557,4.4058799023983815,2.192465631137297,0.03737427840266619,0.0,0.0,0.0,0.0,8.0,0.0,0.0,0.0,0.0,0.0,0.0,0.0,0.0,0.0,0.0,3.635303219663155,4.364696780336844,0.0,0.0,0.0,0.9047880065998669
12,3,0.0005182837688763237,0,0,0.9989264636712427,0.0015891623961217238,Dataset\IR_trans_bmp\p1_Noload\p1013.bmp,p1_Noload,p1013.bmp,Healthy,0,0.0,0,320,240,RGB,ebf8c9d66f334aeed1b2f305542277121e102dcf8c5a660f16f6439c091a5315,0.43703125,0.12432963889882016,0.18411323428153992,0.1764705926179886,0.23137255012989044,0.24313725531101227,0.08046323776245118,0.6002926861333446,0.615499420015656,0.15296646336957165,0.2914875362011911,0.35078083962974876,0.05087750405073166,0.1342528760433197,2.1052983921106603,29.0,0.04868311285901561,0.7413419584988216,0.9959503772212009,0.5199273801317402,0.12966273388153973,4.938148015731141,2.829698486473603,0.10249076391371707,0.0,0.0,0.0,0.0,8.0,0.0,0.0,0.0,0.0,0.0,0.0,0.0,0.0,0.0,0.0,2.8118221904421405,5.1881778095578595,0.0,0.0,0.0,0.939828397548708
16,3,0.0007920713515116613,0,0,0.9954958480629581,0.0,Dataset\IR_trans_bmp\p1_Noload\p1017.bmp,p1_Noload,p1017.bmp,Healthy,0,0.0,0,320,240,RGB,9ca6770e988d8b8765e16963ffef2303841229edd7b7d495613bc4055737775f,0.40899739583333333,0.10786030371525898,0.17048130929470062,0.16470588743686676,0.21960784494876862,0.22745098173618317,0.06972640991210938,0.53679198814209,0.629041382232053,0.13418393614664345,0.2893348230696618,0.4472715374930978,0.04927799478173256,0.12994541227817535,1.959576452661322,35.0,0.03708891789500494,0.7341733112015538,0.9960166183172487,0.5055873496859682,1.5133551940403043,4.596606284422655,1.8681353665913216,0.021903154945719653,0.0,0.0,0.0,0.0,8.0,0.0,0.0,0.0,0.0,0.0,0.0,0.0,0.0,0.0,0.0,3.6428002928910255,4.3571997071089745,0.0,0.0,0.0,0.8209859982743752
19,3,0.0009960995849369189,0,0,0.9982419994252687,0.0,Dataset\IR_trans_bmp\p1_Noload\p1020.bmp,p1_Noload,p1020.bmp,Healthy,0,0.0,0,320,240,RGB,eb79fa66c33c514e84b095ed5ff489e4c319f36c657e400e1f675f1380f7e434,0.4332682291666667,0.1340045078888054,0.17456702888011932,0.16862745583057404,0.2235294133424759,0.23137255012989044,0.07563434600830078,0.6212833886556163,0.6109248414465258,0.1643593040071847,0.29384412833907003,0.3571157055167772,0.05062958225607872,0.13333332538604736,2.059543095125362,30.0,0.04916604057099925,0.736427349751222,0.9961653167126225,0.5095451205384498,1.2999549211119459,4.397054845980466,2.261878287002254,0.04111194590533433,0.0,0.0,0.0,0.0,8.0,0.0,0.0,0.0,0.0,0.0,0.0,0.0,0.0,0.0,0.0,3.4546055597295267,4.545394440270473,0.0,0.0,0.0,0.9204482226442452
22,3,0.9990171206882034,1,1,0.9982588072355418,0.12670401985177765,Dataset\IR_trans_bmp\p2_80\p2001.bmp,p2_80,p2001.bmp,SC80,80,0.13333333333333333,1,320,240,RGB,8668445c0e0de951dfebf0d1cdf634be053b39fe8c92e6fd49b9ae74a95c3867,0.4196875,0.1467795979151154,0.15082845091819763,0.15294118225574493,0.1764705926179886,0.1882352977991104,0.06330081303914388,0.5738441830300375,0.6327479916353533,0.15190455111876508,0.26427472690102605,0.1708854149211631,0.03995789214968681,0.0954158753156662,1.6526996342721532,27.0,0.0573343261355175,0.7240956056051414,0.996498197667739,0.48451909083946076,1.945644080416977,5.902208984859767,0.15214693472325638,0.0,0.0,0.0,0.0,0.0,8.0,0.0,0.0,0.0,0.0,0.0,0.0,0.0,0.0,0.0,0.004964010920824026,5.613551749813849,2.3814842392653266,0.0,0.0,0.0,0.7626550398534828
23,3,0.9978287803360302,1,1,0.9933329801538852,0.13445766537437215,Dataset\IR_trans_bmp\p2_80\p2002.bmp,p2_80,p2002.bmp,SC80,80,0.13333333333333333,1,320,240,RGB,ab03e34602da0754337c2ce7979ca498fcf3db869d30af09eedd40d583463203,0.42302083333333335,0.10677788721989658,0.152095764875412,0.15294118225574493,0.18039216101169586,0.1882352977991104,0.0643396759033203,0.5329196174437032,0.6575524312954925,0.16095486889112934,0.2616316160127612,0.12119772642477938,0.04180892929434776,0.1022619977593422,1.6952725827901005,23.0,0.03552080768283674,0.7247131177166987,0.9961842854817708,0.4860440721698836,1.8549618320610688,5.943856193055898,0.20118197488303374,0.0,0.0,0.0,0.0,0.0,8.0,0.0,0.0,0.0,0.0,0.0,0.0,0.0,0.0,0.0,0.005663629647869982,5.351883772469835,2.642452597882295,0.0,0.0,0.0,0.9358752872220395
25,3,0.9967036288147201,1,1,0.9878439725479099,0.15874396694314497,Dataset\IR_trans_bmp\p2_80\p2004.bmp,p2_80,p2004.bmp,SC80,80,0.13333333333333333,1,320,240,RGB,b892e986a87455515760366d40941c29f9b1a8a7e38105a5cc080ac234a3b7b4,0.4252473958333333,0.12688692244098104,0.15471363067626953,0.15294118225574493,0.18039216101169586,0.19607843458652496,0.06579156875610352,0.5089964831408702,0.653786994460985,0.15404991520363454,0.2630170504911215,0.21740210892802442,0.04435104876756668,0.110083669424057,1.719964170982908,36.0,0.04139747083499189,0.726053248570618,0.9958287856158088,0.48924856746897977,1.6331179766679935,6.039621543831716,0.32726047950029086,0.0,0.0,0.0,0.0,0.0,8.0,0.0,0.0,0.0,0.0,0.0,0.0,0.0,0.0,0.0,0.004409198077099727,4.896659420067975,3.0989313818549253,0.0,0.0,0.0,0.915296206986406
28,3,0.9997275553379749,1,1,0.9997463920855639,0.12478592390109366,Dataset\IR_trans_bmp\p2_80\p2007.bmp,p2_80,p2007.bmp,SC80,80,0.13333333333333333,1,320,240,RGB,2e06bb8ed46f0d507e4295d0c21a203ebb11a702038e18ef50a68911acd89aa6,0.41813802083333335,0.11029801015165198,0.14750108122825623,0.14509804546833038,0.1764705926179886,0.1882352977991104,0.06167580922444661,0.5317968604268377,0.677906533965586,0.18072569037259753,0.24781678706443042,0.1678890376528505,0.04358754679560661,0.10595494508743286,1.6922481765282218,44.0,0.03808426493943263,0.7223032519804032,0.9966227213541666,0.47997457466873467,2.4062529193784448,5.453492355120979,0.14025472550057608,0.0,0.0,0.0,0.0,0.0,8.0,0.0,0.0,0.0,0.0,0.0,0.0,0.0,0.0,0.0,0.009715691464515928,5.982374739202192,2.007909569333292,0.0,0.0,0.0,0.9410978864241927
29,3,0.9996396681511245,1,1,0.9997391538446343,0.12982050131346973,Dataset\IR_trans_bmp\p2_80\p2008.bmp,p2_80,p2008.bmp,SC80,80,0.13333333333333333,1,320,240,RGB,85afabf96b40b0985fa332f7d5471ac5ec037950d99527eff72ab72b40e9bc4d,0.41782552083333335,0.10985072766368538,0.1473144292831421,0.14509804546833038,0.1764705926179886,0.1882352977991104,0.06155172983805338,0.5323925107237868,0.6768947440075619,0.17983610652060808,0.247705684657962,0.1741397416992296,0.04448772221803665,0.10980391502380371,1.7027997424212566,44.0,0.03639876593225093,0.7222191155289804,0.9965795180376839,0.47970467361749386,2.4663903518339616,5.395493782916264,0.13811586524977407,0.0,0.0,0.0,0.0,0.0,8.0,0.0,0.0,0.0,0.0,0.0,0.0,0.0,0.0,0.0,0.008975038175075572,6.002804699429711,1.9882202623952132,0.0,0.0,0.0,0.9368458253997277
42,3,0.9996598457338768,1,1,0.999399658164377,0.17004360198265162,Dataset\IR_trans_bmp\p2_80\p2021.bmp,p2_80,p2021.bmp,SC80,80,0.13333333333333333,1,320,240,RGB,2d5cca377344814d78d4ac3e488f4eb3f6f89a7a9136961b315cdc02e737b10a,0.4247135416666667,0.10816113802195107,0.13226020336151123,0.12941177189350128,0.16470588743686676,0.16862745583057404,0.05617270151774088,0.5524045442972432,0.6364575885314646,0.1461742444168063,0.2552053821636692,0.09961413435962106,0.04249180480837822,0.10595497488975525,1.6627644312227565,19.0,0.04843951192593047,0.7137716708902541,0.9966927921070772,0.4579808553059896,4.4439266662578945,3.5462627996811578,0.009810534060947942,0.0,0.0,0.0,0.0,0.0,8.0,0.0,0.0,0.0,0.0,0.0,0.0,0.0,0.0,0.0,0.08167269605739162,7.053038199767,0.8652891041756086,0.0,0.0,0.0,0.8674760979495242
48,3,0.9997164586661119,1,2,0.9826060000118714,0.26860458239802304,Dataset\IR_trans_bmp\p3_160\p3027.bmp,p3_160,p3027.bmp,SC160,160,0.26666666666666666,2,320,240,RGB,362ffccd10fd1ff2612ad096c8fc7196ddce0b5d7ef9a4e0f81e19f87bf6eb52,0.4201953125,0.12302066871184655,0.20953059196472168,0.21176470816135406,0.239215686917305,0.24705882370471954,0.0880437723795573,0.5169368643761746,0.5809039304586262,0.08265774820639113,0.18764160483754336,0.05034805571659504,0.04203953593969345,0.10595494508743286,1.7701812891264117,27.0,0.054507142635803044,0.7541949735673447,0.9948018391927084,0.545562504787071,0.014378234328034457,2.666418766074804,5.053453565120387,0.2657494344767748,0.0,0.0,0.0,0.0,8.0,0.0,0.0,0.0,0.0,0.0,0.0,0.0,0.0,0.0,0.0,0.1127947692975117,7.887205230702488,0.0,0.0,0.0,0.9228310824090644
57,3,0.9988330130453786,1,2,0.9979447041615839,0.27371436921385855,Dataset\IR_trans_bmp\p3_160\p3036.bmp,p3_160,p3036.bmp,SC160,160,0.26666666666666666,2,320,240,RGB,50201039632a1ec9f4143b73d552527301c6a9bb699533a7071c9010c56c9810,0.4169140625,0.12133420781411038,0.1958448737859726,0.19607843458652496,0.22745098173618317,0.239215686917305,0.08165047963460287,0.46583147586590046,0.5780819183302202,0.0852307104958636,0.16391641920546435,0.13584257461032284,0.0428287573158741,0.10710979998111725,1.9032143543491702,34.0,0.06211936662606577,0.7471541079728963,0.9939989276960784,0.5332238290824142,0.0434741872013492,4.2424810268902835,3.565383053811799,0.14866173209656766,0.0,0.0,0.0,0.0,8.0,0.0,0.0,0.0,0.0,0.0,0.0,0.0,0.0,0.0,0.0,0.7550516880602143,7.244948311939786,0.0,0.0,0.0,0.9464137141250611
68,3,0.9987336130355864,1,2,0.998491131344198,0.251776544999971,Dataset\IR_trans_bmp\p3_160\p3047.bmp,p3_160,p3047.bmp,SC160,160,0.26666666666666666,2,320,240,RGB,39e132ef305a1b04bd3d9aedde85e8b0d71e1ddcec9d10292ace88b3c8c841cd,0.4147265625,0.11701359454962168,0.2021503448486328,0.20392157137393951,0.23137255012989044,0.24313725531101227,0.08383711496988933,0.49781851337695116,0.5732031464396262,0.07323564386654836,0.15721514613659796,0.13381942115981404,0.03552253544330597,0.08075003325939178,1.8314293291783605,27.0,0.06527267589714608,0.7504667996028282,0.9942701152726716,0.5390543619791667,0.007786254748673511,3.620357288625161,4.1761954098772405,0.19566104674892468,0.0,0.0,0.0,0.0,8.0,0.0,0.0,0.0,0.0,0.0,0.0,0.0,0.0,0.0,0.0,0.42397412954067376,7.576025870459326,0.0,0.0,0.0,0.8727883873430146
69,3,0.9997139125050444,1,2,0.9958087668842228,0.2638490137371271,Dataset\IR_trans_bmp\p3_160\p3048.bmp,p3_160,p3048.bmp,SC160,160,0.26666666666666666,2,320,240,RGB,cdc86a71307fca52ef4b6df77629062686b047750f363b565d63c9613e23bb99,0.4058072916666667,0.11233395366745813,0.20313678681850433,0.20392157137393951,0.239215686917305,0.24705882370471954,0.08243438720703125,0.5192751624651801,0.5682421421053089,0.07091207123741529,0.15236851982845676,0.21403482894871761,0.03570455312728882,0.08663027733564377,1.8831504854113685,20.0,0.05140216903035359,0.7509823591349511,0.9944663253484988,0.5396435307521447,0.002566899826734262,3.5936597574279663,4.139382660591671,0.26439068215362893,0.0,0.0,0.0,0.0,8.0,0.0,0.0,0.0,0.0,0.0,0.0,0.0,0.0,0.0,0.0,0.528267984341911,7.471732015658089,0.0,0.0,0.0,0.8455825100088512
72,3,0.999761624645435,1,2,0.9993429968875587,0.27656099803851386,Dataset\IR_trans_bmp\p3_160\p3051.bmp,p3_160,p3051.bmp,SC160,160,0.26666666666666666,2,320,240,RGB,8aebf48159a57598ed8ee13005d6370c05f26f74a2b618ee28562b3d4932f940,0.39984375,0.11938257131692068,0.19477470219135284,0.19607843458652496,0.22745098173618317,0.239215686917305,0.07787944793701172,0.5335515851867859,0.5764307333042747,0.08347074854088302,0.1547291234085115,0.2753016108090755,0.03735598921775818,0.08680761605501175,1.8913995749254162,25.0,0.05995180409013938,0.7466674463708973,0.9939725988051471,0.5323401955997242,0.023446658851113716,4.517389605314576,3.3150970431158004,0.14406669271850983,0.0,0.0,0.0,0.0,8.0,0.0,0.0,0.0,0.0,0.0,0.0,0.0,0.0,0.0,0.0,0.7956232903477921,7.204376709652208,0.0,0.0,0.0,0.9234281324545531
77,3,0.999626107619115,1,2,0.9975931034406107,0.29929100074992004,Dataset\IR_trans_bmp\p3_160\p3056.bmp,p3_160,p3056.bmp,SC160,160,0.26666666666666666,2,320,240,RGB,f3aceac590d49ff982555fea567a676e18a47219f9e513e8060dae1b66f6d007,0.40510416666666665,0.14007456929802006,0.19078461825847626,0.1882352977991104,0.2235294133424759,0.23137255012989044,0.07728764216105143,0.4356109409700043,0.5641270850504605,0.09087482577610405,0.1642141330802819,0.17544132826665174,0.04132140055298805,0.10223187506198927,1.942507933125023,24.0,0.07588711751092826,0.7446292472285265,0.9939767276539522,0.5283466413909313,0.0761121110825405,4.754692723065055,3.0606839804577013,0.108511185394703,0.0,0.0,0.0,0.0,8.0,0.0,0.0,0.0,0.0,0.0,0.0,0.0,0.0,0.0,0.0,1.1429673437901775,6.857032656209823,0.0,0.0,0.0,0.8349908798789225
80,3,0.9999449231827442,1,3,0.9975438337429369,0.405451947830943,Dataset\IR_trans_bmp\p4_240\p4002.bmp,p4_240,p4002.bmp,SC240,240,0.4,3,320,240,RGB,cca5685667c24c610a2fe29ff621247fbad88f2b0710d83dfc178caad42f9809,0.41305989583333336,0.10799735207893327,0.263411283493042,0.250980406999588,0.32549020648002625,0.3294117748737335,0.1088046391805013,0.5435806445228859,0.5623940409892912,0.07610708855292982,0.14812644446448822,0.24942253804056844,0.03658554330468178,0.08768893778324127,2.422838030654719,10.0,0.04268196576616335,0.7815475890090345,0.9958140055338541,0.5789572921453737,0.0,0.22292973552312204,3.8271285817860856,2.757368470825584,1.1827380764744821,0.009835135390725972,0.0,0.0,8.0,0.0,0.0,0.0,0.0,0.0,0.0,0.0,0.0,0.0,0.0,0.0,8.0,0.0,0.0,0.0,0.8790322316672051
86,3,0.9996846262384345,1,3,0.9996480337724887,0.39676000556730073,Dataset\IR_trans_bmp\p4_240\p4008.bmp,p4_240,p4008.bmp,SC240,240,0.4,3,320,240,RGB,2b226307a0f641380fe1e83834b843ef8402f01cde1eec759cd562de81902093,0.4111197916666667,0.12028884525242288,0.262778639793396,0.250980406999588,0.32549020648002625,0.3294117748737335,0.1080334981282552,0.5177429075578881,0.5721187436444883,0.07426926654725485,0.14542288963758848,0.24895846580094783,0.03971639648079872,0.09493111819028854,2.4278950665833072,12.0,0.05970101982643947,0.781171489694265,0.9955681894339767,0.5782041063495711,0.0,0.23614366250712612,3.8299866979160067,2.6208906061949704,1.3048710964717807,0.008107936910115918,0.0,0.0,8.0,0.0,0.0,0.0,0.0,0.0,0.0,0.0,0.0,0.0,0.0,0.0005067460568822449,7.999493253943117,0.0,0.0,0.0,0.9558030682924336
87,3,0.999880647280501,1,3,0.9983942070157265,0.41029188162309044,Dataset\IR_trans_bmp\p4_240\p4009.bmp,p4_240,p4009.bmp,SC240,240,0.4,3,320,240,RGB,130714a2f195d027126521c25b6c594c36b9db0816a7133590c998c94506e6c5,0.3996875,0.11060072973677353,0.26257917284965515,0.250980406999588,0.32549020648002625,0.3294117748737335,0.1049496078491211,0.5375487781388391,0.5703620913670743,0.07975421394050766,0.1459849680504515,0.20208852238318553,0.037222787737846375,0.09411764144897461,2.424996906389219,9.0,0.0539809747198332,0.7810420030988129,0.9954818426393995,0.5781596464269302,0.0,0.24967422465467815,3.778472765181131,2.7500651550690645,1.216836069846234,0.0049517852488923635,0.0,0.0,8.0,0.0,0.0,0.0,0.0,0.0,0.0,0.0,0.0,0.0,0.0,0.0010424811050299713,7.99895751889497,0.0,0.0,0.0,0.8756521876072461
94,3,0.9993919889521147,1,3,0.9985699806053565,0.401365138136221,Dataset\IR_trans_bmp\p4_240\p4016.bmp,p4_240,p4016.bmp,SC240,240,0.4,3,320,240,RGB,9688bdefc2e67d7e2c8d1cf05070515e2421aaf618798c9ae0a09f8544ead0e3,0.39697916666666666,0.12470480188926791,0.2584051191806793,0.250980406999588,0.3176470696926117,0.32549020648002625,0.10258145014444987,0.5171013125063151,0.5693814001237253,0.0714579146950645,0.14739058297598612,0.19215609136444017,0.041506897658109665,0.10464049130678177,2.4704779617893653,13.0,0.061991603253739175,0.7789235887580743,0.9951877967984069,0.5755837234796263,0.0,0.5875098399370244,3.5646811860404095,2.850170558908423,0.9929152453424298,0.004723169771713461,0.0,0.0,8.0,0.0,0.0,0.0,0.0,0.0,0.0,0.0,0.0,0.0,0.0,0.008921542902125426,7.991078457097875,0.0,0.0,0.0,0.975650872044434
96,3,0.9996405235414586,1,3,0.9957872907756551,0.4056925880889596,Dataset\IR_trans_bmp\p4_240\p4018.bmp,p4_240,p4018.bmp,SC240,240,0.4,3,320,240,RGB,95db78cf38399f1e093447ff906d95d113ba8ec5cef77ca8b2822058528548d2,0.39641927083333334,0.1263918541632452,0.26364636421203613,0.25882354378700256,0.32549020648002625,0.3294117748737335,0.1045145034790039,0.5182198301242882,0.5708052152354607,0.07311183703271197,0.14745603233347163,0.20903370748161185,0.041235148906707764,0.1022619903087616,2.4703967251540186,11.0,0.0622762358351125,0.7816142503109724,0.9954144047755821,0.5784657197840074,0.0,0.2685498439809493,3.7194941698144195,2.6534406306454263,1.3445886023977665,0.01392675316143866,0.0,0.0,8.0,0.0,0.0,0.0,0.0,0.0,0.0,0.0,0.0,0.0,0.0,0.0010510757102972573,7.998948924289703,0.0,0.0,0.0,0.9685209885855968
113,3,0.9999313735550658,1,4,0.9980229614896624,0.5291809430224843,Dataset\IR_trans_bmp\p5_320\p5035.bmp,p5_320,p5035.bmp,SC320,320,0.5333333333333333,4,320,240,RGB,63c8f16cf533988e4d83b91bf4ad16fbb371cbaf5713990261ad33a21b57234e,0.4025390625,0.10606501698204755,0.29830750823020935,0.2823529541492462,0.3921568691730499,0.40392157435417175,0.12008042653401693,0.5566069894609239,0.5347587828112288,0.06642683372212863,0.1411248509248966,0.3592662459114014,0.05225427821278572,0.12573504447937012,2.7896363953290852,9.0,0.05172246482290151,0.8010972518494676,0.9972518023322611,0.6002629897173714,0.0,0.049943393174834226,3.0349021510593563,1.7112728448972991,1.7578521753194243,1.4126475820798965,0.03338185346918971,0.0,8.0,0.0,0.0,0.0,0.0,0.0,0.0,0.0,0.0,0.0,0.0,0.0,8.0,0.0,0.0,0.0,0.9377954177949588
114,3,0.9997454084946679,1,4,0.9989349581177954,0.5323007369464153,Dataset\IR_trans_bmp\p5_320\p5036.bmp,p5_320,p5036.bmp,SC320,320,0.5333333333333333,4,320,240,RGB,eff8538bb307271e92a6ed16cc2b1a8410f2c09fbcafc6e88d24fcad877a1308,0.39815104166666665,0.10465040224998365,0.2983839511871338,0.2823529541492462,0.3921568691730499,0.40392157435417175,0.1188018798828125,0.5464793712225962,0.5326553785737049,0.05680409931545334,0.14204064229502208,0.3484415222576908,0.052704107016325,0.12767700254917144,2.7861168207275404,8.0,0.050951664595460786,0.8011476314267633,0.9972211052389706,0.6001488779105392,0.0,0.056772843220616126,3.0220419909739027,1.6921970043822356,1.79213813853097,1.4031002681666558,0.033749754725619724,0.0,8.0,0.0,0.0,0.0,0.0,0.0,0.0,0.0,0.0,0.0,0.0,0.0,8.0,0.0,0.0,0.0,0.977075783773212
116,3,0.9998666843816495,1,4,0.9841921478738839,0.5453515856426155,Dataset\IR_trans_bmp\p5_320\p5038.bmp,p5_320,p5038.bmp,SC320,320,0.5333333333333333,4,320,240,RGB,c3bf7a27305048fb09007d3fcea025ed5d388711c4abf823c4a85c6b9964fd72,0.4090885416666667,0.11289706537653574,0.28872281312942505,0.2705882489681244,0.3843137323856354,0.4000000059604645,0.11811319986979167,0.5280159999808467,0.5350361641365969,0.044860105353569595,0.14158889491831111,0.3764454251611576,0.05345102399587631,0.12947121262550354,2.8732118532819557,8.0,0.05356801833343943,0.7958482284119676,0.9966092577167586,0.5930033964269301,0.0,0.19657521166210454,3.317843274555987,1.569291488955376,1.8305430008275512,1.0605385447832452,0.025208479215736202,0.0,8.0,0.0,0.0,0.0,0.0,0.0,0.0,0.0,0.0,0.0,0.0,0.0007638933095677638,7.999236106690432,0.0,0.0,0.0,0.9041607243564297
117,3,0.9998422086080752,1,4,0.9967718506440852,0.5256591537261859,Dataset\IR_trans_bmp\p5_320\p5039.bmp,p5_320,p5039.bmp,SC320,320,0.5333333333333333,4,320,240,RGB,e699404db88d57af2a977c6375a2b8dab8672d9acdc91a5f235f00d6459b5b2c,0.40358072916666665,0.10114534602355219,0.2963258624076843,0.2823529541492462,0.3921568691730499,0.40392157435417175,0.1195914077758789,0.5387689187183644,0.5333508192318627,0.05114006454852719,0.14371842102054386,0.35728218070219825,0.052551500499248505,0.1257351040840149,2.8126455103940837,8.0,0.04584610421035651,0.8000755096947014,0.9969575171377144,0.5987755270565257,0.0,0.07149540248427165,3.124116793031134,1.6402645587998064,1.7930633973221488,1.3346668817551217,0.03639296660751734,0.0,8.0,0.0,0.0,0.0,0.0,0.0,0.0,0.0,0.0,0.0,0.0,0.0,8.0,0.0,0.0,0.0,0.9336395409700126
124,3,0.9997945515366826,1,4,0.9938204799639336,0.5417140703067244,Dataset\IR_trans_bmp\p5_320\p5046.bmp,p5_320,p5046.bmp,SC320,320,0.5333333333333333,4,320,240,RGB,165fb9e6cb155a2be91eb662bac513c5bee87103abbd38f6adaeaa45bf66b870,0.39938802083333336,0.10409806670361556,0.2955383062362671,0.2823529541492462,0.3921568691730499,0.40392157435417175,0.11803446451822917,0.5065832492263753,0.5281094564460974,0.028870066021254935,0.14547429601134623,0.32244930687910267,0.054334498941898346,0.1364119529724121,2.854184859604947,9.0,0.04521892217911518,0.7996913973845583,0.9965653961780024,0.598213285558364,0.0,0.11710624979623774,3.0867538225801194,1.5954096436605483,1.8173638053010792,1.3218139732011867,0.061552505460828744,0.0,8.0,0.0,0.0,0.0,0.0,0.0,0.0,0.0,0.0,0.0,0.0,0.000521631402210413,7.9994783685977895,0.0,0.0,0.0,0.8313093812583698
132,3,0.9988195649055928,1,5,0.9895738052252372,0.6533575968082637,Dataset\IR_trans_bmp\p6_400\p6002.bmp,p6_400,p6002.bmp,SC400,400,0.6666666666666666,5,320,240,RGB,c172ac8c8b89e08e00e36885cd6dd5ca4ee0223bfd0908d6410e5e4685cc46f0,0.41143229166666667,0.12155832647635927,0.3395780622959137,0.32549020648002625,0.4588235318660736,0.46666666865348816,0.13971337636311848,0.5414897820834805,0.5605414387717045,0.07339392226801035,0.1459178569309159,0.134324561813722,0.06855902075767517,0.1768622577190399,3.1118491471632854,8.0,0.06908665105386416,0.8250948090793034,0.9751803529028799,0.6567921357996324,0.0,0.06633331223495158,2.2322931831128554,1.5150325969998102,0.9015760491170327,1.3241344388885372,1.9239192353946453,0.03671118425216786,7.767327046015571,0.21849484144566111,0.014178112538768276,0.0,0.0,0.0,0.0,0.0,0.0037977087157415024,0.042281157035255396,0.1865940882334325,0.5418064434457877,7.225520602569783,0.0,0.0,0.0,0.7806693890744019
134,3,0.9985913998665968,1,5,0.9909727057758501,0.6726848085380053,Dataset\IR_trans_bmp\p6_400\p6004.bmp,p6_400,p6004.bmp,SC400,400,0.6666666666666666,5,320,240,RGB,8518767dc2b9e7f4fa1c77aaf21c6525667a5de0ae67952b458d19d4b94f37ec,0.41170572916666665,0.11967487902843227,0.3381175100803375,0.32549020648002625,0.4588235318660736,0.46666666865348816,0.13920491536458332,0.5472902181105745,0.5610812702150242,0.07724821227722045,0.14691466756792976,0.13221449982197692,0.07299700379371643,0.19147538542747497,3.129971176019494,7.0,0.07656788639741928,0.8240489426937849,0.975210391773897,0.6556695676317402,0.0005060248584711724,0.11512065530219172,2.2730636642525064,1.470508238717227,0.8777001170182486,1.3149055947373414,1.9092317910117333,0.03896391410228028,7.7614092792308425,0.2198678010057244,0.01872291976343338,0.0,0.0,0.0,0.0,0.0,0.0035421740092982067,0.04857838641323255,0.18647016034662703,0.5280369398146684,7.2333723394161735,0.0,0.0,0.0,0.8067191361958975
139,3,0.999950726343136,1,5,0.9947308501021619,0.6740689401246643,Dataset\IR_trans_bmp\p6_400\p6009.bmp,p6_400,p6009.bmp,SC400,400,0.6666666666666666,5,320,240,RGB,e02e786132001be2487cdd1c01bb019315a159cce32d403e1f74c8d7c90243d1,0.42303385416666667,0.10742097325248545,0.3223056495189667,0.30588236451148987,0.45490196347236633,0.4627451002597809,0.13634620666503905,0.5026419925614093,0.5517002533077684,0.051767715004450016,0.14754421838540457,0.18360770841272764,0.07501056045293808,0.19748513400554657,3.254380677272799,8.0,0.044938286804764686,0.8161176969219186,0.9787404378255208,0.6407649021522671,0.003939795007541014,0.36270737788174456,2.6738896241804917,1.1624857644125703,0.8485333497491458,1.281664563390686,1.6441257040844595,0.02265382129336083,7.838468404690818,0.15242081935424298,0.009110775954938595,0.0,0.0,0.0,0.0,0.0,0.0,0.031025885684385485,0.13050570962479607,0.41737203361137615,7.421096371079442,0.0,0.0,0.0,0.9543854388887494
142,3,0.9999421022179338,1,5,0.9940150046183898,0.6831430018080228,Dataset\IR_trans_bmp\p6_400\p6012.bmp,p6_400,p6012.bmp,SC400,400,0.6666666666666666,5,320,240,RGB,10f2661e6b6c1a86627e2d199e6629c3248e363109523999e38a68e2b23aa288,0.419453125,0.11358415595703732,0.32408273220062256,0.30980393290519714,0.45490196347236633,0.4627451002597809,0.13593751271565754,0.49807729180124805,0.5491771839605893,0.049214756213062705,0.14593117730134816,0.1725123110076059,0.07596681267023087,0.20187509059906006,3.2432535951961334,7.0,0.0724529707580555,0.8169146489830656,0.9781060910692402,0.6427115646063113,0.003725088470851183,0.32383435773266284,2.655491401254113,1.1925249891351586,0.8254796051406221,1.294592413236481,1.679021543428323,0.02533060160178804,7.8355994288197675,0.1559570373129695,0.008443533867262681,0.0,0.0,0.0,0.0,0.0,0.0,0.0340224747004408,0.1303780964797914,0.43856708263487926,7.397032346184888,0.0,0.0,0.0,0.9945092065972202
150,3,0.9997664472253319,1,5,0.9992135730424374,0.6714864461411817,Dataset\IR_trans_bmp\p6_400\p6020.bmp,p6_400,p6020.bmp,SC400,400,0.6666666666666666,5,320,240,RGB,09526ac93397fd5f20b1d0d0c2b92c9da387d4ff2cb5e06a9e3dad3eed47d2f4,0.40325520833333334,0.12809170164675493,0.3216876685619354,0.30588236451148987,0.45098039507865906,0.4627451002597809,0.12972222646077475,0.5040073429480467,0.5487578604582793,0.0489222623554175,0.14389023324043396,0.12513471374795776,0.07724203169345856,0.20407240092754364,3.2666843542012205,6.0,0.08579270261543429,0.8160293834835457,0.9792351816214767,0.639684819240196,0.011365837907652568,0.46186632224733615,2.562996448175654,1.0898288666451406,0.8795608653535679,1.353309654504359,1.6232483048111075,0.017823700355182433,7.863093316112367,0.1319987084275105,0.0049079754601227,0.0,0.0,0.0,0.0,0.0,0.0,0.026089764288020664,0.11081691959961253,0.4068453341943817,7.456247981917985,0.0,0.0,0.0,0.9219239606192957
157,3,0.9996192288368682,1,6,0.9968956289292832,0.7832772177658276,Dataset\IR_trans_bmp\p7_480\p7027.bmp,p7_480,p7027.bmp,SC480,480,0.8,6,320,240,RGB,97ce3999724b92a7d0c3dc45ab1812590b361f9cbd4b0829726a886fb89b0574,0.41765625,0.0019329093403167477,0.40617626905441284,0.40784314274787903,0.5176470875740051,0.545098066329956,0.16964205423990886,0.6620564306307594,0.5412187526238059,0.1672162440573422,0.10409133753246476,0.24935781514547317,0.0774988904595375,0.2052745297551155,3.32129582060745,2.0,0.00134056615538097,0.7378455646877182,0.9395758535347732,0.7232515222886029,0.0,0.0,0.05137797730390323,1.5134056615538096,1.9553560294301036,1.0527497194163862,2.2474123955605436,1.1796982167352539,5.914453173712433,1.2869435091657313,0.6729018580870433,0.11372989150766928,0.011971567527123082,0.0,0.0,0.0,0.5100386581868064,0.8330215737623144,0.7424865943384462,0.5364758698092031,5.37797730390323,0.0,0.0,0.0,0.9651372777261358
159,3,0.9997200282175385,1,6,0.9950215394005824,0.806532862244355,Dataset\IR_trans_bmp\p7_480\p7029.bmp,p7_480,p7029.bmp,SC480,480,0.8,6,320,240,RGB,652aa597dd8ce8085edc932d250c0cb29e8594e6f30bad2d22288f097e2334ea,0.41506510416666664,0.0020704583241835804,0.40475162863731384,0.40392157435417175,0.5176470875740051,0.545098066329956,0.16799827575683593,0.6571477227028082,0.5252603729881212,0.1591649873375979,0.11055005152690606,0.24603183157734335,0.08037608861923218,0.21657563745975494,3.3334293596313307,2.0,0.0012234526461084795,0.7428257265570444,0.9399995093252145,0.7219951554840687,0.0,0.0,0.07378360573454215,1.5737992910248768,1.891520532045048,1.0731248235404838,2.2571760203281364,1.1305957273269127,5.940082190921354,1.293973711453399,0.6331838002321423,0.11870627725319195,0.01405402013991279,0.0,0.0,0.0,0.495906139222637,0.805345546946074,0.7586661229099351,0.547353891520532,5.392728299400822,0.0,0.0,0.0,0.972771540657365
162,3,0.9999598161588404,1,6,0.9909984694038829,0.808051908470341,Dataset\IR_trans_bmp\p7_480\p7032.bmp,p7_480,p7032.bmp,SC480,480,0.8,6,320,240,RGB,c41c26d34f1ed442c927f131f0641c6268e1b5b94e6aafa15070d795848a6d0c,0.41727864583333335,0.002184291821387337,0.4069579541683197,0.40784314274787903,0.5215686559677124,0.545098066329956,0.16981486002604165,0.7041790366822441,0.5350184889540048,0.20716026064163695,0.10712588020171845,0.25856388977490313,0.08118504285812378,0.21749694645404816,3.342085516789233,2.0,0.0014353917683402502,0.7334391844339211,0.9396356919232537,0.7238409304151348,0.0,0.0,0.05691640403157862,1.5060380066776922,1.943395637657191,1.061441008518738,2.2112522232970324,1.2209567198177675,5.888101850407215,1.28636065778388,0.6819983149748806,0.12955970917714607,0.01397946765687896,0.0,0.0,0.0,0.5369613380347614,0.8537460604736793,0.7211907510843448,0.5264767372921022,5.361625113115112,0.0,0.0,0.0,0.7954332800459701
174,3,0.9998123934120903,1,6,0.9902394464069778,0.7990884992639777,Dataset\IR_trans_bmp\p7_480\p7044.bmp,p7_480,p7044.bmp,SC480,480,0.8,6,320,240,RGB,33da5477e56af9fdd36adce3ae3a7ecf07cb22ea80fd1ab35bd9adc96d18b540,0.41388020833333333,0.002737054048952369,0.40798306465148926,0.40784314274787903,0.5215686559677124,0.5490196347236633,0.16885611216227214,0.6858906134572427,0.5461844052544547,0.19154195221991893,0.10425559412364042,0.2882038586891069,0.08185505867004395,0.21974784135818481,3.35464319031655,2.0,0.0018876234820361165,0.729323744107891,0.9401057224647672,0.7245217117608762,0.0,0.0,0.05008494305669162,1.469074435285975,1.9651418863650665,1.0799723148555969,2.175297300698421,1.2604291197382496,5.8695022966085695,1.2722582268923426,0.6946454413892909,0.1462278990750645,0.017366136034732273,0.0,0.0,0.0,0.5615050651230101,0.8761089787956963,0.6928836594727238,0.5139369533757,5.35556534323287,0.0,0.0,0.0,0.8648685839583177
175,3,0.9999112083378363,1,6,0.9788478784594251,0.8278645032540555,Dataset\IR_trans_bmp\p7_480\p7045.bmp,p7_480,p7045.bmp,SC480,480,0.8,6,320,240,RGB,b806a325a7abfce5dbc9aca1e64f2c330a0d747c447ae96e25e65759f26a6539,0.4126692708333333,0.0036285615120058056,0.4151742458343506,0.4156862795352936,0.529411792755127,0.5568627715110779,0.17132965087890625,0.6885626020596117,0.546160034912512,0.19413037814472986,0.1009234055150405,0.3213433331128733,0.0808379054069519,0.21572190523147583,3.348905535069267,3.0,0.002398005868803837,0.7137784904607848,0.9394648533241422,0.7304533715341606,0.0,0.0,0.019184046950430696,1.1023254346385638,2.1965733758243147,1.1202473732369924,2.1322058498722116,1.4294639194774872,5.748903543369198,1.2434291483923894,0.8077493452812924,0.1769475909506831,0.022970372006436753,0.0,0.0,0.0,0.6724513299466759,0.9016502066702426,0.6769949200138832,0.510649039220017,5.2382545041491815,0.0,0.0,0.0,0.8355803358369256
179,3,0.99983454163576,1,6,0.9957628958782218,0.8066957517174937,Dataset\IR_trans_bmp\p7_480\p7049.bmp,p7_480,p7049.bmp,SC480,480,0.8,6,320,240,RGB,c2706bd8247033f366ca6f3f8f8cc5706d863d43a0aadb8548635a4b85afa5b8,0.41963541666666665,0.0028236316246741965,0.4093042016029358,0.40784314274787903,0.5254902243614197,0.5490196347236633,0.17175853729248047,0.6512952411865929,0.5293925743097707,0.15412388987520625,0.10904543817590251,0.29146585228898536,0.07991329580545425,0.21234486997127533,3.344886100239702,2.0,0.0017376194613379669,0.7270238439464036,0.9399337469362745,0.7255131740196078,0.0,0.0,0.032766538413801664,1.4005212858384013,2.027305448678168,1.0713665135906665,2.1812088866823878,1.2868313267965743,5.860742211741343,1.2483554672955195,0.7206156137520169,0.15191758719126225,0.018369120019858506,0.0,0.0,0.0,0.5860742211741343,0.8588804766041951,0.6943030904803277,0.5247610773240661,5.335981134417277,0.0,0.0,0.0,0.9411088495139289
190,3,0.9999583232231826,1,7,0.9979521372110425,0.9380973958318393,Dataset\IR_trans_bmp\p8_560\p8060.bmp,p8_560,p8060.bmp,SC560,560,0.9333333333333333,7,320,240,RGB,767ae932731bf353f1278740de77880f63adff54405c744a01fb7769fad9dcba,0.4216015625,0.11927483862997622,0.4774645268917084,0.45098039507865906,0.6627451181411743,0.7098039388656616,0.20129979451497396,0.5136447003484641,0.5483391311761611,0.05022797477965325,0.1434264164056655,0.710545666428571,0.11163143813610077,0.27845898270606995,3.853028813965272,8.0,0.05009419685598691,0.5934552240638094,0.9581364051968444,0.7829965030445772,0.0,0.0,0.005929769294913369,0.2962413910250471,1.8028969393742857,1.5792952222119274,1.560023472003459,2.7556132060903673,4.629173229562371,0.7926124957534204,0.7402328669816857,0.9700114271595788,0.5806232434602675,0.2134716946168813,0.0696747892152321,0.004200253250563637,2.419345872324655,0.4197782513357423,0.5317026467772321,0.4022360171716236,4.226937212390747,0.0,0.0,0.0,0.8742213034519598
198,3,0.9999907251932082,1,7,0.998465821854418,0.9602485699781678,Dataset\IR_trans_bmp\p8_560\p8068.bmp,p8_560,p8068.bmp,SC560,560,0.9333333333333333,7,320,240,RGB,c56634c3c150230c5b269ad22d1fb660f96294abedfc0478ac8fe4410ac40505,0.41877604166666665,0.12937628256949193,0.4827481508255005,0.45490196347236633,0.6666666865348816,0.7215686440467834,0.20216336568196613,0.5066796202232466,0.5465862895157091,0.047062720885731546,0.1439826253862708,0.7731609869075329,0.11108299344778061,0.273105651140213,3.847598018801604,7.0,0.08096511410981905,0.5924255967806171,0.95784164129519,0.7874406403186275,0.0,0.0,0.003979851999253777,0.20446489646166283,1.6884522106834152,1.7026304334307567,1.6120888004477334,2.788383806977178,4.615135874634662,0.764629065356632,0.7380138051116224,0.9437224053230521,0.6059324668863877,0.23033393445681238,0.09029289223307008,0.011939555997761333,2.4553199427896275,0.4136558671724395,0.515888315403271,0.46614016541259873,4.1489957092220635,0.0,0.0,0.0,0.9096929061045281
203,3,0.9999126792792483,1,7,0.9623740422098431,0.9257348562946308,Dataset\IR_trans_bmp\p8_560\p8073.bmp,p8_560,p8073.bmp,SC560,560,0.9333333333333333,7,320,240,RGB,c1ad582701d3d4dc398cb11ceb8308dc5fbcc3286ecfb6cf50b7de65ccb231fe,0.41768229166666665,0.13647983041336742,0.48163387179374695,0.45490196347236633,0.6705882549285889,0.7176470756530762,0.20116994222005208,0.5420984731383921,0.5475017820061724,0.06347204687376833,0.1408935840688565,0.7281651915384583,0.09828972816467285,0.24458768367767333,3.8547672934529555,5.0,0.08164474094394912,0.5914668077863129,0.9585062662760416,0.7861759559780943,0.0,0.0,0.0,0.24365608828480578,1.7569673919820437,1.6360122202132303,1.573165409314795,2.790198890205125,4.597294095641873,0.7823430388428206,0.7057796620736954,0.928736205499096,0.6623854355009664,0.23891763825674917,0.07756094519608454,0.006982978988715007,2.44778352765135,0.4117463682274456,0.5431760084793317,0.4479082237047197,4.149385871937153,0.0,0.0,0.0,0.8718896308678818
207,3,0.9999694655179856,1,7,0.9595169168712903,0.9531501082496455,Dataset\IR_trans_bmp\p8_560\p8077.bmp,p8_560,p8077.bmp,SC560,560,0.9333333333333333,7,320,240,RGB,049abde95138fa93f7332ba8248ccfe013b302a9c16ef15820ac56d628ee5e09,0.429296875,0.14200788595693054,0.48958316445350647,0.4588235318660736,0.6745098233222961,0.7254902124404907,0.21017651875813803,0.4777022396746829,0.5568313530809437,0.061049101619402815,0.14584261226817521,0.7377272289881884,0.1073356494307518,0.2645823687314987,3.8418185844251522,6.0,0.09099181073703366,0.5797195008347155,0.9565315994561887,0.7947255452473958,0.0,0.0,0.0016985138004246285,0.1543221110100091,1.518471337579618,1.7657264179557173,1.6259629966636335,2.9338186229905974,4.422929936305732,0.8456172277828329,0.7369123445556567,0.9710646041856233,0.6750379132544737,0.2421595389748256,0.09463148316651501,0.01164695177434031,2.5584470730967546,0.4493782226266303,0.5692447679708826,0.4066727327873825,4.01625720351835,0.0,0.0,0.0,0.9322979788537713
209,3,0.9997864679834199,1,7,0.7815365022747255,0.9469932501961545,Dataset\IR_trans_bmp\p8_560\p8079.bmp,p8_560,p8079.bmp,SC560,560,0.9333333333333333,7,320,240,RGB,0abf67e9ce9b888eb53f151ee3c3604a25552522d434a538e0168eabe1c902bb,0.4235026041666667,0.13866256725595696,0.4855414628982544,0.4588235318660736,0.6745098233222961,0.7215686440467834,0.2056280771891276,0.5267243277026676,0.5513528314019115,0.05789043948833621,0.14233726609080527,0.7152904015856452,0.11059312522411346,0.2827883243560791,3.8683003690296047,6.0,0.09082244427363566,0.5840674458935274,0.95736083984375,0.7903371773514093,0.0,0.0,0.0054112221368178325,0.21177555726364336,1.7512682551883167,1.5289162182936202,1.6273020753266718,2.8753266717909303,4.478278247501922,0.8313604919292852,0.7219062259800154,0.9695926210607225,0.6557417371252883,0.23637202152190623,0.10133743274404304,0.0054112221368178325,2.533435818601076,0.41297463489623365,0.5753112990007686,0.43953881629515756,4.038739431206764,0.0,0.0,0.0,0.986432543529901
211,3,0.9999821468233155,1,7,0.994724689458653,0.9428085435486676,Dataset\IR_trans_bmp\p8_560\p8081.bmp,p8_560,p8081.bmp,SC560,560,0.9333333333333333,7,320,240,RGB,df81fccccdff80b627e7a22b646bef720be2e586b14bec6e4b6124e1ec4d252d,0.427578125,0.12622571411169986,0.48168429732322693,0.4588235318660736,0.6666666865348816,0.7215686440467834,0.2059576670328776,0.5081376411561686,0.5554705111805204,0.056064238282659336,0.14732676767651487,0.7184515857807046,0.11137303709983826,0.27851420640945435,3.873903983828746,8.0,0.0466228150313661,0.5876335271909916,0.9572226730047487,0.7871486888212316,0.0,0.0,0.007552226079541994,0.26554601376454107,1.8079054753639077,1.4566051525671477,1.6356659967111273,2.826725135513734,4.566660576161764,0.780315488153968,0.7459650405018576,0.9861745538705159,0.5893172544003898,0.22973384493574517,0.09257567452341799,0.009257567452341799,2.4793227358548022,0.42000121810098057,0.5340154698824533,0.47968816614897375,4.08697241001279,0.0,0.0,0.0,0.9360344177987329
215,3,0.999979238723771,1,8,0.9854376402900595,0.9904390316407087,Dataset\IR_trans_bmp\p9_600\p9085.bmp,p9_600,p9085.bmp,SC600,600,1.0,8,320,240,RGB,db54701db50de00a05e4b28984634a2e871ed8863bb8a49f6582f70da88d2cfb,0.41825520833333335,0.23308013199676234,0.5243147611618042,0.47058823704719543,0.7529411911964417,0.8117647171020508,0.21929738362630208,0.5086069779665062,0.5410385774602449,0.041931431047323456,0.13810689327381825,0.8168211473894205,0.11782078444957733,0.28246182203292847,4.00037790895321,5.0,0.23183487952182305,0.5419507586090259,0.9489996816597733,0.823263609643076,0.0,0.005479110889732893,0.0029886059398543056,0.0906543801755806,0.7486457879335036,2.1258950252163626,1.6382541560301351,3.388082933814831,4.083431915820933,0.7857543116866945,0.7242388394246934,0.606687005790424,0.8355644106842662,0.5645974721374759,0.2978643920054791,0.10186165245003424,2.759977585455451,0.661478114687753,0.4609924662225266,0.44330988107838865,3.663283730776415,0.007222464354647905,0.003735757424817882,0.0,0.874078545172285
219,3,0.9991738978502215,1,8,0.9991772592425998,0.9998277483495205,Dataset\IR_trans_bmp\p9_600\p9089.bmp,p9_600,p9089.bmp,SC600,600,1.0,8,320,240,RGB,22ba34671e7d0eb9abc29b05cf76ce55a812534fda299af0105e26720c078614,0.4214322916666667,0.22795526169437064,0.5218652486801147,0.47058823704719543,0.7490196228027344,0.8156862854957581,0.21993087768554687,0.5321397901292235,0.5520949950830851,0.06121155628030705,0.1385229864089706,0.8363670788365266,0.1286803036928177,0.30982866883277893,4.028768870016895,5.0,0.2263177408391522,0.5440525502465957,0.9480970794079351,0.8202501483992034,0.0,0.0024717295927825494,0.004201940307730335,0.11320521534944077,0.834703083482667,2.060186615584255,1.6286226286844219,3.3566087869987022,4.113205215349441,0.7936723722424767,0.7054316257801396,0.6285608354446024,0.8208613977630848,0.5348822838781437,0.2797997899029846,0.12358647963912749,2.7122288821602916,0.6419081752456282,0.4812457517147624,0.446888710375085,3.6996848544769203,0.007168015819069394,0.009392572452573689,0.0014830377556695298,0.9290609319409547
221,3,0.9998481541796781,1,8,0.9919189031639999,1.0,Dataset\IR_trans_bmp\p9_600\p9091.bmp,p9_600,p9091.bmp,SC600,600,1.0,8,320,240,RGB,0bbdb86849813f3e62fd6ddcf53d743167b68faee92c09f14e3737bb89e07f47,0.41912760416666667,0.23163192394917517,0.5242584943771362,0.47058823704719543,0.7529411911964417,0.8156862854957581,0.21973121643066407,0.5210154011292916,0.5507551356830461,0.05493387736933787,0.1384885510128353,0.8363337800963833,0.12974750995635986,0.31767141819000244,4.019495738420652,5.0,0.22979899965826836,0.5422918650025096,0.9474241368910845,0.8229598699831495,0.0,0.0024853210724160428,0.0049706421448320855,0.10662027400664824,0.7570287986579266,2.079965205504986,1.664419522197024,3.384510236416167,4.076423622976793,0.8027587063903818,0.7028487992792569,0.6320171487153997,0.8281089813290254,0.5482618285749791,0.2840721985771537,0.12550871415701015,2.7273913448693654,0.657615955761285,0.4906023796949268,0.45282549939420297,3.651930783808133,0.007455963217248128,0.010935412718630588,0.0012426605362080214,0.9537547661663738
239,3,0.9997282744572359,1,8,0.9989156143548187,0.9978716975221296,Dataset\IR_trans_bmp\p9_600\p9109.bmp,p9_600,p9109.bmp,SC600,600,1.0,8,320,240,RGB,e9ecaaeda6d22bfc0e5230da729efca56b8a5f4a47c3dbb224a18a56e0e12805,0.4198828125,0.2378515830930009,0.5292379856109619,0.4745098054409027,0.7607843279838562,0.8313725590705872,0.22221794128417968,0.541394061146255,0.5435284245740922,0.0600682282415782,0.13927179297218434,0.8686847617863236,0.13169121742248535,0.31767117977142334,4.041239069069369,6.0,0.23592892362080192,0.5435086894967702,0.9431132597081802,0.8264287013633579,0.0,0.003225106211430521,0.0017365956523087418,0.09501659069060688,0.7239123019195584,2.041244146742333,1.7410611839861072,3.3938040747976554,4.016001488510559,0.8211616584488479,0.7189506000558191,0.6025986913511334,0.7779948522343164,0.5753093311005675,0.3053927497131516,0.18259062858560487,2.726455174124725,0.6504791143362173,0.5259403975563618,0.477811889478091,3.5850776816448042,0.013396595032096009,0.013892765218469934,0.006946382609234967,0.8839910750201407
242,3,0.9999040186653333,1,8,0.9995046338816762,0.9922951246208168,Dataset\IR_trans_bmp\p9_600\p9112.bmp,p9_600,p9112.bmp,SC600,600,1.0,8,320,240,RGB,ceefe378a10890fee7c4b1a0e95b80ee3b2b16c900aaa01a7e83131611c0bb1e,0.41891927083333336,0.2354147887980605,0.5275350213050842,0.4745098054409027,0.7607843279838562,0.8274509906768799,0.22099459330240886,0.527568671696191,0.5410320961019459,0.049433435745572955,0.138793852551924,0.8821725167958302,0.1271660178899765,0.31491926312446566,4.030153333503542,5.0,0.23373636278867374,0.5496237557693566,0.9432712928921568,0.8250986136642157,0.0,0.0034811798713206728,0.0014919342305660026,0.08827277530848848,0.7529294750256427,2.033755011966556,1.7848506511671278,3.3352189724302987,4.0443850433593385,0.8551269698194138,0.6825599104839462,0.5970223479314953,0.7820221925216797,0.5592266807571566,0.3073384514965965,0.1723184036303733,2.6907033848257855,0.6370559164516831,0.5517670096043266,0.4719485282690455,3.617940509122556,0.011686818139433687,0.011686818139433687,0.007211015447735679,0.9548849534350945
245,3,0.9997625884836279,1,8,0.9982847548117585,0.9933559911949567,Dataset\IR_trans_bmp\p9_600\p9115.bmp,p9_600,p9115.bmp,SC600,600,1.0,8,320,240,RGB,39eaf964d0e5e38a9ec46a729a0670e7b008615020268e6ed32259b7d7feba45,0.42032552083333335,0.2359592329853474,0.5273509621620178,0.47058823704719543,0.7607843279838562,0.8274509906768799,0.2216590627034505,0.5377813916485833,0.5415715310327744,0.0561749565848748,0.13897302668628056,0.8678133229834235,0.13219156861305237,0.32166436314582825,4.047928438216446,7.0,0.2340695765310864,0.5458509562401798,0.9430220061657475,0.8246561686197916,0.0,0.0032217093646417397,0.004460828351042409,0.1003686378984542,0.7908057371209071,1.9788730212818686,1.757318546513429,3.364951519469657,4.046219138192745,0.8408661441714941,0.6976239893435767,0.5915554041076795,0.7898144419317865,0.5457080016108546,0.3107710417892878,0.1774418388525758,2.6812056627737677,0.6785415569530064,0.5177039125181996,0.47433474799417613,3.6162448499117126,0.011895542269446424,0.01363030885040736,0.006443418729283479,0.9085026559158097
251,3,0.9997882300713723,1,8,0.9952990183002272,0.9705348617154151,Dataset\IR_trans_bmp\p9_600\p9121.bmp,p9_600,p9121.bmp,SC600,600,1.0,8,320,240,RGB,9f4aff7a286939872bfcd2e7261667784744ba435072e3641215c3dac08a7aeb,0.41729166666666667,0.2392661008487269,0.5296540856361389,0.4745098054409027,0.7647058963775635,0.8313725590705872,0.22102022806803384,0.49837032629002226,0.5304688468123951,0.030512398504185054,0.1380147187446159,0.8537675504291854,0.13255324959754944,0.31960174441337585,4.063539983601458,9.0,0.237300299550674,0.5366137200893637,0.9423910701976103,0.8264316932827819,0.0,0.004992511233150275,0.005242136794807789,0.09760359460808787,0.7745881178232651,1.947079380928607,1.7199201198202696,3.4505741387918123,4.001248127808288,0.7975536694957563,0.764353469795307,0.5791313030454318,0.755117324013979,0.5978532201697454,0.3122815776335497,0.1924613080379431,2.7219171243135296,0.6907139291063404,0.4872690963554668,0.46929605591612583,3.592860708936595,0.022466300549176237,0.011233150274588119,0.004243634548177734,0.8407630949006512
254,3,0.9994236667039386,1,8,0.9995690004965557,1.0,Dataset\IR_trans_bmp\p9_600\p9124.bmp,p9_600,p9124.bmp,SC600,600,1.0,8,320,240,RGB,f723db24813d084028520ff517c0520f4bb2578b6c41d22f4cc173fdce850967,0.42791666666666667,0.2550815481986368,0.5421944260597229,0.48627451062202454,0.7803921699523926,0.843137264251709,0.2320140329996745,0.5428141649827436,0.5503786931187828,0.06611403363527357,0.14276118720881967,0.865341332350877,0.1198626384139061,0.2910428375005722,3.990434645174696,7.0,0.25304284323271664,0.5219895773093793,0.9390286913105086,0.840470796472886,0.0,0.0009737098344693282,0.0017039922103213243,0.04235637779941578,0.42283349561830574,2.0009737098344695,1.8933787731256086,3.63777994157741,3.7857838364167478,0.8366601752677703,0.8081791626095424,0.5956669912366115,0.7602239532619279,0.6499513145082765,0.3648977604673807,0.19863680623174293,2.895813047711782,0.691333982473223,0.5304284323271665,0.46470301850048684,3.3736611489776047,0.020691333982473224,0.012658227848101266,0.010710808179162609,0.7442278266008168
2,4,0.0008136722619387197,0,0,0.9986097111193597,0.0,Dataset\IR_trans_bmp\p1_Noload\p1003.bmp,p1_Noload,p1003.bmp,Healthy,0,0.0,0,320,240,RGB,dad65b1160d08b161543a60d2ee1aded4ad5b5d6ab8d5456bd05d25fe858f8e3,0.4438020833333333,0.10741110198333528,0.1748281717300415,0.16862745583057404,0.22745098173618317,0.23137255012989044,0.07758910497029622,0.5881162271935451,0.6151266267496814,0.14497796274463548,0.2937365412102384,0.35625581408718576,0.05016033351421356,0.1335638165473938,2.0579129074773754,34.0,0.0418378124633259,0.7365696230414194,0.9962831384995404,0.5097707711014093,1.3120525759887338,4.358643351719282,2.2931580800375544,0.03614599225443023,0.0,0.0,0.0,0.0,8.0,0.0,0.0,0.0,0.0,0.0,0.0,0.0,0.0,0.0,0.0,3.5540429527050814,4.445957047294918,0.0,0.0,0.0,0.8781028051733979
3,4,6.404640901387223e-05,0,0,0.9997407450503198,0.0,Dataset\IR_trans_bmp\p1_Noload\p1004.bmp,p1_Noload,p1004.bmp,Healthy,0,0.0,0,320,240,RGB,858b83aeaeff1c92b70cf420f5d54cff6618613f88e3bfb8bc43ab05812f7df5,0.43973958333333335,0.10331043467961624,0.17505034804344177,0.16862745583057404,0.22745098173618317,0.23137255012989044,0.07697656631469726,0.6069689301631371,0.615761159428279,0.15761661731056642,0.29451634611861144,0.36355232973792007,0.05138659104704857,0.1339776054024703,2.0517073579656446,40.0,0.03950017766196849,0.7367173519880412,0.9962212656058517,0.5101071226830576,1.2012317896482294,4.485609380551937,2.277626436100912,0.035532393698922186,0.0,0.0,0.0,0.0,8.0,0.0,0.0,0.0,0.0,0.0,0.0,0.0,0.0,0.0,0.0,3.549923013146986,4.450076986853015,0.0,0.0,0.0,0.9180692611303092
8,4,0.0001069828543272039,0,0,0.9996910861437424,0.006694199185287242,Dataset\IR_trans_bmp\p1_Noload\p1009.bmp,p1_Noload,p1009.bmp,Healthy,0,0.0,0,320,240,RGB,e07e91b4133d2620602b0a7b09e06912f027647ed006e6a4aa67bd7a4a388930,0.4394401041666667,0.11905537941864944,0.1772250533103943,0.16862745583057404,0.22745098173618317,0.239215686917305,0.0778797976175944,0.6019159704883116,0.6146566261217526,0.15340471620585128,0.29468688670711013,0.37539369494644037,0.05343058705329895,0.14117646217346191,2.058252437496229,36.0,0.0440013037423331,0.7378811116991096,0.9961896110983456,0.5124640371285233,0.8398471065809358,4.702005985362529,2.401256333520993,0.05689057453554179,0.0,0.0,0.0,0.0,8.0,0.0,0.0,0.0,0.0,0.0,0.0,0.0,0.0,0.0,0.0,3.4129603840113782,4.587039615988622,0.0,0.0,0.0,0.9405888724445799
15,4,0.002137170833268419,0,0,0.9970511996063272,0.007563166403830479,Dataset\IR_trans_bmp\p1_Noload\p1016.bmp,p1_Noload,p1016.bmp,Healthy,0,0.0,0,320,240,RGB,e87eb041b0d885599f83a3b435b150afc7bedfa5d137b8b202b06d33360a6e65,0.42515625,0.112550532892319,0.1714686006307602,0.16470588743686676,0.22745098173618317,0.239215686917305,0.07290095011393229,0.6268810399671836,0.5604797893785345,0.14055818448751367,0.27964741151456324,0.42239809601609796,0.05060550570487976,0.1264667809009552,2.1329502741521416,28.0,0.061251990689697416,0.7345517973660091,0.9967403037875306,0.5052569819431679,1.9054269263751071,3.9083670219282127,2.148964841357344,0.03724121033933603,0.0,0.0,0.0,0.0,8.0,0.0,0.0,0.0,0.0,0.0,0.0,0.0,0.0,0.0,0.0004900159255175794,3.8025235820164154,4.196986402058067,0.0,0.0,0.0,0.8750809353643627
31,4,0.9976043418346605,1,1,0.9982337746680736,0.1295466574071638,Dataset\IR_trans_bmp\p2_80\p2010.bmp,p2_80,p2010.bmp,SC80,80,0.13333333333333333,1,320,240,RGB,e26c239e7971c88b1b9529f30edab674769d6b31f2467e31fbf194b1372fc2ed,0.41625,0.11032907907907907,0.15375694632530212,0.15294118225574493,0.18039216101169586,0.19607843458652496,0.0640013313293457,0.5431838154510014,0.6699881470721996,0.17538760521184468,0.25182486475105836,0.13343040199836112,0.04316743463277817,0.10595494508743286,1.6740146883226148,40.0,0.03688063063063063,0.7255745999639927,0.9958603204465379,0.48817665249693626,1.6984484484484486,6.069069069069069,0.2324824824824825,0.0,0.0,0.0,0.0,0.0,8.0,0.0,0.0,0.0,0.0,0.0,0.0,0.0,0.0,0.0,0.004254254254254255,5.013013013013013,2.9827327327327327,0.0,0.0,0.0,0.9588114388209436
43,4,0.9979915910010622,1,1,0.9996069252398362,0.12513520637602477,Dataset\IR_trans_bmp\p2_80\p2022.bmp,p2_80,p2022.bmp,SC80,80,0.13333333333333333,1,320,240,RGB,f0890e69f087fdb9bcf26a5a1c3527265a8913a8f7480e9c6fecb1354fc73a28,0.4173828125,0.12834191233816877,0.13517405092716217,0.1411764770746231,0.16470588743686676,0.1764705926179886,0.056419328053792316,0.5536498274224051,0.6240426985080746,0.13514767861720356,0.2619508710216779,0.0748088425085796,0.041474469006061554,0.10464049577713012,1.6364181869458378,16.0,0.054624863515832164,0.715468763639141,0.996900790345435,0.4625324623257506,3.9876462330369677,3.992637654032132,0.019716112930900014,0.0,0.0,0.0,0.0,0.0,8.0,0.0,0.0,0.0,0.0,0.0,0.0,0.0,0.0,0.0,0.07262517547964437,6.900639525815006,1.0267352987053502,0.0,0.0,0.0,0.7477564719189411
45,4,0.9991368989264647,1,1,0.9998454246267756,0.14038811252714545,Dataset\IR_trans_bmp\p2_80\p2024.bmp,p2_80,p2024.bmp,SC80,80,0.13333333333333333,1,320,240,RGB,9b05c2cf48bdd05c1962b6745b6e1b11eef32b927453a1dbab2f8da700416c88,0.41346354166666666,0.10726207721861812,0.12692737579345703,0.12941177189350128,0.1568627506494522,0.16470588743686676,0.05247983932495117,0.5655872580005635,0.6404468170359215,0.15500644124536925,0.2589727790512837,0.1777305685088154,0.0392749160528183,0.0954158753156662,1.6262226349584583,18.0,0.04112867670214776,0.7106520157286574,0.9963892918007047,0.4500014062021293,5.497764061220634,2.5022359387793665,0.0,0.0,0.0,0.0,0.0,0.0,8.0,0.0,0.0,0.0,0.0,0.0,0.0,0.0,0.0,0.0,0.1073250614095862,7.378472003527115,0.5142029350632991,0.0,0.0,0.0,0.8733905873039592
46,4,0.9997796393467161,1,1,0.9998874093583715,0.13830625137276248,Dataset\IR_trans_bmp\p2_80\p2025.bmp,p2_80,p2025.bmp,SC80,80,0.13333333333333333,1,320,240,RGB,2987d28a4392e8281deaad01a8148c5dca89415d1b9742ba77294e08030aabc8,0.42380208333333336,0.100374831018803,0.12669314444065094,0.12941177189350128,0.1568627506494522,0.16862745583057404,0.05369281768798828,0.5818053271601911,0.6729406226291442,0.1913127557355807,0.24660663914471187,0.20865325192438539,0.043918807059526443,0.110083669424057,1.6725003306890052,26.0,0.03437999262627504,0.7105189914809925,0.9964183134191177,0.44948263729319854,5.392896644955143,2.600221211748802,0.0068821432960550575,0.0,0.0,0.0,0.0,0.0,8.0,0.0,0.0,0.0,0.0,0.0,0.0,0.0,0.0,0.0,0.15853508664126828,7.278603908074229,0.5628610052845029,0.0,0.0,0.0,0.7623549732507896
47,4,0.9957792872697563,1,1,0.9996050013865321,0.11056215492616323,Dataset\IR_trans_bmp\p2_80\p2026.bmp,p2_80,p2026.bmp,SC80,80,0.13333333333333333,1,320,240,RGB,4bfd54cd072713dde0874e324e0dc41239adeec0a4d8ab7845e173109afbef72,0.4219791666666667,0.1207417921500864,0.12777602672576904,0.12941177189350128,0.1568627506494522,0.16862745583057404,0.05391881942749024,0.5339551054422413,0.637667381568305,0.14179300805564082,0.26375454700523027,0.1651591573049353,0.0435049869120121,0.10980391502380371,1.6926714994062788,19.0,0.04736484818563318,0.7111305364683354,0.9964278875612745,0.4511304369159773,5.3152308072080965,2.680819550728215,0.003949642063687978,0.0,0.0,0.0,0.0,0.0,8.0,0.0,0.0,0.0,0.0,0.0,0.0,0.0,0.0,0.0,0.14243396692174773,7.2399407553690445,0.6176252777092076,0.0,0.0,0.0,0.7995762280720276
56,4,0.9956633839223964,1,2,0.9983002403403723,0.25778361846462855,Dataset\IR_trans_bmp\p3_160\p3035.bmp,p3_160,p3035.bmp,SC160,160,0.26666666666666666,2,320,240,RGB,541b470829ab6fd231a6975f74787b941abc6f245ba1e31ec8b4f3750bc11e23,0.415625,0.11159147869674185,0.1945549100637436,0.19607843458652496,0.22745098173618317,0.239215686917305,0.08086188634236653,0.46959531893756906,0.5718782339428332,0.07804437933156241,0.1633922951289126,0.15146660334367787,0.043224677443504333,0.10938294529914856,1.904493562375474,28.0,0.056265664160401005,0.7464967866183659,0.993908811083027,0.5319981593711703,0.05363408521303258,4.358395989974937,3.4543859649122806,0.13358395989974936,0.0,0.0,0.0,0.0,8.0,0.0,0.0,0.0,0.0,0.0,0.0,0.0,0.0,0.0,0.0,0.8531328320802005,7.146867167919799,0.0,0.0,0.0,0.9381742124308646
59,4,0.998947216091091,1,2,0.999524686913766,0.25748480575704663,Dataset\IR_trans_bmp\p3_160\p3038.bmp,p3_160,p3038.bmp,SC160,160,0.26666666666666666,2,320,240,RGB,62de047a91f43129ea357928eeecf94a5ef8679d195e677a51019ecef87da7c7,0.4142578125,0.11133113311331133,0.19441308081150055,0.19607843458652496,0.22745098173618317,0.239215686917305,0.08053713480631511,0.4834850942041816,0.5740822294971769,0.0759007169973851,0.1641826835983057,0.14655077409989167,0.04476044327020645,0.11419779807329178,1.916347615839875,31.0,0.058085808580858087,0.7463980733349337,0.9939264035692402,0.531802308325674,0.06261197548326261,4.338582429671539,3.4552255225522552,0.1435800722929436,0.0,0.0,0.0,0.0,8.0,0.0,0.0,0.0,0.0,0.0,0.0,0.0,0.0,0.0,0.0,0.876064749332076,7.123935250667924,0.0,0.0,0.0,0.9159819199890042
60,4,0.9990213804753597,1,2,0.9988367905544276,0.2522686639269202,Dataset\IR_trans_bmp\p3_160\p3039.bmp,p3_160,p3039.bmp,SC160,160,0.26666666666666666,2,320,240,RGB,caab808f93d7a28be48bd46f9c35e67de8b682023fcf0241c13e32886e0a2bbb,0.41630208333333335,0.11594520205179532,0.19523417949676514,0.19607843458652496,0.22745098173618317,0.239215686917305,0.08127639770507812,0.4818664732147656,0.5747722681811263,0.07693969640322919,0.16771987550008946,0.14012498003333734,0.04503520205616951,0.11379307508468628,1.925837677470321,30.0,0.058488677592893785,0.746853194423228,0.9939883961397059,0.5325640510110294,0.05604904291254848,4.2772425872638555,3.5138245965219568,0.15288377330163894,0.0,0.0,0.0,0.0,8.0,0.0,0.0,0.0,0.0,0.0,0.0,0.0,0.0,0.0,0.0,0.8402352058050795,7.1597647941949205,0.0,0.0,0.0,0.9360147286715992
65,4,0.9997786636368501,1,2,0.9995444698211757,0.2591541657626845,Dataset\IR_trans_bmp\p3_160\p3044.bmp,p3_160,p3044.bmp,SC160,160,0.26666666666666666,2,320,240,RGB,534a0ee6cb4af3fcca4c416766b7f6d0b8c4e86e7d35fdad2217320d93693670,0.40782552083333334,0.10682928386705405,0.20016378164291382,0.20392157137393951,0.23137255012989044,0.239215686917305,0.0816318957010905,0.4939690079242814,0.5756483013455309,0.07588832823222313,0.15626318208328455,0.17666544986767516,0.034529782831668854,0.07998461276292801,1.812189553295497,17.0,0.05753328437789343,0.7494316740408956,0.9940329159007353,0.5373766132429534,0.009705948085948725,3.893106861211328,3.929887296063344,0.16729989463937933,0.0,0.0,0.0,0.0,8.0,0.0,0.0,0.0,0.0,0.0,0.0,0.0,0.0,0.0,0.0,0.4566903994125347,7.543309600587465,0.0,0.0,0.0,0.8448087924402257
70,4,0.9995826325925035,1,2,0.9995970192492295,0.24949428908525662,Dataset\IR_trans_bmp\p3_160\p3049.bmp,p3_160,p3049.bmp,SC160,160,0.26666666666666666,2,320,240,RGB,381dea1065136114302055c105e4de9ad48acfb818f40f95c0b15a95d4522ee2,0.4166015625,0.1517424597593374,0.20363490283489227,0.20392157137393951,0.23137255012989044,0.24705882370471954,0.0848346201578776,0.5060731772359789,0.5770880560171963,0.07732691550973697,0.1592229441561449,0.0969522594500865,0.03533204272389412,0.08318902552127838,1.8919847997883021,19.0,0.07207376152523833,0.7512121786618365,0.9945037841796875,0.5401297176585478,0.003500546960462572,3.3877793405219565,4.374683544303798,0.2340365682137834,0.0,0.0,0.0,0.0,8.0,0.0,0.0,0.0,0.0,0.0,0.0,0.0,0.0,0.0,0.0,0.5303328645100797,7.46966713548992,0.0,0.0,0.0,0.8022305870627935
73,4,0.9994957148423759,1,2,0.9993665359924172,0.2532660884767988,Dataset\IR_trans_bmp\p3_160\p3052.bmp,p3_160,p3052.bmp,SC160,160,0.26666666666666666,2,320,240,RGB,66f1df4a604fc14ef60afe8ee5592dfb0079093ee5c9279e2783193689f07909,0.405,0.13078703703703703,0.19612938165664673,0.19607843458652496,0.22745098173618317,0.239215686917305,0.0794323984781901,0.5180983225172641,0.5773609791842591,0.07944979784924741,0.15654321215425668,0.22887042590843676,0.03691732883453369,0.08663027733564377,1.9035138041726272,16.0,0.06481481481481481,0.7473509378273394,0.9940543380438113,0.5335588642195159,0.02109053497942387,4.350823045267489,3.469650205761317,0.15843621399176955,0.0,0.0,0.0,0.0,8.0,0.0,0.0,0.0,0.0,0.0,0.0,0.0,0.0,0.0,0.0,0.7662037037037037,7.233796296296297,0.0,0.0,0.0,0.907858248209083
74,4,0.9989482553127706,1,2,0.9996314497613695,0.28008526324798216,Dataset\IR_trans_bmp\p3_160\p3053.bmp,p3_160,p3053.bmp,SC160,160,0.26666666666666666,2,320,240,RGB,2252442bd1ac2a1ab861f9f914ca41864eae68905669d0a234ba45631a1df21f,0.419765625,0.14644208697810038,0.19617879390716553,0.19607843458652496,0.22745098173618317,0.239215686917305,0.08234911600748698,0.49755925970258846,0.5660196224064252,0.06606472399008696,0.16837730377076388,0.15152194577040065,0.04117380827665329,0.1022619903087616,1.976256549730015,27.0,0.0678391959798995,0.7474123139621159,0.9943442550359988,0.5333806654986213,0.0297785222408338,4.270240089335567,3.529251194242819,0.17073019418078045,0.0,0.0,0.0,0.0,8.0,0.0,0.0,0.0,0.0,0.0,0.0,0.0,0.0,0.0,0.0,0.8941001302810349,7.105899869718965,0.0,0.0,0.0,0.8274846990191354
79,4,0.999937071089984,1,3,0.9974155532852383,0.4072341348117331,Dataset\IR_trans_bmp\p4_240\p4001.bmp,p4_240,p4001.bmp,SC240,240,0.4,3,320,240,RGB,622e81ca04776b3069e1006ff65a078a1b53835f9da46e238dd18488ffbf96a5,0.3859505208333333,0.10876826018015587,0.26198911666870117,0.250980406999588,0.3176470696926117,0.32549020648002625,0.10111483891805013,0.540438078671118,0.5591038162670714,0.0716135413447992,0.1479759359016279,0.20173726088207944,0.038431257009506226,0.09444387257099152,2.3757937626254977,10.0,0.04399311764110522,0.7808721957925978,0.9959359561695772,0.57850814520144,0.0,0.27124590938227455,3.758307749401167,3.1003002597753113,0.8655578421780642,0.004588239263182753,0.0,0.0,8.0,0.0,0.0,0.0,0.0,0.0,0.0,0.0,0.0,0.0,0.0,0.005128032117674842,7.994871967882325,0.0,0.0,0.0,0.913138352132649
84,4,0.9998368245987376,1,3,0.9991701542919006,0.3928618634655895,Dataset\IR_trans_bmp\p4_240\p4006.bmp,p4_240,p4006.bmp,SC240,240,0.4,3,320,240,RGB,e81358ec630bf56f36e2f494925f66b5c51e13ef1780a423139bf54e5826af90,0.406953125,0.10753823510590645,0.26218876242637634,0.250980406999588,0.32549020648002625,0.3294117748737335,0.10669853210449219,0.5323596754701666,0.5692488321028786,0.07643657072466797,0.14841380050601177,0.23766495811150076,0.03999599441885948,0.09811767190694809,2.432261680110716,15.0,0.03807512638382287,0.7808629041277496,0.9955363554113051,0.5779376460056679,0.0,0.25622320342996097,3.823126639790107,2.722211556920714,1.19178345171818,0.006655148141037947,0.0,0.0,8.0,0.0,0.0,0.0,0.0,0.0,0.0,0.0,0.0,0.0,0.0,0.0005119344723875344,7.999488065527612,0.0,0.0,0.0,0.897582206354149
89,4,0.9997653134823489,1,3,0.9979013058799651,0.41588818601564226,Dataset\IR_trans_bmp\p4_240\p4011.bmp,p4_240,p4011.bmp,SC240,240,0.4,3,320,240,RGB,067e69a27458a2b09488122727f08abcdc2704ada1c774d3600bb507bad3702d,0.4014713541666667,0.11510394706969805,0.2628215253353119,0.250980406999588,0.32549020648002625,0.3294117748737335,0.10551531473795572,0.5203578806251031,0.5712106528712374,0.07406348888550836,0.14631432358765414,0.21884225224329806,0.04011748358607292,0.0954158753156662,2.4307546618289075,9.0,0.05727629487886356,0.7811840206551153,0.9954899208218444,0.5782289392807904,0.0,0.26387312295268056,3.7793273440793955,2.700742710732008,1.2482729543022086,0.007783867933707392,0.0,0.0,8.0,0.0,0.0,0.0,0.0,0.0,0.0,0.0,0.0,0.0,0.0,0.0020756981156553043,7.9979243018843444,0.0,0.0,0.0,0.939240334975692
103,4,0.9992442174578767,1,3,0.990741373814455,0.4121434913913971,Dataset\IR_trans_bmp\p4_240\p4025.bmp,p4_240,p4025.bmp,SC240,240,0.4,3,320,240,RGB,4ac19587dd29db5a4e17b65f7a45a2b8ac72c869b52d00368dcc4eada0423b7f,0.398046875,0.13895976447497546,0.2590849697589874,0.250980406999588,0.3176470696926117,0.3294117748737335,0.10312796274820964,0.5055595402156976,0.5646279691886813,0.0648666546760591,0.1468546916578262,0.221075234281447,0.042162541300058365,0.10768258571624756,2.490659320140758,12.0,0.08976120379456984,0.7792811899877793,0.9951848048789829,0.5757710774739583,0.0,0.6233562315996075,3.529735034347399,2.7352306182531896,1.100163559044815,0.011514556754988551,0.0,0.0,8.0,0.0,0.0,0.0,0.0,0.0,0.0,0.0,0.0,0.0,0.0,0.005757278377494276,7.994242721622506,0.0,0.0,0.0,0.8984415390989702
104,4,0.9989634287116642,1,3,0.9966904976880193,0.39618849451339455,Dataset\IR_trans_bmp\p4_240\p4026.bmp,p4_240,p4026.bmp,SC240,240,0.4,3,320,240,RGB,b34b75b2d13782e5774b5a39834569c819a7a4421f9f4f18d9783f4490ffade6,0.413203125,0.12207726728430075,0.2603302001953125,0.250980406999588,0.32549020648002625,0.3294117748737335,0.10756924947102865,0.5007355290827044,0.5665187193853853,0.06652278580834647,0.1482704135411258,0.25963700157292946,0.04228930547833443,0.10595494508743286,2.4979681230013786,12.0,0.06050293061070146,0.7798920530180692,0.9952455408432904,0.5763220693550858,0.0,0.456797126110796,3.7300056721497445,2.5179302955820257,1.277872313606857,0.017394592550576668,0.0,0.0,8.0,0.0,0.0,0.0,0.0,0.0,0.0,0.0,0.0,0.0,0.0,0.0017646688094787924,7.998235331190521,0.0,0.0,0.0,0.9542207957860892
107,4,0.9996002225601562,1,4,0.9984841696629546,0.5204557787327491,Dataset\IR_trans_bmp\p5_320\p5029.bmp,p5_320,p5029.bmp,SC320,320,0.5333333333333333,4,320,240,RGB,6c14e34245561bcf69db7c171789c9cee62e209d721f5e93054875df8a4071ed,0.397421875,0.10569425332547015,0.29800206422805786,0.2823529541492462,0.3921568691730499,0.40392157435417175,0.11843254089355469,0.5482448385316694,0.5304034132202948,0.05702571332645344,0.14295981123659543,0.3383344551282955,0.0531267374753952,0.12994541227817535,2.795596828219724,10.0,0.04911211585086167,0.8009779093651798,0.9971412209903493,0.5998475916245405,0.0,0.06211912718694712,3.053010942926414,1.6523163619684162,1.821898958128563,1.378153463075814,0.03250114671384575,0.0,8.0,0.0,0.0,0.0,0.0,0.0,0.0,0.0,0.0,0.0,0.0,0.0005242120437717057,7.999475787956229,0.0,0.0,0.0,0.9790926376632115
109,4,0.9992691082654792,1,4,0.9510227021581388,0.5558564368125478,Dataset\IR_trans_bmp\p5_320\p5031.bmp,p5_320,p5031.bmp,SC320,320,0.5333333333333333,4,320,240,RGB,53aba05bbe2645d2200ad8df6b829c6423a3973d184195097a4ef91a9046a437,0.3978515625,0.10649648175421371,0.2982321083545685,0.2823529541492462,0.3921568691730499,0.40392157435417175,0.11865211486816406,0.5580247907498534,0.5303903068997661,0.06550150452490575,0.14157774789930935,0.33499123565815736,0.052376143634319305,0.1272178649902362,2.784405574413395,8.0,0.05213549337260678,0.8011114877029504,0.9972149418849571,0.5999558392693015,0.0,0.06571755850106366,3.0452626411389296,1.6479135984290623,1.8000327278677795,1.4112256586483392,0.029847815414825726,0.0,8.0,0.0,0.0,0.0,0.0,0.0,0.0,0.0,0.0,0.0,0.0,0.0,8.0,0.0,0.0,0.0,0.9448876307062456
111,4,0.9997952188153375,1,4,0.9910652819147134,0.5384786275880623,Dataset\IR_trans_bmp\p5_320\p5033.bmp,p5_320,p5033.bmp,SC320,320,0.5333333333333333,4,320,240,RGB,8e8f59b3c4bef407e92f893e2acb1c067709f597768368354ca00321b9e07ace,0.394765625,0.11062735008905601,0.2945881187915802,0.27843138575553894,0.38823530077934265,0.4000000059604645,0.1162932586669922,0.552512136073379,0.5344644394084193,0.06281179840384826,0.1408604220907289,0.3289894228634608,0.053739696741104126,0.1276770368218422,2.822202585176475,10.0,0.05448908239329771,0.7990974980359636,0.996980495078891,0.5969530890969669,0.0,0.10845042548980803,3.1558809947885744,1.585064977900917,1.883765419882578,1.24308991358269,0.023748268355432416,0.0,8.0,0.0,0.0,0.0,0.0,0.0,0.0,0.0,0.0,0.0,0.0,0.000527739296787387,7.999472260703213,0.0,0.0,0.0,0.9512410327917562
119,4,0.9995403212498929,1,4,0.9982910203449472,0.5421765630367803,Dataset\IR_trans_bmp\p5_320\p5041.bmp,p5_320,p5041.bmp,SC320,320,0.5333333333333333,4,320,240,RGB,d490bcdf891cfbc5146ecb1935599205eb95ac0b85794e6f5ae4941d4c256081,0.4100651041666667,0.10180040008890864,0.2896077334880829,0.2705882489681244,0.38823530077934265,0.4000000059604645,0.11875802357991537,0.5441982156839307,0.5324345942449322,0.05482230543744623,0.14376810406510154,0.3689058886158116,0.05335742607712746,0.12994547188282013,2.8771599436450828,7.0,0.04629600228622233,0.7963346342800716,0.9965388877719057,0.5938224642884498,0.0,0.18010351506684025,3.2898739402406885,1.5508208173244848,1.7967167307020608,1.1547963039405582,0.02768869272536754,0.0,8.0,0.0,0.0,0.0,0.0,0.0,0.0,0.0,0.0,0.0,0.0,0.000508049407804909,7.999491950592195,0.0,0.0,0.0,0.9362715038392239
128,4,0.9998756037609609,1,4,0.5064203415989352,0.5158967437687703,Dataset\IR_trans_bmp\p5_320\p5050.bmp,p5_320,p5050.bmp,SC320,320,0.5333333333333333,4,320,240,RGB,e8a87215aea2a5579d0d18da292e8357cdbeb7e3bf5387392c004fa1fdf18d90,0.4,0.10891927083333333,0.2992122769355774,0.29411765933036804,0.3921568691730499,0.40392157435417175,0.11968490600585938,0.625084057980515,0.5287733515081082,0.12835079788564618,0.1431653041504648,0.29807831234999277,0.04902156814932823,0.11855850517749786,2.771728939538335,7.0,0.05029296875,0.8016041164291637,0.997038298962163,0.6004328709022672,0.0,0.05130208333333333,2.9927083333333333,1.6328125,1.84140625,1.4450520833333333,0.03671875,0.0,8.0,0.0,0.0,0.0,0.0,0.0,0.0,0.0,0.0,0.0,0.0,0.0,8.0,0.0,0.0,0.0,0.6745578919489262
138,4,0.9995436876417606,1,5,0.9988066368211296,0.6431992698463925,Dataset\IR_trans_bmp\p6_400\p6008.bmp,p6_400,p6008.bmp,SC400,400,0.6666666666666666,5,320,240,RGB,9b690786fa95026387bc1e622e7e9603f6554cc4f05033ea8eebba387eefcbb6,0.4259114583333333,0.11543870376031795,0.32431721687316895,0.30588236451148987,0.45490196347236633,0.4627451002597809,0.13813041687011718,0.5096047101542356,0.5526735400101225,0.053542060796581685,0.14531945383811762,0.18462645543892542,0.07036478072404861,0.18056263029575348,3.209513883243544,8.0,0.06695200244573525,0.8175114466491358,0.9783408370672487,0.6426793715533088,0.0004891470498318557,0.3032711708957505,2.691776215224702,1.1707734637725467,0.8579639254050749,1.2602873738917761,1.6941608070926322,0.021277896667685724,7.83662488535616,0.1555487618465301,0.00782635279730969,0.0,0.0,0.0,0.0,0.0,0.0,0.028859675940079488,0.13451543870376031,0.43607459492509937,7.4005502904310605,0.0,0.0,0.0,0.922402477432557
141,4,0.9996886899051045,1,5,0.9983746414225918,0.6541643442819141,Dataset\IR_trans_bmp\p6_400\p6011.bmp,p6_400,p6011.bmp,SC400,400,0.6666666666666666,5,320,240,RGB,f5da8b555012c3a38a31e6458dc316993d033c94198b78c1fdcbfac15cf7f7e4,0.4203385416666667,0.11049501270057617,0.3244233727455139,0.30588236451148987,0.45490196347236633,0.4627451002597809,0.13636764526367187,0.517123723422696,0.5495575721841509,0.05243257446134335,0.14683812315682498,0.17880965089499595,0.0755777508020401,0.19857241213321686,3.2392955844804208,7.0,0.04875782169630134,0.816771778980447,0.9784033083448223,0.642811674230239,0.0039650579270181525,0.29044049315407966,2.6699708816058485,1.2175205997150114,0.822501703735828,1.3062387708320427,1.6621027197819218,0.0272597732482498,7.832476302583483,0.15959358156248063,0.007930115854036305,0.0,0.0,0.0,0.0,0.0,0.0004956322408772691,0.03593333746360201,0.13109472771203767,0.4235177498296264,7.408958552753857,0.0,0.0,0.0,0.9807370336588799
144,4,0.9993289345551424,1,5,0.993594438124954,0.6464984045258865,Dataset\IR_trans_bmp\p6_400\p6014.bmp,p6_400,p6014.bmp,SC400,400,0.6666666666666666,5,320,240,RGB,a172acc8189d35b3cafadc600b1bb513e976945d50b82410c6be3c9c6a4d7cce,0.4082421875,0.10860204765094249,0.32478752732276917,0.30980393290519714,0.45490196347236633,0.4627451002597809,0.13259197235107423,0.5008667805435926,0.549508165182698,0.04951575232456897,0.14578933182453183,0.14097069794760234,0.07095617800951004,0.18468891382217406,3.2408934883631626,7.0,0.047714732242528625,0.8179135455765538,0.978613041896446,0.6427318498200061,0.0025515899594935093,0.2990463432526393,2.668452779638312,1.110962268363474,0.9119382515229802,1.308710490224221,1.6799668293305265,0.018371447708353267,7.857621280260262,0.1372755398207508,0.005103179918987019,0.0,0.0,0.0,0.0,0.0,0.0,0.026026217586833794,0.11635250215290403,0.4169297993812394,7.440691480879023,0.0,0.0,0.0,0.9540362611808857
146,4,0.999746439049557,1,5,0.9997381333629054,0.6662772641905669,Dataset\IR_trans_bmp\p6_400\p6016.bmp,p6_400,p6016.bmp,SC400,400,0.6666666666666666,5,320,240,RGB,db2f3e84a3e875ce6b7ed959f3df4bf489c693e85f82a2ff85b1d6ea491fcc59,0.40765625,0.11310208253481538,0.3252760171890259,0.30980393290519714,0.45490196347236633,0.4627451002597809,0.13260079701741537,0.5065000145189658,0.5483199488612915,0.048755180716561757,0.14572097960696404,0.13089320081354353,0.07700290530920029,0.2053420037031172,3.263104084537097,8.0,0.048677654273668075,0.8177990620362692,0.977966069240196,0.6436429491230086,0.0035773604190622206,0.322729014948256,2.613517311869171,1.1493547974958478,0.8534559856905584,1.3238788807972404,1.71023380605596,0.023252842723904432,7.841829564328606,0.15203781781014436,0.006132617861249521,0.0,0.0,0.0,0.0,0.0,0.0,0.0339849239810911,0.1241855116903028,0.4568800306630893,7.384949533665517,0.0,0.0,0.0,0.9777531024708189
151,4,0.9995825879405686,1,5,0.9993722426645456,0.6789591890001838,Dataset\IR_trans_bmp\p6_400\p6021.bmp,p6_400,p6021.bmp,SC400,400,0.6666666666666666,5,320,240,RGB,b7a302fb522b34fb1b349b39e99745f45c2d181a524e7447e4d89f9b4b5d6cdc,0.4063671875,0.10503380435130892,0.32439979910850525,0.30980393290519714,0.45490196347236633,0.4627451002597809,0.13182543436686198,0.5318542439311734,0.5543369817602828,0.06298571618425881,0.1465502115484389,0.14963080141410282,0.07601702958345413,0.19748519361019135,3.237605638398488,10.0,0.04453843442596687,0.8173929566111644,0.9791007846009497,0.6423285390816483,0.005126726264859495,0.29811913230157966,2.6707680476785542,1.159921817424461,0.8502675510269474,1.341920599826973,1.6538818930436734,0.019994232432952033,7.856451664583934,0.13893428177769232,0.004614053638373546,0.0,0.0,0.0,0.0,0.0,0.0,0.0284533307699702,0.11509500464609568,0.3986029670928258,7.457848697491109,0.0,0.0,0.0,0.9019352997567222
166,4,0.9999093434380913,1,6,0.9975347444357509,0.8136702128842649,Dataset\IR_trans_bmp\p7_480\p7036.bmp,p7_480,p7036.bmp,SC480,480,0.8,6,320,240,RGB,26747ec4d263ed0ab58955b9f6b3f8c7411545131ee7997b29fb68e9a567394b,0.41313802083333334,0.002426801979261874,0.4059089720249176,0.40392157435417175,0.5215686559677124,0.545098066329956,0.1676964314778646,0.6625758232712613,0.5368609790659294,0.16670221981133687,0.10777602387462179,0.2717917359303806,0.08080209046602249,0.21600690186023713,3.3421771732030234,2.0,0.001575845441079139,0.7348973791026536,0.9404119154986214,0.7226468553730085,0.0,0.0,0.058243247502284975,1.5312174981877777,1.9305997667748747,1.1051088909199787,2.1729017617952033,1.2019288348198809,5.9125720949289295,1.2642062466513284,0.6820259068990513,0.12556336474518578,0.015632386775505058,0.0,0.0,0.0,0.5264584449557187,0.8393583157363925,0.7216111443789593,0.5204071984619748,5.392164896466954,0.0,0.0,0.0,0.9817243700881783
168,4,0.999703399808742,1,6,0.9977676151727124,0.7975453662772596,Dataset\IR_trans_bmp\p7_480\p7038.bmp,p7_480,p7038.bmp,SC480,480,0.8,6,320,240,RGB,a70775cf3899f31a0f50616c4540c8f33d6a9f888f6a3aadab62d7d81027ef13,0.41848958333333336,0.002924704418170504,0.4092947840690613,0.40784314274787903,0.5254902243614197,0.5490196347236633,0.17128560384114583,0.6728411407891174,0.5336630385042606,0.1760887847383326,0.1081732298961512,0.3031431091695645,0.08164032548666,0.21974784135818481,3.3569710793017724,2.0,0.001866832607342875,0.7267994800759427,0.9405975341796875,0.7251104616651348,0.0,0.0,0.038581207218419414,1.3988799004355943,2.0288736776602363,1.1081518357187305,2.1376477909147478,1.2878655880522714,5.852893590541381,1.2438083385189795,0.7362787803360299,0.14835096453018046,0.018668326073428748,0.0,0.0,0.0,0.5916614810205352,0.8744243932794026,0.6810205351586808,0.49931549471064096,5.35357809583074,0.0,0.0,0.0,0.9341211855574137
169,4,0.9997997251421928,1,6,0.9975588685220204,0.8023846164707684,Dataset\IR_trans_bmp\p7_480\p7039.bmp,p7_480,p7039.bmp,SC480,480,0.8,6,320,240,RGB,100a6f34038b248215ae175f5059ba594afc32007aed7f25d160eaddffab0bbc,0.4139583333333333,0.0025792652239557123,0.4071284532546997,0.40784314274787903,0.5215686559677124,0.5490196347236633,0.16853421529134113,0.6742574212968753,0.5361542645164391,0.1779684795680441,0.1077524811043303,0.2793485857541017,0.0819016844034195,0.220167338848114,3.3567102392787493,2.0,0.001667086059386009,0.7327695026078038,0.9405002369600184,0.723680144665288,0.0,0.0005032712632108706,0.0591343734272773,1.4904378459989935,1.9350780070457976,1.1039255158530448,2.184448917966784,1.2264720684448918,5.891545042778057,1.259436336185204,0.6935078007045797,0.13764469048817313,0.017866129843985907,0.0,0.0,0.0,0.552591847005536,0.8442375440362355,0.7116255661801711,0.5135883241066935,5.3779567186713635,0.0,0.0,0.0,0.9174168782043105
172,4,0.9999474455356637,1,6,0.9959617406654571,0.7886551650705491,Dataset\IR_trans_bmp\p7_480\p7042.bmp,p7_480,p7042.bmp,SC480,480,0.8,6,320,240,RGB,c446cfa8ab12e8215835575c99d6472ce110072ecab17bae7669e720442074fa,0.41356770833333334,0.0024557647503305837,0.4072214961051941,0.40784314274787903,0.5215686559677124,0.5490196347236633,0.16841365814208983,0.6634864037633926,0.5437009794434897,0.1692264158451846,0.10571435184494403,0.2744328570463273,0.08102197200059891,0.21657565087080002,3.3471258553435526,2.0,0.0016371765002203892,0.7324982541899442,0.9399516984528187,0.7239967495787377,0.0,0.0,0.05339714123795731,1.4971349411246144,1.9494994018008942,1.0694540646055035,2.2006170896039294,1.2298973616271016,5.890812921100687,1.2701970908632958,0.6908884830930042,0.13147786663308356,0.016623638309930105,0.0,0.0,0.0,0.5480763176122411,0.8541023864995907,0.7070083747874819,0.5249039733014293,5.365908947799257,0.0,0.0,0.0,0.9775246533551103
178,4,0.9993110125851614,1,6,0.9735646264292327,0.8071890945634158,Dataset\IR_trans_bmp\p7_480\p7048.bmp,p7_480,p7048.bmp,SC480,480,0.8,6,320,240,RGB,a51efc68eac0ae45696b24f673bd636c80407a871a82e710fa94ae65a32314c0,0.4177604166666667,0.0023376137638698416,0.40963560342788696,0.40784314274787903,0.5254902243614197,0.5490196347236633,0.17112954457600912,0.6214494176313268,0.5151693803561718,0.12239310088145751,0.11856548336489535,0.29284785301860455,0.07973161339759827,0.21118292212486267,3.3456198699033646,3.0,0.0012155591572123178,0.7267894212094099,0.9404768401501226,0.7251529469209559,0.0,0.0,0.02817603790051116,1.3945892033412293,2.0563520758010223,1.07093878568757,2.1600797905498066,1.2898641067198604,5.857873083156714,1.239496322154345,0.7288368033910984,0.15958109961351452,0.014212691684328637,0.0,0.0,0.0,0.5887046502929809,0.8579977558907866,0.6954245106595187,0.5049245729958858,5.352948510160828,0.0,0.0,0.0,0.8005860004920221
185,4,0.9999314660162588,1,7,0.996250509848218,0.9210869275865443,Dataset\IR_trans_bmp\p8_560\p8055.bmp,p8_560,p8055.bmp,SC560,560,0.9333333333333333,7,320,240,RGB,bdb67580710244d0e9baa779d2f07bcac10833c21a0f53b4e72dada9563fcc9d,0.42259114583333335,0.1076259436142351,0.47151708602905273,0.4470588266849518,0.6549019813537598,0.7019608020782471,0.19925894419352214,0.5011545193504601,0.5477949516937812,0.04780889375776716,0.14554309912280194,0.715572107074499,0.11148173362016678,0.27845900058746337,3.8568390865994298,9.0,0.03983977815436759,0.6001526816597198,0.9585607790479473,0.7775297875497855,0.0,0.0,0.008627330149437683,0.3929132645201048,1.9510090895085503,1.4099522415652441,1.5684486211677708,2.6690494530888924,4.75316592204591,0.7229702665228779,0.7742412571252504,0.9655214912956401,0.5117239254352179,0.1991680788784471,0.06926513634262825,0.003943922354028655,2.3493452472654446,0.39661069172700664,0.5008781389616392,0.4530580804190418,4.300107841626868,0.0,0.0,0.0,0.8146978965147397
186,4,0.9999588681985712,1,7,0.9982975045799206,0.9214079820925352,Dataset\IR_trans_bmp\p8_560\p8056.bmp,p8_560,p8056.bmp,SC560,560,0.9333333333333333,7,320,240,RGB,7ff00accd2ade2793bf27e6e119015936d7e222cf77c989078af376c84a9605f,0.421640625,0.11561978877153975,0.4763132631778717,0.45098039507865906,0.658823549747467,0.7098039388656616,0.20083302815755208,0.5124504441606338,0.547469140034577,0.049074767604333526,0.14489863850827012,0.732645972400015,0.11059547960758209,0.2749576270580292,3.8590981282039043,8.0,0.0425853869433636,0.5961369349303858,0.9579905790441177,0.7818507175819547,0.0,0.0,0.005929219937002038,0.3115310975233154,1.828176147242295,1.5546908776480761,1.5724785374590822,2.727194120190229,4.6628373787906865,0.7722808967945155,0.7544932369835093,0.9696745105305417,0.5390649126057686,0.21987523933049224,0.07460935087394231,0.007164474090544129,2.4005929219937,0.42146871718856155,0.515100982027052,0.42443332715706256,4.238404051633624,0.0,0.0,0.0,0.8609711776515933
188,4,0.999957863363053,1,7,0.997203643371169,0.9347330467917302,Dataset\IR_trans_bmp\p8_560\p8058.bmp,p8_560,p8058.bmp,SC560,560,0.9333333333333333,7,320,240,RGB,53e21be08d801271768b75d0c7eeddc86fb99a273938919c8aaa82bcac92370a,0.42161458333333335,0.1160284126003706,0.4755891263484955,0.45098039507865906,0.658823549747467,0.7098039388656616,0.20051531473795572,0.5222480919462814,0.5469625464646027,0.0519659346657997,0.14477549371724419,0.7214377251745919,0.11285717040300369,0.2824945002794273,3.8613867181751287,8.0,0.04234095120444719,0.5955055279438722,0.9581307803883272,0.7811545577703738,0.0,0.0,0.007906114885731933,0.325633106856084,1.8979617047560222,1.4700432365657814,1.5701050030883261,2.7283508338480544,4.672266831377393,0.7683755404570722,0.7451513279802348,0.9714638665843113,0.5457689932056825,0.21593576281655344,0.07387276096355776,0.007164916615194565,2.395799876466955,0.4195182211241507,0.512415071031501,0.42816553428042003,4.244101297096973,0.0,0.0,0.0,0.8591111903111291
192,4,0.9999698538028521,1,7,0.9966316533793782,0.9302863625937857,Dataset\IR_trans_bmp\p8_560\p8062.bmp,p8_560,p8062.bmp,SC560,560,0.9333333333333333,7,320,240,RGB,c14b81a9cdfb24fd06ec14355811d0ce0637bdb53770db71e0cf485a3dea7151,0.4204557291666667,0.12430708246879936,0.4801059067249298,0.45098039507865906,0.6666666865348816,0.7098039388656616,0.20186327616373698,0.5031544533746735,0.5473067566550024,0.047411810778629854,0.14254070813821548,0.709672722831707,0.11006119102239609,0.2722596824169159,3.847910211004662,8.0,0.05332755256882723,0.5895125319837858,0.958000213024663,0.7854163076363357,0.0,0.0,0.005945929206280388,0.2551794617695333,1.7424050044904154,1.6564367780496114,1.5375181939240037,2.802514632560156,4.581338453439039,0.8027004428478524,0.7387817038803381,0.9726549193273668,0.6106964788950482,0.2190083924313276,0.06936917407327119,0.005450435105757022,2.4564120033445853,0.4261249264500945,0.5361246167662816,0.3981295097705243,4.1832089436685145,0.0,0.0,0.0,0.890115640660777
204,4,0.9999605358272599,1,7,0.9959257925787818,0.9402363667414867,Dataset\IR_trans_bmp\p8_560\p8074.bmp,p8_560,p8074.bmp,SC560,560,0.9333333333333333,7,320,240,RGB,1e74b1b71b491dd1ae402d6a64dd86f1df7c99938272acab6771dd85fd5d45ce,0.42,0.13922991071428573,0.4850534200668335,0.45490196347236633,0.6705882549285889,0.7215686440467834,0.2037224324544271,0.5210349671788398,0.5431940484318662,0.04804368495597808,0.1394296059976782,0.7370091611967156,0.09892712533473969,0.24078557640314102,3.837018636760381,4.0,0.09254092261904762,0.5908397908983284,0.9580596923828125,0.7899722828584559,0.0,0.0,0.00496031746031746,0.1884920634920635,1.5915178571428572,1.8236607142857142,1.5768849206349207,2.814484126984127,4.549355158730159,0.8097718253968254,0.6937003968253969,0.9424603174603174,0.6780753968253969,0.23139880952380953,0.09325396825396826,0.001984126984126984,2.4789186507936507,0.4174107142857143,0.5543154761904762,0.4412202380952381,4.108134920634921,0.0,0.0,0.0,0.8660502971061368
208,4,0.9999887306222789,1,7,0.9971121923678978,0.9307054239913612,Dataset\IR_trans_bmp\p8_560\p8078.bmp,p8_560,p8078.bmp,SC560,560,0.9333333333333333,7,320,240,RGB,5fcd815ad0029d056a7a5d44e68984f08ed50a16637942b666161572d84ef32a,0.428046875,0.1443694104763643,0.4910849332809448,0.4627451002597809,0.6784313917160034,0.7254902124404907,0.21020736694335937,0.49857970517037364,0.5583891673479469,0.05840643886584429,0.14594562339001232,0.7419745897466907,0.11023630201816559,0.2707870900630951,3.8613884520112878,7.0,0.08967573158118879,0.5779204981287098,0.9561968635110294,0.7962268305759804,0.0,0.0,0.0024335340998965747,0.15647624262334975,1.4866459816268176,1.737786700736144,1.660400316359433,2.956257224554359,4.398856238973049,0.8398126178743079,0.7456348482083105,0.9629494433290746,0.6838230820709376,0.2489505384194196,0.10610208675549065,0.013871144369410476,2.580276206120338,0.4528806959907526,0.5675001520958812,0.4166210379022936,3.9827219078907343,0.0,0.0,0.0,0.9539342405052073
212,4,0.9999377222968301,1,7,0.9889313055527579,0.9545904537539773,Dataset\IR_trans_bmp\p8_560\p8082.bmp,p8_560,p8082.bmp,SC560,560,0.9333333333333333,7,320,240,RGB,05052dba31bb5c07e4f5a8ec96c7e8ca51632f7c1197a4b6fc85d0ae4319cef3,0.41901041666666666,0.12936606587942823,0.4857952296733856,0.4627451002597809,0.6705882549285889,0.7215686440467834,0.20355326334635418,0.5005100348944521,0.5475869133391231,0.047589646528827814,0.14777118457845712,0.7053294047329971,0.10810040682554245,0.27192618250846873,3.852419598453956,8.0,0.04766935985083903,0.5821605661061889,0.9561762791053922,0.7919747745289522,0.0,0.0,0.004474829086389061,0.19018023617153512,1.7389683032939713,1.4781852082038534,1.6894965817277812,2.8986948415164697,4.466376631448105,0.8062150403977626,0.7696706028589185,1.012802983219391,0.6100683654443754,0.23517712865133622,0.09024238657551274,0.00944686140459913,2.5509011808576756,0.42709757613424487,0.5556246115599751,0.5059042883778745,3.9604723430702298,0.0,0.0,0.0,0.9058584518684424
217,4,0.9999399470474379,1,8,0.9938314091713639,1.0,Dataset\IR_trans_bmp\p9_600\p9087.bmp,p9_600,p9087.bmp,SC600,600,1.0,8,320,240,RGB,ca2c341c9cc95059524b0b5feb4db557582276c56e0739abfeb0fa6df63aea46,0.4192708333333333,0.22667701863354037,0.5209227204322815,0.47058823704719543,0.7490196228027344,0.8117647171020508,0.21840769449869793,0.5028423825100364,0.550126023355534,0.0502065469413392,0.1384082276727204,0.8357114360917497,0.1266859471797943,0.31225141882896423,4.022366051681306,5.0,0.22506211180124225,0.5445987126014752,0.9485369514016544,0.8193445542279412,0.0,0.002484472049689441,0.0014906832298136647,0.11527950310559006,0.8417391304347827,2.070807453416149,1.6191304347826088,3.3490683229813665,4.106335403726708,0.8206211180124223,0.6824844720496894,0.6395031055900621,0.8340372670807453,0.52,0.2839751552795031,0.11304347826086956,2.712049689440994,0.6352795031055901,0.49838509316770185,0.42509316770186334,3.7113043478260868,0.006459627329192546,0.010434782608695653,0.0009937888198757764,0.960951687363856
224,4,0.9999743566921201,1,8,0.9954305015797459,1.0,Dataset\IR_trans_bmp\p9_600\p9094.bmp,p9_600,p9094.bmp,SC600,600,1.0,8,320,240,RGB,e77bca8bfac29737998a763243a7b7fac9bdc6b14e2ad3af8b3e39e6ccd1bd78,0.4215234375,0.22914156859110987,0.5223684310913086,0.47058823704719543,0.7490196228027344,0.8156862854957581,0.2201905314127604,0.5050639191137002,0.5477525998308188,0.04802035055465979,0.13860943089495095,0.8453758212084027,0.12884613871574402,0.3083160519599912,4.022334492005431,5.0,0.22738084205974116,0.5477024270169562,0.9472702923943015,0.8209147733800551,0.0,0.0012355975658727952,0.0032125536712692675,0.11614617119204275,0.8041268958700152,2.0787693448243907,1.6665739968492261,3.329935440027183,4.105890711395299,0.8234022178976308,0.6840268124671794,0.6168103048836994,0.8285917276742965,0.5261174435486362,0.2903654279801069,0.12479535415315232,2.686189108207457,0.6578321440706761,0.5009112532048312,0.45346430667531584,3.6803509097087077,0.009143421987458685,0.010873258579680599,0.0012355975658727952,0.990616058987803
228,4,0.9999651641318733,1,8,0.9966757100359978,0.9994858854870188,Dataset\IR_trans_bmp\p9_600\p9098.bmp,p9_600,p9098.bmp,SC600,600,1.0,8,320,240,RGB,a6f842b638e9e15465da4d5c14efa3b0c30507f5df72638a7b5d644e084a14f5,0.41921875,0.22984221642440056,0.5218915343284607,0.47058823704719543,0.7490196228027344,0.8156862854957581,0.2187867228190104,0.5078945311002963,0.548692957139255,0.04932877148540061,0.13825799578475498,0.8130022015868599,0.1311035305261612,0.31866204738616943,4.046676791134624,5.0,0.22807181016275313,0.5409554849123822,0.9487363927504595,0.8197190228630514,0.0,0.0024847807181016274,0.0032302149335321157,0.13641446142377936,0.8428376195800721,2.041247359920487,1.5902596595850416,3.383525903838986,4.087712759348987,0.7829544042738228,0.7178531494595602,0.6328736489004846,0.8425891415082619,0.5260280780221146,0.28848304137159897,0.12150577711516959,2.735495092558082,0.6530003727171078,0.4795626785936141,0.4447757485401913,3.668281774133433,0.005218039508013418,0.012920859734128463,0.0007454342154304882,0.9781521334477244
229,4,0.9999723300908674,1,8,0.9997170233737538,0.9814987602998387,Dataset\IR_trans_bmp\p9_600\p9099.bmp,p9_600,p9099.bmp,SC600,600,1.0,8,320,240,RGB,b9e4a69adc50676f4a0173dc57b70441cacbb10135d2513e7aab59fd98954135,0.42236979166666666,0.22865158147851286,0.5218061804771423,0.47058823704719543,0.7490196228027344,0.8156862854957581,0.22039517720540364,0.5080814560348885,0.5424557937503326,0.04321810216349876,0.13869151971588467,0.838192551172022,0.1304354965686798,0.3142983675003049,4.039393859830041,5.0,0.22698686725445466,0.5459026144869501,0.9472272087545955,0.8201086904488358,0.0,0.0029594919538812503,0.003945989271841667,0.12528515938097293,0.8488809421049387,2.0277452370676365,1.649916764288797,3.3412664159319316,4.108021456316665,0.8138602873173438,0.691287995560762,0.6192736913496516,0.8264381281213392,0.5235834515074912,0.28929033849189223,0.1282446513348542,2.6985634132807204,0.6407300080152907,0.49719464825205006,0.44836303101300945,3.694679080091251,0.007398729884703126,0.01109809482705469,0.0019729946359208334,0.9521490295557761
232,4,0.9997871833216938,1,8,0.9993367639545121,0.9866437902329068,Dataset\IR_trans_bmp\p9_600\p9102.bmp,p9_600,p9102.bmp,SC600,600,1.0,8,320,240,RGB,fed465aee5d81b22be25f524591dba3e2b4dc88ca40266b1583d9fd07cade29a,0.42096354166666666,0.22817816269718527,0.5208455920219421,0.47058823704719543,0.7490196228027344,0.8196078538894653,0.21925699869791668,0.5307301186989447,0.5409975219335525,0.05123609079490114,0.13878757360565458,0.8343058101531984,0.1323547512292862,0.3260802924633026,4.059448199739179,5.0,0.226322301268172,0.5435192598310928,0.946882719152114,0.8187202004825368,0.0,0.0032168264769563875,0.005443860191772348,0.13733374574698423,0.9056603773584906,1.9798329724713888,1.6126198577172906,3.3558923600371173,4.111599133931333,0.8178162697185277,0.6844416950201052,0.6280235075781009,0.8284565419115373,0.51023816888339,0.2818434890194865,0.13758119393751933,2.6867924528301885,0.6515310856789359,0.49316424373646767,0.45555211877513146,3.6899474172595115,0.007918342097123415,0.012619857717290442,0.0024744819053510673,0.951076200064626
238,4,0.999792741565876,1,8,0.9974575453289477,1.0,Dataset\IR_trans_bmp\p9_600\p9108.bmp,p9_600,p9108.bmp,SC600,600,1.0,8,320,240,RGB,ac712b9d81e4a8f39919918a1d53d685b3bb3d7f7be10be0944bb1e2c4e4c29d,0.4200260416666667,0.2380184760369521,0.5285965204238892,0.4745098054409027,0.7607843279838562,0.8274509906768799,0.22202430725097655,0.536943961266364,0.5418862164103129,0.05585079586919212,0.13919621987178654,0.8640193932689543,0.12937088310718536,0.31397053599357605,4.039480413736744,5.0,0.23622047244094488,0.5443754569112256,0.9437501795151655,0.825890993604473,0.0,0.003472006944013888,0.003968007936015872,0.08804017608035217,0.7338334676669354,2.046004092008184,1.7407154814309629,3.383966767933536,4.035216070432141,0.7990575981151963,0.7318494636989274,0.589001178002356,0.7983135966271933,0.5637051274102548,0.3072726145452291,0.17558435116870233,2.7240374480748963,0.6477772955545911,0.5170810341620683,0.47764895529791057,3.601711203422407,0.011904023808047616,0.013888027776055552,0.005952011904023808,0.9197174108876157
243,4,0.9998300168921781,1,8,0.9971636083295043,0.9975959348575019,Dataset\IR_trans_bmp\p9_600\p9113.bmp,p9_600,p9113.bmp,SC600,600,1.0,8,320,240,RGB,c771779093d2988ee47a547d874ab7c8558159d3bb72cc78eafc4534beacf266,0.41930989583333333,0.23839393845293916,0.5293325781822205,0.4745098054409027,0.7607843279838562,0.8274509906768799,0.22195439656575522,0.5387716369132692,0.5418501849529131,0.057049783606315456,0.13896624144626904,0.8739978183059257,0.12786993384361267,0.30982866883277893,4.024932276750715,6.0,0.236623917026364,0.544713835476497,0.9430447447533701,0.8269025017233456,0.0,0.0027326646585721826,0.005216905257274167,0.07924727509859329,0.719932925503835,2.0415489240132905,1.7670403378567214,3.3842809676117134,4.022233953358382,0.8319721765052945,0.7085054187498059,0.5919945346706829,0.7932180231655436,0.567152128683663,0.3065552898798249,0.17836847498680247,2.7110517653634756,0.664782784212651,0.5254168866254697,0.46902462503493464,3.5989193553395644,0.01117908269415893,0.013166475173120517,0.006459025556625159,0.9091512540949965
244,4,0.9998623778104124,1,8,0.9996326042291609,0.9964367789168134,Dataset\IR_trans_bmp\p9_600\p9114.bmp,p9_600,p9114.bmp,SC600,600,1.0,8,320,240,RGB,9b7e955775bc9ca84aa2a451b3e46c1b076d26e4b9bac0cd2f794713db587ec4,0.42009114583333335,0.2350060440752565,0.5264389514923096,0.47058823704719543,0.7607843279838562,0.8274509906768799,0.22115234375,0.5314527149393408,0.5407669073092145,0.05148994084880577,0.13891290164366762,0.8598863155737156,0.13102304935455322,0.3141174018383026,4.048792376809469,5.0,0.23320831912717355,0.5454547391923447,0.9442453421798407,0.8235894296683517,0.0,0.0037194309270681585,0.00570312742150451,0.09868890059820848,0.7984378390106314,2.004029383504324,1.7253200260360164,3.364101292502247,4.0650900412236926,0.8150512971515358,0.7054520658339274,0.5941171000836872,0.7981898769488268,0.5465083842172148,0.30871276694665717,0.16687846759445804,2.704770170163965,0.6506524501751232,0.508322226699315,0.454514459287729,3.651737284195518,0.009918482472181757,0.014381799584663546,0.00570312742150451,0.9440450905440245
1,5,0.00031854585693011546,0,0,0.9992447634542876,0.0001475483044340864,Dataset\IR_trans_bmp\p1_Noload\p1002.bmp,p1_Noload,p1002.bmp,Healthy,0,0.0,0,320,240,RGB,f885527a57548cb28fa85cae9f77dce1fafc204d96b9af69f15981804bf11186,0.44408854166666667,0.10819210696065208,0.17565181851387024,0.16862745583057404,0.22745098173618317,0.23137255012989044,0.07800495783487955,0.596588525654582,0.6141762565855454,0.14955119810959103,0.2919570564473228,0.35138022689265797,0.0501536950469017,0.13147492706775665,2.069338872972047,36.0,0.04330616313845071,0.7370442651503579,0.9962106742110907,0.5107077804266238,1.15217263824547,4.480150120213453,2.3259250571746906,0.04175218436638715,0.0,0.0,0.0,0.0,8.0,0.0,0.0,0.0,0.0,0.0,0.0,0.0,0.0,0.0,0.0,3.4912332140972264,4.508766785902774,0.0,0.0,0.0,0.9002593478499906
5,5,0.0006859278513969146,0,0,0.9988568459752534,0.002925978066450674,Dataset\IR_trans_bmp\p1_Noload\p1006.bmp,p1_Noload,p1006.bmp,Healthy,0,0.0,0,320,240,RGB,224f60c41563f15087fee7177fdbd601265c5ba4de26dda5e3e220c15bc537cf,0.4397916666666667,0.12026290857413548,0.17694790661334991,0.16862745583057404,0.22745098173618317,0.239215686917305,0.07782021204630533,0.5943389862736871,0.6136241850371905,0.14768310586019184,0.29239006834348175,0.37548626630988363,0.05284281447529793,0.14117646217346191,2.0461188789821287,32.0,0.04686759829464709,0.7377613429916637,0.9962142645143995,0.5121681961358763,0.8827569872098532,4.6686404547607765,2.400521080056845,0.04808147797252487,0.0,0.0,0.0,0.0,8.0,0.0,0.0,0.0,0.0,0.0,0.0,0.0,0.0,0.0,0.0,3.4471814306016104,4.552818569398389,0.0,0.0,0.0,0.9227838779644217
13,5,0.0002167092538120286,0,0,0.9993148178086018,0.01208922556046943,Dataset\IR_trans_bmp\p1_Noload\p1014.bmp,p1_Noload,p1014.bmp,Healthy,0,0.0,0,320,240,RGB,adce5d21d2265705f4c11dc55c815ff9073e633105eedb18375e16fe97b867a1,0.4408463541666667,0.1315237617036359,0.17477025091648102,0.16862745583057404,0.2235294133424759,0.23137255012989044,0.0770468266805013,0.6025776237967164,0.6121368742518686,0.15197647012205565,0.29315262464829495,0.3252008085084539,0.047406382858753204,0.12401088327169418,2.0627888787716175,38.0,0.05910151519626665,0.7365036436965345,0.9960692760991116,0.5098824295343137,1.314469681306672,4.348642821277727,2.300499158224296,0.0363883391913046,0.0,0.0,0.0,0.0,8.0,0.0,0.0,0.0,0.0,0.0,0.0,0.0,0.0,0.0,0.0,3.4828838940248694,4.517116105975131,0.0,0.0,0.0,0.9030286616268929
18,5,0.0003682580764246387,0,0,0.9991800637252423,0.010615357135629222,Dataset\IR_trans_bmp\p1_Noload\p1019.bmp,p1_Noload,p1019.bmp,Healthy,0,0.0,0,320,240,RGB,a954cb5c0a8ded7c3de3221b9c5e83468ec828d25b051981873c8ed37c4ba732,0.4340625,0.11780057595392368,0.17749285697937012,0.16862745583057404,0.22745098173618317,0.239215686917305,0.07704299290974935,0.6293473054329571,0.6113060341266221,0.17064512491062692,0.2916119635219243,0.35644435959598286,0.051901642233133316,0.13333332538604736,2.075185852965086,33.0,0.045266378689704824,0.7380436732116358,0.9961373721852022,0.5127535950903799,0.8322534197264219,4.715142788576914,2.396928245740341,0.05567554595632349,0.0,0.0,0.0,0.0,8.0,0.0,0.0,0.0,0.0,0.0,0.0,0.0,0.0,0.0,0.0,3.240220782337413,4.759779217662587,0.0,0.0,0.0,0.9143739857182406
26,5,0.99840164585447,1,1,0.9992163235484309,0.14767404039913168,Dataset\IR_trans_bmp\p2_80\p2005.bmp,p2_80,p2005.bmp,SC80,80,0.13333333333333333,1,320,240,RGB,e6d083fa862e7e3c63732cb673bd9b9484f2904eb7fdd8b1f872ec9389f96e79,0.423046875,0.12259156663588797,0.14784277975559235,0.14509804546833038,0.1764705926179886,0.1882352977991104,0.06254442850748698,0.48500220750345413,0.6576513995687557,0.15836318248177803,0.2614027540432561,0.20846566894597965,0.043595846742391586,0.1065339669585228,1.6968427924772573,29.0,0.04056632810095414,0.722511589860117,0.9966495887905944,0.4804371852500766,2.3426285010772547,5.517020621729763,0.14035087719298245,0.0,0.0,0.0,0.0,0.0,8.0,0.0,0.0,0.0,0.0,0.0,0.0,0.0,0.0,0.0,0.007633117882425362,6.015635580178516,1.9767313019390582,0.0,0.0,0.0,0.9665953866621896
30,5,0.9988880286826098,1,1,0.9973710097089827,0.1364438581524428,Dataset\IR_trans_bmp\p2_80\p2009.bmp,p2_80,p2009.bmp,SC80,80,0.13333333333333333,1,320,240,RGB,f633870b61c12ec9f9f3b184c8a2285868500bcb218783b4b18c2cc3b258ee9a,0.41639322916666666,0.10991588229775791,0.15389414131641388,0.15294118225574493,0.18039216101169586,0.19607843458652496,0.06408047993977864,0.5234530460776405,0.6816205525985471,0.1831285627544801,0.24513889019692003,0.18834053085971142,0.04402587562799454,0.10710979998111725,1.6772859024222326,44.0,0.0368366740673567,0.7256275368802374,0.995849848728554,0.48830868590111826,1.6670940304574877,6.073235560836799,0.2596704087057131,0.0,0.0,0.0,0.0,0.0,8.0,0.0,0.0,0.0,0.0,0.0,0.0,0.0,0.0,0.0,0.005003283404734357,4.971512555114294,3.023484161480972,0.0,0.0,0.0,0.8528729319962686
32,5,0.9996813263139733,1,1,0.9998226897288138,0.12076971495090921,Dataset\IR_trans_bmp\p2_80\p2011.bmp,p2_80,p2011.bmp,SC80,80,0.13333333333333333,1,320,240,RGB,62e4961028244e0bd1f25971966f9f1a7e65064d6ac87407d7b8513bec368881,0.4211328125,0.12852858423770214,0.14976590871810913,0.15294118225574493,0.1764705926179886,0.1882352977991104,0.06307133992513021,0.5415236247092556,0.6581035163570559,0.16346538867130542,0.2550317143328072,0.09022728012669824,0.04338128864765167,0.10595494508743286,1.6938905105289872,44.0,0.03929752960455122,0.7235076733807612,0.9962446624157475,0.4829702339920343,2.123241505117027,5.723402281792041,0.1533562130909316,0.0,0.0,0.0,0.0,0.0,8.0,0.0,0.0,0.0,0.0,0.0,0.0,0.0,0.0,0.0,0.007915159385338403,5.62297869709056,2.369106143524101,0.0,0.0,0.0,0.8972253575273126
40,5,0.9985057648276939,1,1,0.9981989997717238,0.0999101698650755,Dataset\IR_trans_bmp\p2_80\p2019.bmp,p2_80,p2019.bmp,SC80,80,0.13333333333333333,1,320,240,RGB,295a82ea72720532e07fe8b70833ce70511ee2dbb0a8e379d432674317a7b53a,0.4219791666666667,0.13249814860528264,0.13167919218540192,0.12941177189350128,0.1568627506494522,0.16862745583057404,0.05556587855021159,0.5905409702649476,0.632522853959898,0.16049914055282222,0.26799950134268014,0.1243711145796917,0.042409785091876984,0.10226199254393578,1.6121119776033739,43.0,0.03829301407059985,0.7135438972345277,0.9968533385033701,0.45735790776271446,4.586521846457665,3.4070599851888423,0.006418168353492965,0.0,0.0,0.0,0.0,0.0,8.0,0.0,0.0,0.0,0.0,0.0,0.0,0.0,0.0,0.0,0.08368304122438903,7.193532461120711,0.7227844976549,0.0,0.0,0.0,0.8366732614345468
41,5,0.999525170945038,1,1,0.9999095139542284,0.12544896252066506,Dataset\IR_trans_bmp\p2_80\p2020.bmp,p2_80,p2020.bmp,SC80,80,0.13333333333333333,1,320,240,RGB,0f0e5f236400f3d9124c109861a61d08eaf2258bd6acb64adb142dec84797dcd,0.41682291666666665,0.13166937398475573,0.12954199314117432,0.12941177189350128,0.1568627506494522,0.16862745583057404,0.053996073404947914,0.6363820539408468,0.618296628182477,0.18053851909348115,0.2584362214004198,0.1455510462364622,0.04242883622646332,0.1059549666941166,1.65730248069883,24.0,0.060539797575909035,0.712191746887548,0.9965095071231618,0.45393063414330576,4.9801324503311255,3.0168686742471573,0.002998875421716856,0.0,0.0,0.0,0.0,0.0,8.0,0.0,0.0,0.0,0.0,0.0,0.0,0.0,0.0,0.0,0.10246157690865926,7.1928026989878795,0.7047357241034612,0.0,0.0,0.0,0.8270993347411539
49,5,0.9996437095305991,1,2,0.9972262206924009,0.2823865934247437,Dataset\IR_trans_bmp\p3_160\p3028.bmp,p3_160,p3028.bmp,SC160,160,0.26666666666666666,2,320,240,RGB,d8d6bd473fbd56cc9b552859623458e5570d5c5509f31e6a62ac513eb0cb6472,0.4205078125,0.1278526087629664,0.20965099334716797,0.21176470816135406,0.239215686917305,0.24705882370471954,0.08815987904866536,0.5287494426872349,0.5862604194758746,0.09092519135520391,0.1848502107393098,0.06689441494359123,0.042358726263046265,0.10667819529771805,1.7799801189257094,25.0,0.057872735717603346,0.7542588217964385,0.9948412128523284,0.5456285663679534,0.012633534602879703,2.686979408577179,5.024678742839449,0.27570831398049234,0.0,0.0,0.0,0.0,8.0,0.0,0.0,0.0,0.0,0.0,0.0,0.0,0.0,0.0,0.0,0.10973834958971977,7.89026165041028,0.0,0.0,0.0,0.8691934234067019
52,5,0.9995709440846139,1,2,0.9970244248911609,0.2799921847572669,Dataset\IR_trans_bmp\p3_160\p3031.bmp,p3_160,p3031.bmp,SC160,160,0.26666666666666666,2,320,240,RGB,37c7d2f37d197c5659591fa9f7f8355ba6c97427bbef891f686aeb63cd74a18b,0.41139322916666665,0.1336920398797278,0.1982056200504303,0.19607843458652496,0.22745098173618317,0.239215686917305,0.08154045104980469,0.47995952397234654,0.5808185375666962,0.08326617977206857,0.1710301551399312,0.10411541395778719,0.043183840811252594,0.10938294231891632,1.842651500997135,35.0,0.06671941762937174,0.7483846142305343,0.9939181458716299,0.5354562796798407,0.04734926412407026,3.9826554834625734,3.8155404336129135,0.1544548188004431,0.0,0.0,0.0,0.0,8.0,0.0,0.0,0.0,0.0,0.0,0.0,0.0,0.0,0.0,0.0,0.5383130242126919,7.461686975787308,0.0,0.0,0.0,0.9017651594660686
61,5,0.9989382898114311,1,2,0.9980704752823184,0.2671694191259232,Dataset\IR_trans_bmp\p3_160\p3040.bmp,p3_160,p3040.bmp,SC160,160,0.26666666666666666,2,320,240,RGB,70c6b85ed59e92361c36b625df78c970f9d65b39b848a516577aa68d4b7c6220,0.41401041666666666,0.10705749150836583,0.19428132474422455,0.19607843458652496,0.22745098173618317,0.239215686917305,0.08043449401855468,0.47158799730083506,0.5705186399897187,0.07602710361033699,0.16588529289329182,0.15227737693181306,0.043117228895425797,0.10938294231891632,1.9005658200338718,30.0,0.05475531513397912,0.746370027851126,0.9938591452205883,0.5317765778186274,0.05661089445213234,4.420430242797837,3.389357151842999,0.13360171090703232,0.0,0.0,0.0,0.0,8.0,0.0,0.0,0.0,0.0,0.0,0.0,0.0,0.0,0.0,0.0,0.841363693546358,7.158636306453642,0.0,0.0,0.0,0.9453860983168234
62,5,0.9983982567907844,1,2,0.9841037398798026,0.2623415541488524,Dataset\IR_trans_bmp\p3_160\p3041.bmp,p3_160,p3041.bmp,SC160,160,0.26666666666666666,2,320,240,RGB,33ccc51d099f1ed1e0a5899bb37c9afcaf4c1bbb401088ff89f295a34441c575,0.40915364583333336,0.13741526907042612,0.19838210940361023,0.19607843458652496,0.22745098173618317,0.239215686917305,0.08116876602172851,0.4530648396068229,0.5777127606953909,0.09078646626029868,0.16799589563450895,0.13132539550178465,0.0424780435860157,0.10768258571624756,1.8536479522659375,24.0,0.06854851541864239,0.7484675572571142,0.9939687093098958,0.5355885823567709,0.044807943226299204,3.973649874295898,3.8081659930624063,0.17337618941539637,0.0,0.0,0.0,0.0,8.0,0.0,0.0,0.0,0.0,0.0,0.0,0.0,0.0,0.0,0.0,0.5488973045221653,7.451102695477835,0.0,0.0,0.0,0.8861695806274645
66,5,0.9999625730207953,1,2,0.9994916862393627,0.2907219373848998,Dataset\IR_trans_bmp\p3_160\p3045.bmp,p3_160,p3045.bmp,SC160,160,0.26666666666666666,2,320,240,RGB,6cc5b9ddbd9d6bf4a0c67bdf52063ebf3a66463d0b644eea4a32d58f4966d58e,0.40815104166666666,0.11280546162189753,0.2010350078344345,0.20392157137393951,0.23137255012989044,0.24313725531101227,0.08205265045166016,0.49498925588802384,0.5722060361511421,0.0723796878496705,0.15527453984214631,0.17106993471251616,0.03584779426455498,0.08244625478982925,1.8188930494336764,13.0,0.060358578447010786,0.7498773329750785,0.9941099877450981,0.5380979650160845,0.009442991131244817,3.779748612263128,4.026542461558093,0.18426593504753397,0.0,0.0,0.0,0.0,8.0,0.0,0.0,0.0,0.0,0.0,0.0,0.0,0.0,0.0,0.0,0.4435653671919862,7.556434632808013,0.0,0.0,0.0,0.8955320908071712
75,5,0.9956636466402876,1,2,0.9990326804241112,0.24432287849969014,Dataset\IR_trans_bmp\p3_160\p3054.bmp,p3_160,p3054.bmp,SC160,160,0.26666666666666666,2,320,240,RGB,9c737d6dfb1424c3971057505f869a59b22f4253f32e79e709c94d1f13717893,0.41609375,0.1497058455376142,0.19072292745113373,0.1882352977991104,0.2235294133424759,0.23137255012989044,0.07935861587524413,0.49825833540188,0.575181552401183,0.0752017234976976,0.16556146576683498,0.18901626884304576,0.04023970291018486,0.10044116526842117,1.9746435122557193,26.0,0.07394542495931906,0.7446624926348638,0.9941417020909926,0.5281808890548407,0.06508949805983227,4.817874577544123,2.9951182876455125,0.12191763675053198,0.0,0.0,0.0,0.0,8.0,0.0,0.0,0.0,0.0,0.0,0.0,0.0,0.0,0.0,0.0,1.2179246463887845,6.782075353611216,0.0,0.0,0.0,0.8386842836985736
83,5,0.9998352223898987,1,3,0.9986320632537842,0.3915443355208221,Dataset\IR_trans_bmp\p4_240\p4005.bmp,p4_240,p4005.bmp,SC240,240,0.4,3,320,240,RGB,cb83868565f0c9f31ccf8721a9d9737f3e9458e15ac54b2798002a99e9c73c22,0.3819270833333333,0.13732442383744717,0.26331424713134766,0.25882354378700256,0.3176470696926117,0.3294117748737335,0.10056683858235677,0.5191763515171741,0.5722333638131434,0.07473547554724033,0.14575949559981027,0.1628097246438749,0.039478600025177,0.09920870512723923,2.439313234429874,9.0,0.06624164734760671,0.7814686524801414,0.9955329446231618,0.5787679036458333,0.0,0.24710214100640937,3.673257875357971,2.9810445929360427,1.0942315559798172,0.004363834719759989,0.0,0.0,8.0,0.0,0.0,0.0,0.0,0.0,0.0,0.0,0.0,0.0,0.0,0.0038183553797899905,7.99618164462021,0.0,0.0,0.0,0.9184502343005756
90,5,0.9998303078458597,1,3,0.9870232446578022,0.39938003462829996,Dataset\IR_trans_bmp\p4_240\p4012.bmp,p4_240,p4012.bmp,SC240,240,0.4,3,320,240,RGB,52cc37041f65707b96c5d9cbcad5b5c39bd613b6d9a6e6c8744363c0d6524fa3,0.4183072916666667,0.14956732864346636,0.26541489362716675,0.250980406999588,0.32549020648002625,0.33725491166114807,0.11102498372395833,0.5185395273036588,0.5733121816868322,0.07562003739966149,0.14231682393596357,0.273368870289617,0.038744889199733734,0.09444393217563629,2.4227996112948773,11.0,0.09938990225985184,0.7825966094459236,0.9957840265012254,0.5795937332452512,0.0,0.17929402975782854,3.8214530286994957,2.4655419286559175,1.5150345514536512,0.018676461433107142,0.0,0.0,8.0,0.0,0.0,0.0,0.0,0.0,0.0,0.0,0.0,0.0,0.0,0.0,8.0,0.0,0.0,0.0,0.8608724501726578
92,5,0.9998450410253902,1,3,0.9924516463661553,0.3815947081131768,Dataset\IR_trans_bmp\p4_240\p4014.bmp,p4_240,p4014.bmp,SC240,240,0.4,3,320,240,RGB,ab2c8bbc3452df893e48ce4aa7c10d687cf43513aefd7f558d43ce0989e31702,0.38537760416666667,0.10230766631753219,0.25824055075645447,0.250980406999588,0.3176470696926117,0.32549020648002625,0.09952012379964192,0.5278057599697845,0.5653274488016541,0.0709988440358715,0.15095973209763852,0.1671941864177129,0.040961965918540955,0.1022619903087616,2.4571481501636763,14.0,0.03605095110990979,0.7787651189878666,0.995292573816636,0.5757893880208333,0.0,0.4649119843227354,3.656316518566071,3.0603101665709365,0.8162989492178261,0.0021623813224313274,0.0,0.0,8.0,0.0,0.0,0.0,0.0,0.0,0.0,0.0,0.0,0.0,0.0,0.012974287934587965,7.987025712065412,0.0,0.0,0.0,0.8993810854224773
97,5,0.9995595638829339,1,3,0.9974476393254031,0.40409070345972686,Dataset\IR_trans_bmp\p4_240\p4019.bmp,p4_240,p4019.bmp,SC240,240,0.4,3,320,240,RGB,e579886360a36330b98150b7755b0dc135cd96b309afb8cacaa5afa7c3e73c72,0.40553385416666665,0.13048643441965002,0.2632933557033539,0.250980406999588,0.32549020648002625,0.33725491166114807,0.1067743682861328,0.5167824281710762,0.5701019775294404,0.07208284920045471,0.14745312299923508,0.2407975141190249,0.04103832691907883,0.10044116526842117,2.4676704375185885,7.0,0.06424787285278535,0.7814341284043296,0.995403933057598,0.578222416896446,0.0,0.26328463637823085,3.7817948306309197,2.5699149141114144,1.368566383047038,0.016439235832396853,0.0,0.0,8.0,0.0,0.0,0.0,0.0,0.0,0.0,0.0,0.0,0.0,0.0,0.0012843152994060042,7.998715684700594,0.0,0.0,0.0,0.9564136258501231
100,5,0.9999208608031853,1,3,0.5401332706686212,0.4217298088690855,Dataset\IR_trans_bmp\p4_240\p4022.bmp,p4_240,p4022.bmp,SC240,240,0.4,3,320,240,RGB,8ce48e2dcc5ea23281ce8bbd467a767b28244d06f76a84fc8a761a353ca091eb,0.4305338541666667,0.11571147739301377,0.25761595368385315,0.24705882370471954,0.3176470696926117,0.32549020648002625,0.11091238657633463,0.4851801910013176,0.5590260685387525,0.06085806031988641,0.16240249738492285,0.2805793038598551,0.04325404390692711,0.110083669424057,2.4830721115133625,11.0,0.0489339180402238,0.7785926690980709,0.9954883650237438,0.5754364013671875,0.0,0.546075911084228,3.775593527899592,2.75263874187207,0.9075457432330258,0.018146075911084227,0.0,0.0,8.0,0.0,0.0,0.0,0.0,0.0,0.0,0.0,0.0,0.0,0.0,0.006532587327990322,7.993467412672009,0.0,0.0,0.0,0.903743849641271
102,5,0.9998182577974363,1,3,0.9960659275148407,0.39086871280754526,Dataset\IR_trans_bmp\p4_240\p4024.bmp,p4_240,p4024.bmp,SC240,240,0.4,3,320,240,RGB,de40d5f1f87a2cc805ba9169c6c46914ba8de3fb46d6d0114be0c448b3c15b24,0.4083984375,0.11002710027100271,0.2595457136631012,0.24705882370471954,0.32549020648002625,0.3294117748737335,0.10599806467692058,0.5121601827426439,0.5629227290518649,0.06408697118501465,0.15079762141680456,0.24971145976004377,0.04198628291487694,0.10595494508743286,2.4918739047319582,11.0,0.052223816355810616,0.7794949835239176,0.9951993456073835,0.5759495753867954,0.0,0.5414952973059143,3.6705882352941175,2.5835166586959986,1.190371433126096,0.014028375577873425,0.0,0.0,8.0,0.0,0.0,0.0,0.0,0.0,0.0,0.0,0.0,0.0,0.0,0.0033157978638609915,7.996684202136139,0.0,0.0,0.0,0.8973102724292032
112,5,0.999950799592071,1,4,0.9967235039124116,0.5410095920599206,Dataset\IR_trans_bmp\p5_320\p5034.bmp,p5_320,p5034.bmp,SC320,320,0.5333333333333333,4,320,240,RGB,94deecf594a4e1c2ed8e5d69bb435d9aa86727c675334137c96a288483469ff0,0.40001302083333334,0.10452133719605482,0.29824796319007874,0.2823529541492462,0.3921568691730499,0.40392157435417175,0.11930306752522786,0.5522828046744113,0.5337698656020641,0.06224062569900877,0.14123621378266699,0.35169682909908834,0.052342489361763,0.1264667809009552,2.783892002744966,8.0,0.051267862374271674,0.8010545442890189,0.99723648370481,0.6000662410960478,0.0,0.050779597018326225,3.0394843917841214,1.6916116011848572,1.7926499788418346,1.3937046320106767,0.03176979916018359,0.0,8.0,0.0,0.0,0.0,0.0,0.0,0.0,0.0,0.0,0.0,0.0,0.0,8.0,0.0,0.0,0.0,0.9526151555511861
115,5,0.9999797278370887,1,4,0.995636165300588,0.5436273116046435,Dataset\IR_trans_bmp\p5_320\p5037.bmp,p5_320,p5037.bmp,SC320,320,0.5333333333333333,4,320,240,RGB,7e29cd7c0f58bb80a40b7de5d63d5fee57da9c1298138d2eeb2f83967efa7454,0.404296875,0.11468599033816425,0.2999610900878906,0.2823529541492462,0.3921568691730499,0.40784314274787903,0.12127333323160808,0.5220016623153376,0.5345728914736853,0.04097997034514991,0.14087439408083746,0.35926551114794647,0.05191933736205101,0.1254902482032776,2.8010283687009023,8.0,0.05603864734299517,0.8019847337094099,0.9971946566712623,0.6017590691061581,0.0,0.03684380032206119,2.9008695652173913,1.8241545893719806,1.7285668276972626,1.4696296296296296,0.03993558776167472,0.0,8.0,0.0,0.0,0.0,0.0,0.0,0.0,0.0,0.0,0.0,0.0,0.0,8.0,0.0,0.0,0.0,0.8951262829299099
118,5,0.9999351443877867,1,4,0.9988642775181455,0.5314437096347389,Dataset\IR_trans_bmp\p5_320\p5040.bmp,p5_320,p5040.bmp,SC320,320,0.5333333333333333,4,320,240,RGB,b6b541700d6132faa8ccfff63f9722543809c2dc08682d8e206e41f3a4548ad1,0.4046354166666667,0.1058051229244433,0.287842720746994,0.2705882489681244,0.3843137323856354,0.3960784375667572,0.11647135416666667,0.5407337410037596,0.5335710748653367,0.0527849857798163,0.14347929207284693,0.3658906857048932,0.05349801108241081,0.12994543462991714,2.8816442525141834,9.0,0.04804350624275969,0.7953634421918645,0.9965996237362132,0.5921436384612438,0.0,0.2139271463508817,3.318316385635217,1.5672544729051359,1.877976573561591,1.0001287166945554,0.022396704852619385,0.0,8.0,0.0,0.0,0.0,0.0,0.0,0.0,0.0,0.0,0.0,0.0,0.0020594671128845413,7.997940532887116,0.0,0.0,0.0,0.9380357848975944
126,5,0.9999696134709213,1,4,0.7852009263569543,0.5551697246414135,Dataset\IR_trans_bmp\p5_320\p5048.bmp,p5_320,p5048.bmp,SC320,320,0.5333333333333333,4,320,240,RGB,caac11f9172e5ac8a4acdd48186f3466d039b3887bcf9c36afb76d0112154b7c,0.39421875,0.10969084423305589,0.30546826124191284,0.29411765933036804,0.3960784375667572,0.4117647111415863,0.12042132059733072,0.5310284093381981,0.5399941816948832,0.05061913428242436,0.1480329306392607,0.27559277058222137,0.053108930587768555,0.12994548678398132,2.821777817033166,9.0,0.04901572202404545,0.8050296719513792,0.9970248951631434,0.6054285984413297,0.0,0.03672876205575373,2.628352490421456,1.8731668648434403,1.7920465054828907,1.6097238736953363,0.059981503501123,0.0,8.0,0.0,0.0,0.0,0.0,0.0,0.0,0.0,0.0,0.0,0.0,0.0,8.0,0.0,0.0,0.0,0.9499946091063995
130,5,0.9999316567687314,1,4,0.9861272878724351,0.5293071352622467,Dataset\IR_trans_bmp\p5_320\p5052.bmp,p5_320,p5052.bmp,SC320,320,0.5333333333333333,4,320,240,RGB,0a6975e10f6130539aa0dd677cc1dc6c2140f0ff70ae06b0582f0a1f6c80019f,0.42313802083333335,0.11207188355848233,0.28830522298812866,0.2705882489681244,0.3843137323856354,0.4000000059604645,0.12199289957682291,0.49233965663646095,0.5409526960548032,0.04166298326577698,0.14517883516373417,0.38394046354344813,0.05324963480234146,0.13088883459568024,2.8902183924872173,9.0,0.05003538788195833,0.7956070713490747,0.9964841356464461,0.5928683411841299,0.0,0.20506508293073206,3.3145213404314244,1.5905468197064345,1.8310613287380373,1.0248330615133705,0.03397236668000123,0.0,8.0,0.0,0.0,0.0,0.0,0.0,0.0,0.0,0.0,0.0,0.0,0.0014770594208696186,7.9985229405791305,0.0,0.0,0.0,0.8932976261360526
135,5,0.9988031761134515,1,5,0.9872100550227123,0.657945681585799,Dataset\IR_trans_bmp\p6_400\p6005.bmp,p6_400,p6005.bmp,SC400,400,0.6666666666666666,5,320,240,RGB,1cb8d77bf2605b06d07ce3efe9618481a8ded5dd39beb80c232e392729c28bac,0.41423177083333335,0.1005249426335146,0.33930522203445435,0.32549020648002625,0.4627451002597809,0.46666666865348816,0.14055100758870442,0.5504815351670617,0.5607479738964156,0.07898545261845928,0.14989639667160462,0.13935616392402267,0.07274282723665237,0.19227686524391174,3.1311686074965572,8.0,0.03677741803665168,0.8246431830209061,0.9746100930606618,0.6569758396522671,0.0,0.09882752333951529,2.172696696319115,1.5731933486310627,0.8964888567566718,1.2807342910131079,1.937321220884544,0.0407380630559834,7.749284883538176,0.23084902398390594,0.019866092477917832,0.0,0.0,0.0,0.0,0.0,0.00603526860088643,0.05029390500738692,0.19438594285355043,0.5585138151070317,7.190771068431144,0.0,0.0,0.0,0.7836015194717085
143,5,0.9998966169271607,1,5,0.9996871165586955,0.6833194792712257,Dataset\IR_trans_bmp\p6_400\p6013.bmp,p6_400,p6013.bmp,SC400,400,0.6666666666666666,5,320,240,RGB,1515f68acc7e1e92ad806fc97ab8f349ffbbd2c01c3e466a812be1d84106f48b,0.41735677083333333,0.11162761675974167,0.32373490929603577,0.30980393290519714,0.45490196347236633,0.4627451002597809,0.13511295318603517,0.510587469533402,0.5485327061908049,0.04967411882785343,0.14630988974893722,0.16805370293467115,0.07608509808778763,0.20339301228523254,3.251814374772752,10.0,0.047702243159766636,0.816717478150096,0.9783054127412684,0.6422564936619178,0.0062396655539263095,0.33394690044613606,2.65285620690731,1.172308364271675,0.8398589835584813,1.2983496084609865,1.6717311952079368,0.024709075593548187,7.835522415998502,0.15773874520325712,0.006738838798240414,0.0,0.0,0.0,0.0,0.0,0.0004991732443141048,0.03394378061335913,0.1300346301438243,0.42230056468973265,7.41322185130877,0.0,0.0,0.0,0.9901312527660762
152,5,0.9991965842910056,1,5,0.9625968027199038,0.6168564080228865,Dataset\IR_trans_bmp\p6_400\p6022.bmp,p6_400,p6022.bmp,SC400,400,0.6666666666666666,5,320,240,RGB,06ec14a80014a5100d3d047ff24abfa2d4edfd3b33206bfcb96bfcdf7fa95d99,0.4061458333333333,0.11393947165939984,0.3162926435470581,0.29411765933036804,0.45098039507865906,0.4627451002597809,0.1284609349568685,0.5064851554336026,0.5441873075985784,0.04466066942858522,0.14143125600301826,0.17814784835347544,0.07965412735939026,0.20964808762073517,3.2799508940183015,6.0,0.08040523211079764,0.8133771672595147,0.980648624195772,0.6346265007467831,0.015388561169530648,0.7422416004103616,2.4572967427545525,1.073865093613747,0.8538086688894588,1.3272634008720186,1.517312131315722,0.012823800974608874,7.884329315209028,0.11438830469351116,0.0012823800974608873,0.0,0.0,0.0,0.0,0.0,0.0,0.017696845344960247,0.0979738394460118,0.38086688894588355,7.503462426263145,0.0,0.0,0.0,0.9036850250017716
154,5,0.9992738870473686,1,5,0.9944556806383517,0.6436133000651579,Dataset\IR_trans_bmp\p6_400\p6024.bmp,p6_400,p6024.bmp,SC400,400,0.6666666666666666,5,320,240,RGB,5f83ac56647ae380ac9c08f5a678aac41bcccaf843381a4ebb6d25ff7180a408,0.402578125,0.11705155572805485,0.3209874629974365,0.30588236451148987,0.45098039507865906,0.4627451002597809,0.12922252655029298,0.5101664498666055,0.5576608709036333,0.05855025820827491,0.14412050006608038,0.15185149040736146,0.07698967307806015,0.20392155647277832,3.2520045125666637,8.0,0.07752765379390646,0.8159669844131896,0.9803611007391237,0.6384736902573529,0.011384953748625396,0.4383207193220778,2.6089656510770425,1.1149492205187916,0.8844039071091274,1.3452357849796235,1.583026068956595,0.013713694288116954,7.870884274532635,0.12549324018371175,0.003622485283653535,0.0,0.0,0.0,0.0,0.0,0.0,0.020441166957759233,0.10867455850960606,0.3801022058347888,7.490782068697846,0.0,0.0,0.0,0.9161378414375556
155,5,0.9998678745491901,1,5,0.9523191174444143,0.6653623873274936,Dataset\IR_trans_bmp\p6_400\p6025.bmp,p6_400,p6025.bmp,SC400,400,0.6666666666666666,5,320,240,RGB,bab50aafffcc7b4bbf1acf5714c3bb7a22a695bc91dd1256d866078efb77d784,0.4063802083333333,0.11842358218519705,0.3210165202617645,0.30588236451148987,0.45098039507865906,0.4627451002597809,0.1304547627766927,0.5288585509589984,0.5499876107303703,0.05771981626776142,0.1446192018419828,0.15590215674884716,0.07616325467824936,0.20095886290073395,3.2530236797970433,7.0,0.07705863505286767,0.8159267489470583,0.9800818948184743,0.638615447399663,0.0099967958987504,0.4416533162447933,2.6058314642742713,1.1209227811598848,0.8956103812880487,1.3223966677347003,1.5887215636014098,0.01486702979814162,7.865427747516821,0.12970201858378724,0.004870233899391221,0.0,0.0,0.0,0.0,0.0,0.0,0.021531560397308556,0.1130406920858699,0.387568087151554,7.477859660365268,0.0,0.0,0.0,0.9206217850797381
160,5,0.9998443444593353,1,6,0.9958932800347288,0.7929038299251797,Dataset\IR_trans_bmp\p7_480\p7030.bmp,p7_480,p7030.bmp,SC480,480,0.8,6,320,240,RGB,e3c50a5c5288cd2c55cae076cebab0a4b656539a47fd45df3fbebebf4d5940b8,0.41908854166666665,0.0016777480892313428,0.39947086572647095,0.4000000059604645,0.5137255191802979,0.5411764979362488,0.16741366068522134,0.6630614016414392,0.5388050803283324,0.1676151990857604,0.10796796734234701,0.23743995036483362,0.08144181221723557,0.2184845507144928,3.3408763407329256,3.0,0.0011184987261542286,0.7527260380750261,0.9414552576401655,0.7173209994446997,0.0,0.0004971105449574349,0.10339899335114647,1.8472627850618282,1.7120487168334058,1.053128689492326,2.265084198098552,1.018579506617784,6.03492201578326,1.2840365376250544,0.5667060212514758,0.10464176971354004,0.00969365562666998,0.0,0.0,0.0,0.44789660100664885,0.7498912570682905,0.7672901261418008,0.5624805816193376,5.4724414341639225,0.0,0.0,0.0,0.9693465534931069
161,5,0.9996198184197014,1,6,0.990433677892497,0.7826445784870452,Dataset\IR_trans_bmp\p7_480\p7031.bmp,p7_480,p7031.bmp,SC480,480,0.8,6,320,240,RGB,c07b98bc7a8096671c535f1619462cc1930f1044d3f81abde47f2e3f7b88e500,0.41540364583333333,0.001974735918252202,0.40225252509117126,0.4000000059604645,0.5137255191802979,0.545098066329956,0.16709716796875,0.6804977989591425,0.5275420710461284,0.18258702337955185,0.11022755419336888,0.237983084227227,0.0807543694972992,0.21513610184192575,3.3284636405171613,3.0,0.0011911105538664076,0.7466727315380587,0.9403942033356312,0.7199764476102941,0.0,0.0007522803498103627,0.0865122402281917,1.708679434535937,1.8160047644422155,1.0238535560919035,2.279409459925399,1.084788264426543,5.975613578660314,1.2936714415572204,0.6090963232297903,0.11033445130551986,0.01128420524715544,0.0,0.0,0.0,0.4721812995643043,0.7831238441525875,0.7690812776227941,0.5524245368774097,5.423189041782904,0.0,0.0,0.0,0.9084450040318929
164,5,0.9997581601476898,1,6,0.9967629310424042,0.8045306577973567,Dataset\IR_trans_bmp\p7_480\p7034.bmp,p7_480,p7034.bmp,SC480,480,0.8,6,320,240,RGB,2c4812ca641879176e6764c4edd3211c3166a9e97694e14714d5633febe89c41,0.41596354166666666,0.002379014587115758,0.4063080847263336,0.40392157435417175,0.5215686559677124,0.545098066329956,0.1690093485514323,0.6612389581893066,0.5319642751314962,0.1643767517706045,0.10813319440981287,0.26692750697797424,0.08090955764055252,0.21693044900894165,3.343666733917248,2.0,0.0015025355287046891,0.7343534331081966,0.9400197347005208,0.723121373793658,0.0,0.0,0.0555938145620735,1.5233206035184375,1.9420271708508108,1.0745633256119702,2.1949539848494335,1.2095411006072747,5.895698992049083,1.2831653415138045,0.6801477493269893,0.1252112940587241,0.015776623051399236,0.0,0.0,0.0,0.5271395479872284,0.8464283478369748,0.7307331121267139,0.5243848995179365,5.371314092531146,0.0,0.0,0.0,0.9928833321032786
176,5,0.9999049630834684,1,6,0.8309566831009609,0.7952520208179904,Dataset\IR_trans_bmp\p7_480\p7046.bmp,p7_480,p7046.bmp,SC480,480,0.8,6,320,240,RGB,8e1ada1ae4892f3719f2ba833558331c874518acd0958d66a3a273f7f596c55c,0.41106770833333334,0.0018371872030408616,0.40758588910102844,0.40392157435417175,0.5215686559677124,0.5490196347236633,0.16754539489746093,0.624513247931708,0.5145501382246626,0.12536050188500278,0.12667891114519098,0.2817712563282534,0.08192058652639389,0.21407587379217147,3.3505230267545687,3.0,0.0009502692429521698,0.7319748521517109,0.9406972249348958,0.7233935187844669,0.0,0.0,0.03978460563826418,1.4786189420335762,1.9963256255939184,1.0888818498574595,2.161292366170415,1.2350966107063668,5.894963573012354,1.2541019955654102,0.6882483370288248,0.15102945834653153,0.01165663604687995,0.0,0.0,0.0,0.5509027557808046,0.8400380107697181,0.7140956604371238,0.5187203040861578,5.376243268926196,0.0,0.0,0.0,0.8041133582429166
181,5,0.9997880044094343,1,6,0.9981711997896944,0.7745351240273164,Dataset\IR_trans_bmp\p7_480\p7051.bmp,p7_480,p7051.bmp,SC480,480,0.8,6,320,240,RGB,888d52de31f58b3142c9066fa3c2538fa006a2dc2e82821802860d569fb0696f,0.41790364583333334,0.002212182582956847,0.40457797050476074,0.40392157435417175,0.5215686559677124,0.545098066329956,0.16907460530598958,0.6659726857152138,0.550255603997888,0.1734144115600364,0.10171696312450398,0.27386482871345347,0.08248840272426605,0.21876588463783264,3.354445478620854,2.0,0.001589032559588721,0.7385132006426763,0.9408198337928921,0.7216728659237133,0.0,0.0004985200186945007,0.07303318273874436,1.5875369995326374,1.9001090512540895,1.0650880199408008,2.2086929428259854,1.1650412836890482,5.930643402399127,1.2687334475775043,0.6463312042374202,0.13908708521576568,0.015204860570182272,0.0,0.0,0.0,0.5279326997974763,0.7826764293503661,0.7587474684530301,0.5269356597600873,5.403707742639041,0.0,0.0,0.0,0.9447018485099444
183,5,0.9999643079805572,1,7,0.9982472867253313,0.9347289148005649,Dataset\IR_trans_bmp\p8_560\p8053.bmp,p8_560,p8053.bmp,SC560,560,0.9333333333333333,7,320,240,RGB,7968f6cedb7eaf8cce3d0cb0428f6a25c4ae91d659ef324cef2e429fa6d7a022,0.42138020833333334,0.10608120635313022,0.47177737951278687,0.4470588266849518,0.6549019813537598,0.7019608020782471,0.19879764556884766,0.5154113555727078,0.545752066919042,0.048277960892657096,0.14568555424636376,0.7152989751372348,0.1105133518576622,0.2749576270580292,3.8469970442501675,9.0,0.04001606822816884,0.5991229265095801,0.958326691272212,0.7778282614315257,0.0,0.0,0.006674494777825845,0.36858043384216055,1.950188492676596,1.4416908720103825,1.5529324516408134,2.6799332550522217,4.727767134293307,0.7517458747914221,0.7678141029602621,0.9806563253198195,0.506025585563315,0.19553797663926828,0.06625054075767876,0.004202459674927384,2.346950126691799,0.40763858846795625,0.5176441505469378,0.4402694518262159,4.287497682467091,0.0,0.0,0.0,0.8178315649645425
189,5,0.9999705353206066,1,7,0.9954348530811148,0.9372865044243441,Dataset\IR_trans_bmp\p8_560\p8059.bmp,p8_560,p8059.bmp,SC560,560,0.9333333333333333,7,320,240,RGB,4144ba06b6c0e0be34556e120d3049d0c8f1e81c700640637ba531eadc9f841e,0.41954427083333334,0.11688029545948295,0.47641199827194214,0.45098039507865906,0.6627451181411743,0.7098039388656616,0.19987592061360676,0.510642630540932,0.5463984935800604,0.04760342205482381,0.1441368979730364,0.7180040437844862,0.11128531396389008,0.2786797285079956,3.8583871850717886,7.0,0.048136308618602776,0.5954773972154329,0.9581714704924938,0.7820548263250613,0.0,0.0,0.005462276155302442,0.3068806058160827,1.835573073461407,1.5368858818782782,1.58182551751963,2.7333726451692995,4.664783836628286,0.7662083734210609,0.7530492535923776,0.9653331678098135,0.5621178734365786,0.20955277613978462,0.07374072809658297,0.005213990875515968,2.407374072809658,0.4168709847614909,0.5109711058005648,0.4253126842742311,4.239471152354055,0.0,0.0,0.0,0.854685380590842
197,5,0.9999808467851866,1,7,0.9945238831320792,0.9366088007069071,Dataset\IR_trans_bmp\p8_560\p8067.bmp,p8_560,p8067.bmp,SC560,560,0.9333333333333333,7,320,240,RGB,634f07513b09bc40144d10e11867d3b8cffbc62dbc671e1de4764073e98d5564,0.41940104166666664,0.12918348339025149,0.48225703835487366,0.45490196347236633,0.6666666865348816,0.7176470756530762,0.2022591018676758,0.5062230311662985,0.5465542499010109,0.04696833295681776,0.14360689325153964,0.7605057987781214,0.11080185323953629,0.2749576270580292,3.85335468006982,7.0,0.08109282831418814,0.5908902557202558,0.9577898810891544,0.7870465446920956,0.0,0.0,0.003725551071095933,0.23098416640794783,1.686681154920832,1.6839490841353617,1.595529338714685,2.7991307047500777,4.59534306116113,0.7831108351443651,0.733436820863086,0.9537410742005589,0.6092517851598882,0.22328469419434957,0.09164855634895995,0.010183172927662217,2.4499223843526856,0.4291834833902515,0.5255510710959329,0.4388699161751009,4.1564731449860295,0.0,0.0,0.0,0.9096449393842374
199,5,0.9999694185296037,1,7,0.9961615286555143,0.9315891060327499,Dataset\IR_trans_bmp\p8_560\p8069.bmp,p8_560,p8069.bmp,SC560,560,0.9333333333333333,7,320,240,RGB,0f7788b75b97d7776b185a2ab4cf457b9af8b90bbb4ae43abec3ec3765c38892,0.42130208333333335,0.12547904561750525,0.4802962839603424,0.45098039507865906,0.6666666865348816,0.7176470756530762,0.2023498280843099,0.5228175580035164,0.5458466738515155,0.051210921261885846,0.14416667686222567,0.7652989642545005,0.11139038950204849,0.2749576270580292,3.8564005037711917,8.0,0.05263320558783533,0.5935101642288976,0.9580380308861826,0.7850472244561887,0.0,0.0,0.005192236370379528,0.2596118185189764,1.7309927061441464,1.6466806774632217,1.59129682284584,2.766225738657436,4.64284831252318,0.7672147360613178,0.723698850290518,0.9494375077265422,0.5879589566077389,0.22450241068117197,0.0939547533687724,0.010384472740759055,2.417851403140067,0.42551613302015084,0.5137841513166028,0.45642230189145755,4.186426010631722,0.0,0.0,0.0,0.9079177627863698
200,5,0.9998971557976422,1,7,0.9769830502363281,0.920054589482891,Dataset\IR_trans_bmp\p8_560\p8070.bmp,p8_560,p8070.bmp,SC560,560,0.9333333333333333,7,320,240,RGB,fe365a6124a8c8b526938fcb024c4434301d4a185318baaf297d7f2d13a7abe1,0.4208072916666667,0.1327124203230398,0.4841320812702179,0.45490196347236633,0.6705882549285889,0.7254902124404907,0.20372631072998046,0.5301621360633287,0.5489148647445031,0.057466672470883426,0.14337796081266063,0.7770279314963463,0.10996987670660019,0.27061665058135986,3.8562125045823437,7.0,0.08301875116034409,0.5905511099532996,0.9573367249731924,0.7884617225796569,0.0,0.0,0.002970480846587041,0.2066959589083483,1.6902036017080264,1.6906986818491243,1.5981186954638282,2.811312581224086,4.565133981063185,0.8032675289312458,0.7267776471316294,0.9394145677331518,0.6121665944674795,0.24085648864409925,0.10025372857231264,0.012129463456897084,2.4650040225261463,0.43393774367225696,0.5349340924562164,0.4440868865647627,4.122037254780618,0.0,0.0,0.0,0.9718082975232386
205,5,0.9999959162863271,1,7,0.9941778776605942,0.959256251728342,Dataset\IR_trans_bmp\p8_560\p8075.bmp,p8_560,p8075.bmp,SC560,560,0.9333333333333333,7,320,240,RGB,8dec29612d8fa52ed380026f020d9dded8d78a64eedd915c03321d3d4d34ddf6,0.426875,0.13473035627135188,0.48466673493385315,0.4588235318660736,0.6705882549285889,0.7176470756530762,0.2068921152750651,0.5249656972344435,0.5620571044458044,0.06689073366767159,0.1442101978608884,0.7373970773747708,0.09256185591220856,0.23325909674167633,3.859581062692022,5.0,0.06975963884821865,0.5850688998259646,0.9562601126876532,0.7897760727826286,0.0,0.0,0.0019521717911176184,0.20717423133235724,1.6710590531966814,1.6739873108833578,1.5807711078574915,2.8650561249389948,4.459248413860419,0.8665202537823329,0.7215714982918496,0.9812103465104929,0.6515373352855052,0.21205466081015129,0.09199609565641777,0.01586139580283065,2.4904831625183017,0.44899951195705223,0.5990727183992192,0.4258174719375305,4.035627135187896,0.0,0.0,0.0,0.8189787828072064
213,5,0.9999860056853658,1,7,0.9987822794426182,0.9470334895456776,Dataset\IR_trans_bmp\p8_560\p8083.bmp,p8_560,p8083.bmp,SC560,560,0.9333333333333333,7,320,240,RGB,af35ada36209d1ef16e69627eef83c2cc61424a991966088eb0a9da5648537bb,0.42130208333333335,0.14161206576832736,0.49185094237327576,0.4627451002597809,0.6745098233222961,0.7254902124404907,0.20721782684326173,0.5004136379914351,0.5496617692998413,0.04966349188668294,0.1477217221445296,0.7344334834190269,0.11179623007774353,0.28246182203292847,3.8516490979676288,7.0,0.08981332674001731,0.5765502759198237,0.9554433785232843,0.7975772034888174,0.0,0.0,0.002472493509704537,0.1730745456793176,1.5284954876993448,1.60761528000989,1.713932500927185,2.974409692174558,4.374088268018297,0.8443565335640993,0.7550995178637656,1.000618123377426,0.6492767956484115,0.25392508344665593,0.109531462479911,0.013104215601434046,2.606502657930523,0.4398565953764371,0.5795524786747435,0.48312523179626654,3.89096303622203,0.0,0.0,0.0,0.9265837589417765
225,5,0.9998415647980567,1,8,0.9921574775972458,0.9798514847578431,Dataset\IR_trans_bmp\p9_600\p9095.bmp,p9_600,p9095.bmp,SC600,600,1.0,8,320,240,RGB,e16946196710a0106d91e60d832629de6dedb8f37c5cc77b7e392ff17b548e11,0.41766927083333333,0.2331888892352776,0.5258983969688416,0.47058823704719543,0.7529411911964417,0.8196078538894653,0.2196515909830729,0.4908180960374586,0.5479230518048938,0.048794735931982094,0.13858870334186293,0.8391264883190758,0.12805715203285217,0.3080965578556063,4.0116117769189,5.0,0.23153661502010786,0.539615311436147,0.9468881046070772,0.8246690937117034,0.0,0.0024939988153505625,0.00199519905228045,0.09003335723415531,0.7282476540823644,2.100445802288244,1.6615020107865448,3.415281977741061,4.048009477195499,0.8125448140412134,0.7147800604794713,0.6207563051407551,0.8272594070517817,0.5559123359416405,0.29354366056676123,0.1271939395828787,2.7461420955825044,0.66490008417246,0.492065966268666,0.46388377965520466,3.61305608379836,0.006484396919911463,0.012469994076752814,0.000997599526140225,0.9751703180633841
226,5,0.9999550568907319,1,8,0.9720348137925278,0.9974865366818451,Dataset\IR_trans_bmp\p9_600\p9096.bmp,p9_600,p9096.bmp,SC600,600,1.0,8,320,240,RGB,ace8f20f36ba2d99f89d0fc7b0e6e23c86b0730b60c1a4a94b750f8fcc6ee748,0.4206640625,0.23029064908533756,0.523551344871521,0.47058823704719543,0.7529411911964417,0.8156862854957581,0.2202392323811849,0.4994198194668103,0.548900734115285,0.0489041757569319,0.13810520792431924,0.8258929311606363,0.12781260907649994,0.30809656381607076,4.022728736049893,5.0,0.22852632556411923,0.5402172664024311,0.9482613357843137,0.8220394358915442,0.0,0.0032191166001176216,0.003961989661683226,0.10796421828086793,0.7767975980437676,2.1030736372922276,1.6070820565202588,3.397901383601077,4.079115981056737,0.7916550592750797,0.7168725044108089,0.627480112669081,0.8330083263688984,0.5420497105890364,0.29170148884142755,0.1181168167889312,2.7478874547311727,0.6435756956696691,0.48460086049462964,0.4363141114928653,3.6700405484879437,0.005695360138669638,0.01188596898504968,0.0,0.9899821173966551
230,5,0.9999503696485132,1,8,0.9941583153051196,0.9954304370986974,Dataset\IR_trans_bmp\p9_600\p9100.bmp,p9_600,p9100.bmp,SC600,600,1.0,8,320,240,RGB,4c2ef94713d2684aa3ac1832cc33c2adb6f09caee851a469c42945c2e79cbc9e,0.420390625,0.2280555039335935,0.5213602185249329,0.47058823704719543,0.7490196228027344,0.8156862854957581,0.21917495727539063,0.5230792446056315,0.5431534716432652,0.048937446259818926,0.13856906095316893,0.8374854815989293,0.1287270337343216,0.31372547149658203,4.0424731305697215,5.0,0.22629003283156787,0.5440191343509951,0.947316068761489,0.8194925944010417,0.0,0.002230068760453447,0.0032212104317660907,0.1266183485101902,0.8724524561729542,2.021681224059964,1.6187821346713747,3.3550145573932975,4.0953973858638415,0.8248776559499473,0.6920646719940532,0.6266493216874187,0.8266121538747445,0.520844948274794,0.28420987424890043,0.12934398810629993,2.7018521959982653,0.6509322926345784,0.49557083565632165,0.44527039583720496,3.68605587561172,0.007433562534844824,0.010159202130954594,0.002725639596109769,0.9887542105795508
231,5,0.9998806121717955,1,8,0.9968346160114048,0.9934988920719117,Dataset\IR_trans_bmp\p9_600\p9101.bmp,p9_600,p9101.bmp,SC600,600,1.0,8,320,240,RGB,7d9b5ff49f0ced9c97406931e7bbbeeadff68b7ca1fbd10f64cfe5aee3f94487,0.42075520833333335,0.22723896763012935,0.5198363661766052,0.47058823704719543,0.7490196228027344,0.8117647171020508,0.21872385660807292,0.5260342057030779,0.5409204271136072,0.04850011568800857,0.13834265545555888,0.8242085237252899,0.12619303166866302,0.3110176622867584,4.044167166374963,5.0,0.22559881166058054,0.544678203220474,0.9480743408203125,0.8179380529067095,0.0,0.002723277836231974,0.004703843535309773,0.1262610633162097,0.9276474593055641,2.0080460481525035,1.5881661199480102,3.342452187906171,4.110416537723587,0.837779290709909,0.6711642012749892,0.6298198923067401,0.8400074271213716,0.5151946524726125,0.2740607786098905,0.12155721978089992,2.686884941511419,0.6523488271337501,0.5038063997029152,0.43300117596088383,3.703905427987869,0.007179550659157021,0.01213096490685152,0.0007427121371541747,0.961871524085598
233,5,0.9999732650350811,1,8,0.9898164042662199,0.9988284228211929,Dataset\IR_trans_bmp\p9_600\p9103.bmp,p9_600,p9103.bmp,SC600,600,1.0,8,320,240,RGB,39acf6db743922c55e096272f36a3341a6beb790d6556823db436e42afc6305b,0.4204817708333333,0.23463289257733874,0.5258500576019287,0.4745098054409027,0.7607843279838562,0.8235294222831726,0.22111035664876302,0.5186635327030998,0.5413987691153411,0.045411293058280115,0.13885250863061718,0.8450714192677691,0.12553773820400238,0.30982866883277893,4.036384983662802,5.0,0.23286780416808597,0.5418444159310624,0.9456946877872243,0.8236189299938725,0.0,0.0032205121853033166,0.002229585359056142,0.09512897531972873,0.7949710463567956,2.0336295791657633,1.6768959217167807,3.393924379896572,4.041247329142538,0.8264329730901434,0.7050444368748645,0.6138791688601245,0.8229647291982782,0.547239339795002,0.2952961942216579,0.14789582881739077,2.724553308766606,0.6656550955315393,0.5061158765057443,0.4322918279503298,3.647106184002725,0.007679682903415601,0.01387297556746044,0.0027250487721797293,0.934793391145209
235,5,0.9999652101849852,1,8,0.9986310049424488,0.9972363142743197,Dataset\IR_trans_bmp\p9_600\p9105.bmp,p9_600,p9105.bmp,SC600,600,1.0,8,320,240,RGB,333868a6155ec2d7acd05313af054a9136bc3c4f9c0edaa0eb393bd29c726c19,0.420234375,0.23415132924335377,0.5264001488685608,0.47058823704719543,0.7607843279838562,0.8235294222831726,0.22121144612630209,0.5165948709347487,0.5425244698280611,0.04564778500101234,0.13906024463619757,0.8620455076848494,0.1307038515806198,0.3188309967517853,4.040711200436735,5.0,0.23247815579103923,0.5472393781779199,0.9442919562844669,0.824073522231158,0.0,0.0032224081303835906,0.002230897936419409,0.10435644791473013,0.7644543595463841,2.03433104046601,1.740596145504121,3.3508087005019522,4.046848856664807,0.840304889384644,0.6900910949990705,0.6100266468364628,0.7991572163351305,0.5492966474561567,0.3014190989651112,0.16285554935861685,2.7095494825556177,0.6258908099398897,0.5430997087438805,0.4704715870360042,3.623474003842102,0.009667224391150772,0.01140236723058809,0.006444816260767181,0.9463742648665496
237,5,0.9998814642883431,1,8,0.9996443110309796,1.0,Dataset\IR_trans_bmp\p9_600\p9107.bmp,p9_600,p9107.bmp,SC600,600,1.0,8,320,240,RGB,7461827ab90c85308f1851ae1d312d09fafe1c451150cac7923c3f0c33267ff8,0.421171875,0.2333209670438385,0.5250752568244934,0.47058823704719543,0.7607843279838562,0.8235294222831726,0.2211469268798828,0.5344757054109086,0.5427604106979871,0.05492747023703423,0.13897786802977288,0.859607603667064,0.13076628744602203,0.3216642439365387,4.048416126748887,5.0,0.23146602361961294,0.5464658257681564,0.9449240890203737,0.822378599877451,0.0,0.004204538428244605,0.003957212638347864,0.10882334755456625,0.8211216224571817,2.0268348482037966,1.6852779323563964,3.3497804983614667,4.074939714338712,0.8146911519198664,0.7028998948865393,0.6012489952389786,0.8045507945341001,0.5438694119829345,0.29060780312867124,0.16719223397019725,2.693377851975515,0.6326593705558647,0.5268039324800594,0.464972485005874,3.6539912199344586,0.009645705805972918,0.014592221603907747,0.003957212638347864,0.9383875992931087
248,5,0.9996516648923864,1,8,0.9966249180469852,1.0,Dataset\IR_trans_bmp\p9_600\p9118.bmp,p9_600,p9118.bmp,SC600,600,1.0,8,320,240,RGB,47e5001d2dde1ed4657b8f4711fbe596186f19435e40980872ee340b9f2ad881,0.4180598958333333,0.24502444949699442,0.5343124866485596,0.47843137383461,0.772549033164978,0.8352941274642944,0.2233746337890625,0.5586127836594695,0.544737418797123,0.07373530395231957,0.13920042766696672,0.8623281058512279,0.12988321483135223,0.31764224767684945,4.032849260170529,7.0,0.24287538542996853,0.5296660694996072,0.9416994581035539,0.8312053605621936,0.0,0.0027408353318590963,0.0019933347868066153,0.06652754850967078,0.6722521568505311,1.990843118323107,1.7351979319151587,3.530445074282867,3.947550378422151,0.7781480673996325,0.791852244058928,0.5793129224156726,0.7564705515931105,0.6171862833649983,0.3343819104868097,0.19509764225869747,2.7891737004391564,0.6921855047185972,0.4781511819852369,0.46295200423583643,3.5366742454916373,0.02043168156476781,0.01121250817578721,0.009219173388980597,0.8039302014249766
5,6,0.0006038974959263812,0,0,0.9989721141487762,0.005265784662702555,Dataset\IR_trans_bmp\p1_Noload\p1006.bmp,p1_Noload,p1006.bmp,Healthy,0,0.0,0,320,240,RGB,224f60c41563f15087fee7177fdbd601265c5ba4de26dda5e3e220c15bc537cf,0.4397916666666667,0.12026290857413548,0.17694790661334991,0.16862745583057404,0.22745098173618317,0.239215686917305,0.07782021204630533,0.5943389862736871,0.6136241850371905,0.14768310586019184,0.29239006834348175,0.37548626630988363,0.05284281447529793,0.14117646217346191,2.0461188789821287,32.0,0.04686759829464709,0.7377613429916637,0.9962142645143995,0.5121681961358763,0.8827569872098532,4.6686404547607765,2.400521080056845,0.04808147797252487,0.0,0.0,0.0,0.0,8.0,0.0,0.0,0.0,0.0,0.0,0.0,0.0,0.0,0.0,0.0,3.4471814306016104,4.552818569398389,0.0,0.0,0.0,0.9227838779644217
6,6,0.0002074572334579357,0,0,0.9994595391578821,0.0,Dataset\IR_trans_bmp\p1_Noload\p1007.bmp,p1_Noload,p1007.bmp,Healthy,0,0.0,0,320,240,RGB,697e6c3f342c955c9ccbe7649f18cc28934dfadfd8581a54f765d88200695dfc,0.43595052083333335,0.11487112093426122,0.18338127434253693,0.1764705926179886,0.23137255012989044,0.24313725531101227,0.07994516372680664,0.6050471314156024,0.6150290054268227,0.15577731512685294,0.292521316641169,0.3668066756521527,0.05039680376648903,0.1335638165473938,2.0932273048675953,36.0,0.044472984677877005,0.7409417349532996,0.9959211162492341,0.5193014705882353,0.1307009945939488,4.999372778590843,2.777455870493713,0.09247035632149578,0.0,0.0,0.0,0.0,8.0,0.0,0.0,0.0,0.0,0.0,0.0,0.0,0.0,0.0,0.0,2.8928646097786803,5.10713539022132,0.0,0.0,0.0,0.9434218695701793
9,6,0.0002451542100355743,0,0,0.9994778361221852,0.0,Dataset\IR_trans_bmp\p1_Noload\p1010.bmp,p1_Noload,p1010.bmp,Healthy,0,0.0,0,320,240,RGB,a6ea0b4f7f0f961523a13d00446d878732c9967c40f56a5ee6e017915255c239,0.442734375,0.12243397447208988,0.17685328423976898,0.16862745583057404,0.22745098173618317,0.239215686917305,0.07829902648925781,0.6210678181679982,0.6168536225619771,0.16826225275389742,0.29351975157419036,0.35999994876253066,0.05203646793961525,0.1373109072446823,2.058683652369058,30.0,0.04717369566496089,0.7376656132703386,0.9962429869408701,0.5119226193895527,1.0086465502029291,4.519263572731016,2.415857890712311,0.0562319863537439,0.0,0.0,0.0,0.0,8.0,0.0,0.0,0.0,0.0,0.0,0.0,0.0,0.0,0.0,0.0,3.4296806070231165,4.5703193929768835,0.0,0.0,0.0,0.9329790452302292
17,6,0.00036740590458235895,0,0,0.9987103566808404,0.010736747803920865,Dataset\IR_trans_bmp\p1_Noload\p1018.bmp,p1_Noload,p1018.bmp,Healthy,0,0.0,0,320,240,RGB,c2fcb38ed7e3765d57646c15e57a171397bc69e45ff91eb69c7b6e5877127112,0.4366536458333333,0.11256895780527806,0.17774350941181183,0.16862745583057404,0.22745098173618317,0.239215686917305,0.07761234919230144,0.6387003738291175,0.6088244744263634,0.17629679502053114,0.29060485565199773,0.3405289387098216,0.049396026879549026,0.1254901885986328,2.0731819930421476,30.0,0.04547487699418518,0.7381501437565468,0.9960918950099571,0.5130886302274816,0.7555091695243775,4.76302370657522,2.426837632324437,0.05462949157596541,0.0,0.0,0.0,0.0,8.0,0.0,0.0,0.0,0.0,0.0,0.0,0.0,0.0,0.0,0.0,3.184016698971224,4.815983301028776,0.0,0.0,0.0,0.8694087594708272
21,6,9.327205137008356e-05,0,0,0.999569955328017,0.0,Dataset\IR_trans_bmp\p1_Noload\p1022.bmp,p1_Noload,p1022.bmp,Healthy,0,0.0,0,320,240,RGB,eef020d2bf21502c08b87446b3176d44acb110208e3bf20f42332f68fe121cab,0.42658854166666665,0.1030462120749649,0.18300196528434753,0.1764705926179886,0.23137255012989044,0.24313725531101227,0.0780665397644043,0.6228133804483725,0.6340798993029212,0.18182559174725152,0.29811307003580295,0.38233681696045557,0.051099248230457306,0.13402357697486877,2.0928960373642855,35.0,0.03778768084976497,0.7407682621279242,0.9957722383386949,0.5189837287454044,0.09694157865820158,5.081985226787132,2.7260850985898295,0.09498809596483732,0.0,0.0,0.0,0.0,8.0,0.0,0.0,0.0,0.0,0.0,0.0,0.0,0.0,0.0,0.0,2.711189793052927,5.288810206947073,0.0,0.0,0.0,0.8092151194526183
24,6,0.9958286537990088,1,1,0.99659549246794,0.11943504611257982,Dataset\IR_trans_bmp\p2_80\p2003.bmp,p2_80,p2003.bmp,SC80,80,0.13333333333333333,1,320,240,RGB,bfc00b0b9d34f3ca0047c0cfdb400832da7ac26ed4aa63190532f4c48ad6e762,0.4300130208333333,0.1403785011355034,0.1493901163339615,0.15294118225574493,0.1764705926179886,0.1882352977991104,0.06423969268798828,0.5429905716956197,0.6472431538461115,0.15339079375655465,0.2648833907883335,0.1315452338748263,0.04356702044606209,0.10768258571624756,1.7442577830357238,42.0,0.0424224072672218,0.7232694146353439,0.9962803260952818,0.4822989071116728,2.212142316426949,5.609810749432248,0.17804693414080242,0.0,0.0,0.0,0.0,0.0,8.0,0.0,0.0,0.0,0.0,0.0,0.0,0.0,0.0,0.0,0.007751703255109765,5.652929598788797,2.339318697956094,0.0,0.0,0.0,0.8130156653421223
30,6,0.9989865211756496,1,1,0.9976239561422268,0.14169884766505064,Dataset\IR_trans_bmp\p2_80\p2009.bmp,p2_80,p2009.bmp,SC80,80,0.13333333333333333,1,320,240,RGB,f633870b61c12ec9f9f3b184c8a2285868500bcb218783b4b18c2cc3b258ee9a,0.41639322916666666,0.10991588229775791,0.15389414131641388,0.15294118225574493,0.18039216101169586,0.19607843458652496,0.06408047993977864,0.5234530460776405,0.6816205525985471,0.1831285627544801,0.24513889019692003,0.18834053085971142,0.04402587562799454,0.10710979998111725,1.6772859024222326,44.0,0.0368366740673567,0.7256275368802374,0.995849848728554,0.48830868590111826,1.6670940304574877,6.073235560836799,0.2596704087057131,0.0,0.0,0.0,0.0,0.0,8.0,0.0,0.0,0.0,0.0,0.0,0.0,0.0,0.0,0.0,0.005003283404734357,4.971512555114294,3.023484161480972,0.0,0.0,0.0,0.8528729319962686
32,6,0.9996828846208118,1,1,0.9998227969746963,0.12061075885806438,Dataset\IR_trans_bmp\p2_80\p2011.bmp,p2_80,p2011.bmp,SC80,80,0.13333333333333333,1,320,240,RGB,62e4961028244e0bd1f25971966f9f1a7e65064d6ac87407d7b8513bec368881,0.4211328125,0.12852858423770214,0.14976590871810913,0.15294118225574493,0.1764705926179886,0.1882352977991104,0.06307133992513021,0.5415236247092556,0.6581035163570559,0.16346538867130542,0.2550317143328072,0.09022728012669824,0.04338128864765167,0.10595494508743286,1.6938905105289872,44.0,0.03929752960455122,0.7235076733807612,0.9962446624157475,0.4829702339920343,2.123241505117027,5.723402281792041,0.1533562130909316,0.0,0.0,0.0,0.0,0.0,8.0,0.0,0.0,0.0,0.0,0.0,0.0,0.0,0.0,0.0,0.007915159385338403,5.62297869709056,2.369106143524101,0.0,0.0,0.0,0.8972253575273126
34,6,0.9997525112381652,1,1,0.99990417314116,0.15133162712008996,Dataset\IR_trans_bmp\p2_80\p2013.bmp,p2_80,p2013.bmp,SC80,80,0.13333333333333333,1,320,240,RGB,d018f10471b8fd6ce49f014b41d0c1ab600b5afa56c4262a7256d3d865f4b9c5,0.42015625,0.12845543572579646,0.14212770760059357,0.14509804546833038,0.16862745583057404,0.18039216101169586,0.05971584320068359,0.5554251310355339,0.6525537307930159,0.16231015349994,0.25337002986670915,0.12867808231754144,0.04398825764656067,0.10980391502380371,1.6553058888899066,47.0,0.03725052683773398,0.7193549811507071,0.9969207763671875,0.4727181827320772,3.084913846535267,4.843436221643734,0.07164993182099913,0.0,0.0,0.0,0.0,0.0,8.0,0.0,0.0,0.0,0.0,0.0,0.0,0.0,0.0,0.0,0.02404859303334573,6.486674104375853,1.489277302590802,0.0,0.0,0.0,0.9242296450963341
44,6,0.9997013817294237,1,1,0.9999218886410197,0.13955278076669408,Dataset\IR_trans_bmp\p2_80\p2023.bmp,p2_80,p2023.bmp,SC80,80,0.13333333333333333,1,320,240,RGB,32732f6c49c9450825fc073fe5d96e069d3b7dfc681c3135dc165149758ba452,0.41270833333333334,0.13225643614336194,0.12551458179950714,0.12941177189350128,0.15294118225574493,0.16470588743686676,0.05180091540018717,0.5303990807973485,0.6497723659480712,0.15282625989994875,0.25809687779247104,0.229111758918556,0.042612213641405106,0.1065339669585228,1.6370416392673104,26.0,0.04019434628975265,0.7098273165399136,0.996388334386489,0.4478366926604626,5.781171125694094,2.2170620898536093,0.0017667844522968198,0.0,0.0,0.0,0.0,0.0,8.0,0.0,0.0,0.0,0.0,0.0,0.0,0.0,0.0,0.0,0.14462392730943968,7.355123674911661,0.5002523977788995,0.0,0.0,0.0,0.8597066897003304
50,6,0.998332361411935,1,2,0.9909166749686735,0.259108477700437,Dataset\IR_trans_bmp\p3_160\p3029.bmp,p3_160,p3029.bmp,SC160,160,0.26666666666666666,2,320,240,RGB,7ff3708bc9102bce0e37d264b0cb9acaa8e8e6a1420604479e49238ccfe5caa6,0.41684895833333335,0.105203973261698,0.1881265491247177,0.1882352977991104,0.2235294133424759,0.23137255012989044,0.07842035293579101,0.5391313579782102,0.5703630354999378,0.08051223473475536,0.1679641388236988,0.17088565068831826,0.04358953237533569,0.110083669424057,1.9109227185386228,31.0,0.05435122134066346,0.7432205796907734,0.9938145656211703,0.5258482689950981,0.10570375460735928,4.994564877865933,2.8197663522209035,0.07996501530580372,0.0,0.0,0.0,0.0,8.0,0.0,0.0,0.0,0.0,0.0,0.0,0.0,0.0,0.0,0.0,1.258949209720747,6.741050790279253,0.0,0.0,0.0,0.9116693038974216
57,6,0.9989225156213787,1,2,0.9972718334038877,0.2766897942575585,Dataset\IR_trans_bmp\p3_160\p3036.bmp,p3_160,p3036.bmp,SC160,160,0.26666666666666666,2,320,240,RGB,50201039632a1ec9f4143b73d552527301c6a9bb699533a7071c9010c56c9810,0.4169140625,0.12133420781411038,0.1958448737859726,0.19607843458652496,0.22745098173618317,0.239215686917305,0.08165047963460287,0.46583147586590046,0.5780819183302202,0.0852307104958636,0.16391641920546435,0.13584257461032284,0.0428287573158741,0.10710979998111725,1.9032143543491702,34.0,0.06211936662606577,0.7471541079728963,0.9939989276960784,0.5332238290824142,0.0434741872013492,4.2424810268902835,3.565383053811799,0.14866173209656766,0.0,0.0,0.0,0.0,8.0,0.0,0.0,0.0,0.0,0.0,0.0,0.0,0.0,0.0,0.0,0.7550516880602143,7.244948311939786,0.0,0.0,0.0,0.9464137141250611
62,6,0.9983383960687552,1,2,0.9798668128972691,0.26017395335554716,Dataset\IR_trans_bmp\p3_160\p3041.bmp,p3_160,p3041.bmp,SC160,160,0.26666666666666666,2,320,240,RGB,33ccc51d099f1ed1e0a5899bb37c9afcaf4c1bbb401088ff89f295a34441c575,0.40915364583333336,0.13741526907042612,0.19838210940361023,0.19607843458652496,0.22745098173618317,0.239215686917305,0.08116876602172851,0.4530648396068229,0.5777127606953909,0.09078646626029868,0.16799589563450895,0.13132539550178465,0.0424780435860157,0.10768258571624756,1.8536479522659375,24.0,0.06854851541864239,0.7484675572571142,0.9939687093098958,0.5355885823567709,0.044807943226299204,3.973649874295898,3.8081659930624063,0.17337618941539637,0.0,0.0,0.0,0.0,8.0,0.0,0.0,0.0,0.0,0.0,0.0,0.0,0.0,0.0,0.0,0.5488973045221653,7.451102695477835,0.0,0.0,0.0,0.8861695806274645
64,6,0.9999471336496891,1,2,0.9988101615718217,0.2454689938027239,Dataset\IR_trans_bmp\p3_160\p3043.bmp,p3_160,p3043.bmp,SC160,160,0.26666666666666666,2,320,240,RGB,6219bfc047583957d88348cb516c0d8c1ae2ef1dc416f84cc6d3af68885e227e,0.412109375,0.11924170616113744,0.2020951211452484,0.20392157137393951,0.23137255012989044,0.24313725531101227,0.08328529357910157,0.48639611324191456,0.5765229362302869,0.0777227476626462,0.15947999438799437,0.17385403617768436,0.03623279929161072,0.08663027733564377,1.82398302613174,28.0,0.062496050552922594,0.7504147151328998,0.9941796994676777,0.5389981138939951,0.007835703001579779,3.6125118483412324,4.177440758293839,0.20221169036334913,0.0,0.0,0.0,0.0,8.0,0.0,0.0,0.0,0.0,0.0,0.0,0.0,0.0,0.0,0.0,0.3943127962085308,7.60568720379147,0.0,0.0,0.0,0.9062044300673585
67,6,0.9998198576745772,1,2,0.9985152711538609,0.23653934609341176,Dataset\IR_trans_bmp\p3_160\p3046.bmp,p3_160,p3046.bmp,SC160,160,0.26666666666666666,2,320,240,RGB,21970042015af833aaa11f4ba96e516c76206611dc2acb8654f8ba7a781535ef,0.41151041666666666,0.12400329072269332,0.20174972712993622,0.20392157137393951,0.23137255012989044,0.24313725531101227,0.08302211125691732,0.4930009697854363,0.5787883413524076,0.07909860401428008,0.15959752336419242,0.2278581138298541,0.036126647144556046,0.08663027733564377,1.8298108925707144,31.0,0.06435894190608783,0.7503264869391585,0.9942638322418811,0.5387338675704657,0.006581445386659917,3.798506518162258,3.9949373497025693,0.19997468674851285,0.0,0.0,0.0,0.0,8.0,0.0,0.0,0.0,0.0,0.0,0.0,0.0,0.0,0.0,0.0,0.3771674471585875,7.6228325528414125,0.0,0.0,0.0,0.9168530759902018
70,6,0.9997109864751692,1,2,0.9994060872118089,0.24117523457297635,Dataset\IR_trans_bmp\p3_160\p3049.bmp,p3_160,p3049.bmp,SC160,160,0.26666666666666666,2,320,240,RGB,381dea1065136114302055c105e4de9ad48acfb818f40f95c0b15a95d4522ee2,0.4166015625,0.1517424597593374,0.20363490283489227,0.20392157137393951,0.23137255012989044,0.24705882370471954,0.0848346201578776,0.5060731772359789,0.5770880560171963,0.07732691550973697,0.1592229441561449,0.0969522594500865,0.03533204272389412,0.08318902552127838,1.8919847997883021,19.0,0.07207376152523833,0.7512121786618365,0.9945037841796875,0.5401297176585478,0.003500546960462572,3.3877793405219565,4.374683544303798,0.2340365682137834,0.0,0.0,0.0,0.0,8.0,0.0,0.0,0.0,0.0,0.0,0.0,0.0,0.0,0.0,0.0,0.5303328645100797,7.46966713548992,0.0,0.0,0.0,0.8022305870627935
82,6,0.9998858743257262,1,3,0.9456162793533773,0.42149781380832285,Dataset\IR_trans_bmp\p4_240\p4004.bmp,p4_240,p4004.bmp,SC240,240,0.4,3,320,240,RGB,7b427b7e4a828cbc3929dc94cc72970e9cd48135d267578af5e4f9994cb3f5c8,0.41381510416666667,0.12221138416034738,0.26326102018356323,0.250980406999588,0.32549020648002625,0.3294117748737335,0.10894138336181641,0.5443863237373743,0.5706141473024197,0.0834056564878355,0.14709358908266493,0.26512726794269087,0.03867340832948685,0.0954158753156662,2.431579271849349,10.0,0.056102702872785626,0.7814115385769466,0.9956441841873468,0.5784986907360601,0.0,0.23032629558541268,3.8271923476290866,2.631257669676851,1.2993927189201095,0.011830968188540323,0.0,0.0,8.0,0.0,0.0,0.0,0.0,0.0,0.0,0.0,0.0,0.0,0.0,0.0,8.0,0.0,0.0,0.0,0.9130452970477612
83,6,0.9998409306819314,1,3,0.9989516053829435,0.3984638025320346,Dataset\IR_trans_bmp\p4_240\p4005.bmp,p4_240,p4005.bmp,SC240,240,0.4,3,320,240,RGB,cb83868565f0c9f31ccf8721a9d9737f3e9458e15ac54b2798002a99e9c73c22,0.3819270833333333,0.13732442383744717,0.26331424713134766,0.25882354378700256,0.3176470696926117,0.3294117748737335,0.10056683858235677,0.5191763515171741,0.5722333638131434,0.07473547554724033,0.14575949559981027,0.1628097246438749,0.039478600025177,0.09920870512723923,2.439313234429874,9.0,0.06624164734760671,0.7814686524801414,0.9955329446231618,0.5787679036458333,0.0,0.24710214100640937,3.673257875357971,2.9810445929360427,1.0942315559798172,0.004363834719759989,0.0,0.0,8.0,0.0,0.0,0.0,0.0,0.0,0.0,0.0,0.0,0.0,0.0,0.0038183553797899905,7.99618164462021,0.0,0.0,0.0,0.9184502343005756
97,6,0.9995474842991872,1,3,0.9981833740679512,0.40356340713534544,Dataset\IR_trans_bmp\p4_240\p4019.bmp,p4_240,p4019.bmp,SC240,240,0.4,3,320,240,RGB,e579886360a36330b98150b7755b0dc135cd96b309afb8cacaa5afa7c3e73c72,0.40553385416666665,0.13048643441965002,0.2632933557033539,0.250980406999588,0.32549020648002625,0.33725491166114807,0.1067743682861328,0.5167824281710762,0.5701019775294404,0.07208284920045471,0.14745312299923508,0.2407975141190249,0.04103832691907883,0.10044116526842117,2.4676704375185885,7.0,0.06424787285278535,0.7814341284043296,0.995403933057598,0.578222416896446,0.0,0.26328463637823085,3.7817948306309197,2.5699149141114144,1.368566383047038,0.016439235832396853,0.0,0.0,8.0,0.0,0.0,0.0,0.0,0.0,0.0,0.0,0.0,0.0,0.0,0.0012843152994060042,7.998715684700594,0.0,0.0,0.0,0.9564136258501231
98,6,0.9997578663269416,1,3,0.99835950430724,0.4027132016160572,Dataset\IR_trans_bmp\p4_240\p4020.bmp,p4_240,p4020.bmp,SC240,240,0.4,3,320,240,RGB,6f2fac8d7f9c9fc6748ebcbacace8ba23c19ad88cf8af2cf6773ee0eb0e882e7,0.3990625,0.12411902897415818,0.26320332288742065,0.250980406999588,0.32549020648002625,0.3294117748737335,0.10503457387288412,0.5051480914130584,0.5711376230337599,0.07132365845980235,0.14858598579668772,0.22486523200187147,0.04153275862336159,0.10196083784103394,2.4778239721108846,10.0,0.060493343774471416,0.7813764177887134,0.9954045912798714,0.5782128427542892,0.0,0.2680762203080136,3.7608979378752285,2.6452623335943617,1.3093187157400157,0.01644479248238058,0.0,0.0,8.0,0.0,0.0,0.0,0.0,0.0,0.0,0.0,0.0,0.0,0.0,0.0005220569042025581,7.999477943095798,0.0,0.0,0.0,0.9872710691949612
104,6,0.9990359999360113,1,3,0.9961787111393066,0.3969829314229637,Dataset\IR_trans_bmp\p4_240\p4026.bmp,p4_240,p4026.bmp,SC240,240,0.4,3,320,240,RGB,b34b75b2d13782e5774b5a39834569c819a7a4421f9f4f18d9783f4490ffade6,0.413203125,0.12207726728430075,0.2603302001953125,0.250980406999588,0.32549020648002625,0.3294117748737335,0.10756924947102865,0.5007355290827044,0.5665187193853853,0.06652278580834647,0.1482704135411258,0.25963700157292946,0.04228930547833443,0.10595494508743286,2.4979681230013786,12.0,0.06050293061070146,0.7798920530180692,0.9952455408432904,0.5763220693550858,0.0,0.456797126110796,3.7300056721497445,2.5179302955820257,1.277872313606857,0.017394592550576668,0.0,0.0,8.0,0.0,0.0,0.0,0.0,0.0,0.0,0.0,0.0,0.0,0.0,0.0017646688094787924,7.998235331190521,0.0,0.0,0.0,0.9542207957860892
105,6,0.99981037459844,1,4,0.9896417046267862,0.5107103686675717,Dataset\IR_trans_bmp\p5_320\p5027.bmp,p5_320,p5027.bmp,SC320,320,0.5333333333333333,4,320,240,RGB,2a9be2ef5b478484613ea951bd1376ef5cdd84646dd99bbc7cdeec23d942d7c3,0.405546875,0.11035124895652733,0.2886084020137787,0.2705882489681244,0.3843137323856354,0.3960784375667572,0.11704423268636067,0.5502773500716651,0.5295814302225158,0.058334149040149164,0.14156301098226112,0.36101625201532594,0.051882658153772354,0.1254901885986328,2.8699518239533273,8.0,0.05172413793103448,0.7957661378317039,0.9966872271369486,0.5926489138135723,0.0,0.186219739292365,3.3239581326655108,1.5722083092531947,1.8562897322288576,1.0394914274706222,0.021832659089449688,0.0,8.0,0.0,0.0,0.0,0.0,0.0,0.0,0.0,0.0,0.0,0.0,0.0010274192512682205,7.998972580748732,0.0,0.0,0.0,0.9678666197002996
110,6,0.9996690541963215,1,4,0.9983537970018899,0.5364119092028308,Dataset\IR_trans_bmp\p5_320\p5032.bmp,p5_320,p5032.bmp,SC320,320,0.5333333333333333,4,320,240,RGB,4dae0f2559a65c89518d48b6b204b75b1ebb167cf628472fed87c35ec9be4661,0.3997265625,0.11257695690413369,0.29467615485191345,0.27843138575553894,0.38823530077934265,0.4000000059604645,0.1177898915608724,0.546120246480002,0.5336008715785062,0.05706220908982937,0.14046085275391815,0.34032501924954084,0.05265146121382713,0.12573504447937012,2.8072823448402247,8.0,0.056386201504935014,0.799170552685274,0.9969935996859681,0.5971521115770527,0.0,0.09615948402228086,3.1865533079253394,1.5794651291573016,1.8322420925763054,1.2829082380533567,0.022671748265415813,0.0,8.0,0.0,0.0,0.0,0.0,0.0,0.0,0.0,0.0,0.0,0.0,0.0,8.0,0.0,0.0,0.0,0.9798336310903291
115,6,0.9999723712421793,1,4,0.9950991863840801,0.5415935910993926,Dataset\IR_trans_bmp\p5_320\p5037.bmp,p5_320,p5037.bmp,SC320,320,0.5333333333333333,4,320,240,RGB,7e29cd7c0f58bb80a40b7de5d63d5fee57da9c1298138d2eeb2f83967efa7454,0.404296875,0.11468599033816425,0.2999610900878906,0.2823529541492462,0.3921568691730499,0.40784314274787903,0.12127333323160808,0.5220016623153376,0.5345728914736853,0.04097997034514991,0.14087439408083746,0.35926551114794647,0.05191933736205101,0.1254902482032776,2.8010283687009023,8.0,0.05603864734299517,0.8019847337094099,0.9971946566712623,0.6017590691061581,0.0,0.03684380032206119,2.9008695652173913,1.8241545893719806,1.7285668276972626,1.4696296296296296,0.03993558776167472,0.0,8.0,0.0,0.0,0.0,0.0,0.0,0.0,0.0,0.0,0.0,0.0,0.0,8.0,0.0,0.0,0.0,0.8951262829299099
119,6,0.9996043565547185,1,4,0.9974910636000734,0.5425702189693765,Dataset\IR_trans_bmp\p5_320\p5041.bmp,p5_320,p5041.bmp,SC320,320,0.5333333333333333,4,320,240,RGB,d490bcdf891cfbc5146ecb1935599205eb95ac0b85794e6f5ae4941d4c256081,0.4100651041666667,0.10180040008890864,0.2896077334880829,0.2705882489681244,0.38823530077934265,0.4000000059604645,0.11875802357991537,0.5441982156839307,0.5324345942449322,0.05482230543744623,0.14376810406510154,0.3689058886158116,0.05335742607712746,0.12994547188282013,2.8771599436450828,7.0,0.04629600228622233,0.7963346342800716,0.9965388877719057,0.5938224642884498,0.0,0.18010351506684025,3.2898739402406885,1.5508208173244848,1.7967167307020608,1.1547963039405582,0.02768869272536754,0.0,8.0,0.0,0.0,0.0,0.0,0.0,0.0,0.0,0.0,0.0,0.0,0.000508049407804909,7.999491950592195,0.0,0.0,0.0,0.9362715038392239
126,6,0.9999623904669303,1,4,0.6598357267697629,0.5517740020205056,Dataset\IR_trans_bmp\p5_320\p5048.bmp,p5_320,p5048.bmp,SC320,320,0.5333333333333333,4,320,240,RGB,caac11f9172e5ac8a4acdd48186f3466d039b3887bcf9c36afb76d0112154b7c,0.39421875,0.10969084423305589,0.30546826124191284,0.29411765933036804,0.3960784375667572,0.4117647111415863,0.12042132059733072,0.5310284093381981,0.5399941816948832,0.05061913428242436,0.1480329306392607,0.27559277058222137,0.053108930587768555,0.12994548678398132,2.821777817033166,9.0,0.04901572202404545,0.8050296719513792,0.9970248951631434,0.6054285984413297,0.0,0.03672876205575373,2.628352490421456,1.8731668648434403,1.7920465054828907,1.6097238736953363,0.059981503501123,0.0,8.0,0.0,0.0,0.0,0.0,0.0,0.0,0.0,0.0,0.0,0.0,0.0,8.0,0.0,0.0,0.0,0.9499946091063995
127,6,0.999687267158064,1,4,0.9618685851920771,0.5404246628844903,Dataset\IR_trans_bmp\p5_320\p5049.bmp,p5_320,p5049.bmp,SC320,320,0.5333333333333333,4,320,240,RGB,a6ade9b1d73ad3f971e97b3372255d8cbaa1327c6ef32418b83a6df50dfac1fc,0.4158854166666667,0.1160926737633062,0.2991763949394226,0.2823529541492462,0.3921568691730499,0.40784314274787903,0.12442310333251953,0.5413372780119764,0.539648913163682,0.05727832808751164,0.1450082165262559,0.36497437321390963,0.05157224088907242,0.12573504447937012,2.7968851438297526,7.0,0.05309956167814652,0.8016191194843314,0.9970682779947917,0.6013769411573223,0.0,0.03907326236693801,3.0103944896681276,1.747025673137132,1.6911709455228554,1.471008140262993,0.041327489041953665,0.0,8.0,0.0,0.0,0.0,0.0,0.0,0.0,0.0,0.0,0.0,0.0,0.0,8.0,0.0,0.0,0.0,0.9634092102142756
131,6,0.9980964677940843,1,5,0.9959011140033183,0.6605042420174884,Dataset\IR_trans_bmp\p6_400\p6001.bmp,p6_400,p6001.bmp,SC400,400,0.6666666666666666,5,320,240,RGB,9bde9fe83e60a1ddf8e13ab85356e194a0b429863769c992511fdf8bdef83948,0.41278645833333333,0.12097028578638572,0.33901095390319824,0.32549020648002625,0.4588235318660736,0.46666666865348816,0.13993913014729817,0.5303867907979937,0.5562796484468642,0.06395901722434182,0.14731427630354488,0.13696048792020543,0.07150235772132874,0.18468886613845825,3.1271824986734402,7.0,0.07687212163270456,0.8246431830209061,0.975112974877451,0.6562343223422181,0.0,0.09715475364330327,2.212604882972683,1.5166235568733835,0.9112358841713457,1.304397198914895,1.9196265219859945,0.03835720143839506,7.747397640527412,0.23443315879124346,0.018169200681345025,0.0,0.0,0.0,0.0,0.0,0.003532900132483755,0.04920825184530944,0.19986120749479527,0.5208504195318907,7.226547220995521,0.0,0.0,0.0,0.840541766473179
134,6,0.9982803113398616,1,5,0.985870625805948,0.6635162938458631,Dataset\IR_trans_bmp\p6_400\p6004.bmp,p6_400,p6004.bmp,SC400,400,0.6666666666666666,5,320,240,RGB,8518767dc2b9e7f4fa1c77aaf21c6525667a5de0ae67952b458d19d4b94f37ec,0.41170572916666665,0.11967487902843227,0.3381175100803375,0.32549020648002625,0.4588235318660736,0.46666666865348816,0.13920491536458332,0.5472902181105745,0.5610812702150242,0.07724821227722045,0.14691466756792976,0.13221449982197692,0.07299700379371643,0.19147538542747497,3.129971176019494,7.0,0.07656788639741928,0.8240489426937849,0.975210391773897,0.6556695676317402,0.0005060248584711724,0.11512065530219172,2.2730636642525064,1.470508238717227,0.8777001170182486,1.3149055947373414,1.9092317910117333,0.03896391410228028,7.7614092792308425,0.2198678010057244,0.01872291976343338,0.0,0.0,0.0,0.0,0.0,0.0035421740092982067,0.04857838641323255,0.18647016034662703,0.5280369398146684,7.2333723394161735,0.0,0.0,0.0,0.8001928375069833
135,6,0.9984257623771292,1,5,0.9802085443356838,0.6583941447191449,Dataset\IR_trans_bmp\p6_400\p6005.bmp,p6_400,p6005.bmp,SC400,400,0.6666666666666666,5,320,240,RGB,1cb8d77bf2605b06d07ce3efe9618481a8ded5dd39beb80c232e392729c28bac,0.41423177083333335,0.1005249426335146,0.33930522203445435,0.32549020648002625,0.4627451002597809,0.46666666865348816,0.14055100758870442,0.5504815351670617,0.5607479738964156,0.07898545261845928,0.14989639667160462,0.13935616392402267,0.07274282723665237,0.19227686524391174,3.1311686074965572,8.0,0.03677741803665168,0.8246431830209061,0.9746100930606618,0.6569758396522671,0.0,0.09882752333951529,2.172696696319115,1.5731933486310627,0.8964888567566718,1.2807342910131079,1.937321220884544,0.0407380630559834,7.749284883538176,0.23084902398390594,0.019866092477917832,0.0,0.0,0.0,0.0,0.0,0.00603526860088643,0.05029390500738692,0.19438594285355043,0.5585138151070317,7.190771068431144,0.0,0.0,0.0,0.7836015194717085
142,6,0.9999232930334665,1,5,0.9962798625915972,0.6862670966498943,Dataset\IR_trans_bmp\p6_400\p6012.bmp,p6_400,p6012.bmp,SC400,400,0.6666666666666666,5,320,240,RGB,10f2661e6b6c1a86627e2d199e6629c3248e363109523999e38a68e2b23aa288,0.419453125,0.11358415595703732,0.32408273220062256,0.30980393290519714,0.45490196347236633,0.4627451002597809,0.13593751271565754,0.49807729180124805,0.5491771839605893,0.049214756213062705,0.14593117730134816,0.1725123110076059,0.07596681267023087,0.20187509059906006,3.2432535951961334,7.0,0.0724529707580555,0.8169146489830656,0.9781060910692402,0.6427115646063113,0.003725088470851183,0.32383435773266284,2.655491401254113,1.1925249891351586,0.8254796051406221,1.294592413236481,1.679021543428323,0.02533060160178804,7.8355994288197675,0.1559570373129695,0.008443533867262681,0.0,0.0,0.0,0.0,0.0,0.0,0.0340224747004408,0.1303780964797914,0.43856708263487926,7.397032346184888,0.0,0.0,0.0,0.9945092065972202
152,6,0.9991132513635718,1,5,0.9866737068635325,0.6230445189971674,Dataset\IR_trans_bmp\p6_400\p6022.bmp,p6_400,p6022.bmp,SC400,400,0.6666666666666666,5,320,240,RGB,06ec14a80014a5100d3d047ff24abfa2d4edfd3b33206bfcb96bfcdf7fa95d99,0.4061458333333333,0.11393947165939984,0.3162926435470581,0.29411765933036804,0.45098039507865906,0.4627451002597809,0.1284609349568685,0.5064851554336026,0.5441873075985784,0.04466066942858522,0.14143125600301826,0.17814784835347544,0.07965412735939026,0.20964808762073517,3.2799508940183015,6.0,0.08040523211079764,0.8133771672595147,0.980648624195772,0.6346265007467831,0.015388561169530648,0.7422416004103616,2.4572967427545525,1.073865093613747,0.8538086688894588,1.3272634008720186,1.517312131315722,0.012823800974608874,7.884329315209028,0.11438830469351116,0.0012823800974608873,0.0,0.0,0.0,0.0,0.0,0.0,0.017696845344960247,0.0979738394460118,0.38086688894588355,7.503462426263145,0.0,0.0,0.0,0.9036850250017716
160,6,0.9998467070946832,1,6,0.9948166195956851,0.7999068861765398,Dataset\IR_trans_bmp\p7_480\p7030.bmp,p7_480,p7030.bmp,SC480,480,0.8,6,320,240,RGB,e3c50a5c5288cd2c55cae076cebab0a4b656539a47fd45df3fbebebf4d5940b8,0.41908854166666665,0.0016777480892313428,0.39947086572647095,0.4000000059604645,0.5137255191802979,0.5411764979362488,0.16741366068522134,0.6630614016414392,0.5388050803283324,0.1676151990857604,0.10796796734234701,0.23743995036483362,0.08144181221723557,0.2184845507144928,3.3408763407329256,3.0,0.0011184987261542286,0.7527260380750261,0.9414552576401655,0.7173209994446997,0.0,0.0004971105449574349,0.10339899335114647,1.8472627850618282,1.7120487168334058,1.053128689492326,2.265084198098552,1.018579506617784,6.03492201578326,1.2840365376250544,0.5667060212514758,0.10464176971354004,0.00969365562666998,0.0,0.0,0.0,0.44789660100664885,0.7498912570682905,0.7672901261418008,0.5624805816193376,5.4724414341639225,0.0,0.0,0.0,0.9693465534931069
163,6,0.9997275999181862,1,6,0.9915480848319116,0.809457261808046,Dataset\IR_trans_bmp\p7_480\p7033.bmp,p7_480,p7033.bmp,SC480,480,0.8,6,320,240,RGB,90d3243eda4b8e91f945629b30d67ce014f269ec75a0004f6ffe116993bf9481,0.41727864583333335,0.002371516834649109,0.40740495920181274,0.40784314274787903,0.5215686559677124,0.545098066329956,0.17000138600667317,0.6547750006001368,0.5321710372636639,0.15808313145112102,0.10882788874062843,0.2622644897856974,0.07829117029905319,0.21176474988460542,3.33187003501698,2.0,0.0014665959372172123,0.7314842692966568,0.9394105799057905,0.7242339489506741,0.0,0.0,0.04468436983180953,1.471838237588542,1.9800917402564984,1.0654351421349892,2.1980216556932004,1.2399288544949605,5.878116516366586,1.2841139576247387,0.7032171498112147,0.1218210752956595,0.01273130090180048,0.0,0.0,0.0,0.5419540050550754,0.8717196617468094,0.7082098168315287,0.5294723375042906,5.348644178862296,0.0,0.0,0.0,0.9535839143685316
165,6,0.9998649334956666,1,6,0.9961274721231936,0.8134376762801356,Dataset\IR_trans_bmp\p7_480\p7035.bmp,p7_480,p7035.bmp,SC480,480,0.8,6,320,240,RGB,09b002faf6a8e7be46079c138a853ad4c9af8cf054db9dfcc60583f6ae5a6775,0.4147005208333333,0.002449056485289962,0.4060906171798706,0.40392157435417175,0.5215686559677124,0.545098066329956,0.16840599060058595,0.659108400104528,0.5346599300890325,0.16283977934644586,0.10806852587561296,0.26750249909883744,0.08191344141960144,0.21939756572246552,3.343676212622906,2.0,0.0015699080033910013,0.734594675415721,0.9401889576631434,0.7228935092103248,0.0,0.0,0.05902854092750165,1.5347420641150429,1.923074507833841,1.0959213790071902,2.181292976231593,1.2059405318848315,5.90436120443342,1.273760557631323,0.6824704072341361,0.12333197274639707,0.016075857954723854,0.0,0.0,0.0,0.5274890891393764,0.8462432101478853,0.721906496279318,0.523721309931238,5.380639894502182,0.0,0.0,0.0,0.9852801143181201
175,6,0.9998953154472257,1,6,0.9875716067060155,0.8254073898236403,Dataset\IR_trans_bmp\p7_480\p7045.bmp,p7_480,p7045.bmp,SC480,480,0.8,6,320,240,RGB,b806a325a7abfce5dbc9aca1e64f2c330a0d747c447ae96e25e65759f26a6539,0.4126692708333333,0.0036285615120058056,0.4151742458343506,0.4156862795352936,0.529411792755127,0.5568627715110779,0.17132965087890625,0.6885626020596117,0.546160034912512,0.19413037814472986,0.1009234055150405,0.3213433331128733,0.0808379054069519,0.21572190523147583,3.348905535069267,3.0,0.002398005868803837,0.7137784904607848,0.9394648533241422,0.7304533715341606,0.0,0.0,0.019184046950430696,1.1023254346385638,2.1965733758243147,1.1202473732369924,2.1322058498722116,1.4294639194774872,5.748903543369198,1.2434291483923894,0.8077493452812924,0.1769475909506831,0.022970372006436753,0.0,0.0,0.0,0.6724513299466759,0.9016502066702426,0.6769949200138832,0.510649039220017,5.2382545041491815,0.0,0.0,0.0,0.8355803358369256
180,6,0.9991789063067378,1,6,0.9947975889930599,0.8033726986013358,Dataset\IR_trans_bmp\p7_480\p7050.bmp,p7_480,p7050.bmp,SC480,480,0.8,6,320,240,RGB,35587984f14070bb5d8fc3712b5920a7ece4556622668d979e48286dd4ca42cb,0.4168359375,0.002436510167744354,0.4042397141456604,0.40392157435417175,0.5176470875740051,0.545098066329956,0.16850163777669272,0.671216268265849,0.536178939753269,0.17499693197468877,0.10659343674861087,0.26700321967582746,0.08170368522405624,0.2179206758737564,3.348692818072425,2.0,0.0015931028019866929,0.7392994971248691,0.9406497132544424,0.7215033437691483,0.0,0.0,0.07347015275044513,1.619841939212195,1.875737981445038,1.0450754381032705,2.229094430387655,1.1567800581013963,5.93483897166776,1.2754818355043265,0.6382407147096492,0.1359447724361978,0.01549370568206666,0.0,0.0,0.0,0.5192890388279762,0.7866804110829976,0.7591915784212664,0.5297847749351826,5.405054196732578,0.0,0.0,0.0,0.9317884074172075
185,6,0.9999369587202515,1,7,0.9970101785725548,0.9245449362077525,Dataset\IR_trans_bmp\p8_560\p8055.bmp,p8_560,p8055.bmp,SC560,560,0.9333333333333333,7,320,240,RGB,bdb67580710244d0e9baa779d2f07bcac10833c21a0f53b4e72dada9563fcc9d,0.42259114583333335,0.1076259436142351,0.47151708602905273,0.4470588266849518,0.6549019813537598,0.7019608020782471,0.19925894419352214,0.5011545193504601,0.5477949516937812,0.04780889375776716,0.14554309912280194,0.715572107074499,0.11148173362016678,0.27845900058746337,3.8568390865994298,9.0,0.03983977815436759,0.6001526816597198,0.9585607790479473,0.7775297875497855,0.0,0.0,0.008627330149437683,0.3929132645201048,1.9510090895085503,1.4099522415652441,1.5684486211677708,2.6690494530888924,4.75316592204591,0.7229702665228779,0.7742412571252504,0.9655214912956401,0.5117239254352179,0.1991680788784471,0.06926513634262825,0.003943922354028655,2.3493452472654446,0.39661069172700664,0.5008781389616392,0.4530580804190418,4.300107841626868,0.0,0.0,0.0,0.8146978965147397
196,6,0.9999721767723361,1,7,0.9962628623006288,0.941279203656058,Dataset\IR_trans_bmp\p8_560\p8066.bmp,p8_560,p8066.bmp,SC560,560,0.9333333333333333,7,320,240,RGB,656f8e7f6d540380586fe549ec95059a3a0717a38720034ad1fad9e5b09640f1,0.4195833333333333,0.125,0.48010700941085815,0.45098039507865906,0.6666666865348816,0.7176470756530762,0.20144490559895833,0.5048881225768544,0.5448852877622449,0.04515066776722005,0.14409267040666204,0.7493755877542386,0.11156624555587769,0.27729679346084596,3.8543192256277914,9.0,0.04704568023833168,0.5929913654007726,0.9580654967064951,0.7850504557291667,0.0,0.0,0.0029791459781529296,0.2529791459781529,1.7547169811320755,1.6166832174776564,1.6017874875868918,2.7708540218470703,4.637785501489573,0.7646474677259185,0.7375868917576961,0.9515888778550149,0.5908639523336644,0.2236842105263158,0.08465739821251242,0.009185700099304866,2.432472691161867,0.4183217477656405,0.5114200595829196,0.45357497517378353,4.184210526315789,0.0,0.0,0.0,0.8771238230278411
200,6,0.9999012693538847,1,7,0.9826237179407967,0.9208814050827692,Dataset\IR_trans_bmp\p8_560\p8070.bmp,p8_560,p8070.bmp,SC560,560,0.9333333333333333,7,320,240,RGB,fe365a6124a8c8b526938fcb024c4434301d4a185318baaf297d7f2d13a7abe1,0.4208072916666667,0.1327124203230398,0.4841320812702179,0.45490196347236633,0.6705882549285889,0.7254902124404907,0.20372631072998046,0.5301621360633287,0.5489148647445031,0.057466672470883426,0.14337796081266063,0.7770279314963463,0.10996987670660019,0.27061665058135986,3.8562125045823437,7.0,0.08301875116034409,0.5905511099532996,0.9573367249731924,0.7884617225796569,0.0,0.0,0.002970480846587041,0.2066959589083483,1.6902036017080264,1.6906986818491243,1.5981186954638282,2.811312581224086,4.565133981063185,0.8032675289312458,0.7267776471316294,0.9394145677331518,0.6121665944674795,0.24085648864409925,0.10025372857231264,0.012129463456897084,2.4650040225261463,0.43393774367225696,0.5349340924562164,0.4440868865647627,4.122037254780618,0.0,0.0,0.0,0.9718082975232386
201,6,0.9999955487305909,1,7,0.9973099790852089,0.9292985905412912,Dataset\IR_trans_bmp\p8_560\p8071.bmp,p8_560,p8071.bmp,SC560,560,0.9333333333333333,7,320,240,RGB,70b02bdb8c021dbd43fb29679e44f4a4c4ef0a6979176a1d31839461b9f3c2d2,0.4183072916666667,0.13207370976778932,0.48222610354423523,0.45490196347236633,0.6705882549285889,0.7176470756530762,0.20171869913736978,0.5137841314109266,0.5445554477987894,0.04663893445721439,0.14190762748156102,0.7412599928442171,0.09862567484378815,0.24078558385372162,3.848212086860564,5.0,0.07809873622610969,0.5916810701679251,0.9578476849724264,0.7870840633616728,0.0,0.0,0.0004980389715495238,0.22660773205503332,1.6547344829732926,1.7563344331693955,1.5683247214094502,2.793500591421279,4.565523252194485,0.8192741081989666,0.7134408267446928,0.9520014941169147,0.6282761626097242,0.23084106331320425,0.08342152773454523,0.0072215650874680945,2.444873311336612,0.43005665193301373,0.5595467845358899,0.4173566581585009,4.148166594035984,0.0,0.0,0.0,0.8426103648964659
206,6,0.9999860137705174,1,7,0.9954026146034771,0.9117828026560506,Dataset\IR_trans_bmp\p8_560\p8076.bmp,p8_560,p8076.bmp,SC560,560,0.9333333333333333,7,320,240,RGB,c98f9a19d5de7d2613f2586443e40401fa85883a2de30fb711ddb10dae86227d,0.4255078125,0.1357140671379173,0.4869500696659088,0.4588235318660736,0.6705882549285889,0.7215686440467834,0.20720105489095053,0.46843206365098566,0.5553092497448385,0.06368396746962568,0.1450542507993437,0.7284463143404168,0.09417001903057098,0.23067354261875153,3.8298921385355924,5.0,0.07849077389148995,0.5837976040120897,0.9570619470932904,0.7922796511182598,0.0,0.0,0.0,0.15569631873680345,1.5581872150310596,1.7841427216255088,1.6147372930628232,2.8872364515438047,4.458153554270327,0.8357660883135959,0.7300100982282199,0.9968481287677101,0.657302855044524,0.22913797851831452,0.08445790874873772,0.008323388108571254,2.5281067352122157,0.4308577373848649,0.5828819731325928,0.4311025429174699,4.027051011352857,0.0,0.0,0.0,0.8479233946507566
212,6,0.9999466760342512,1,7,0.9817612397936926,0.9581072325049125,Dataset\IR_trans_bmp\p8_560\p8082.bmp,p8_560,p8082.bmp,SC560,560,0.9333333333333333,7,320,240,RGB,05052dba31bb5c07e4f5a8ec96c7e8ca51632f7c1197a4b6fc85d0ae4319cef3,0.41901041666666666,0.12936606587942823,0.4857952296733856,0.4627451002597809,0.6705882549285889,0.7215686440467834,0.20355326334635418,0.5005100348944521,0.5475869133391231,0.047589646528827814,0.14777118457845712,0.7053294047329971,0.10810040682554245,0.27192618250846873,3.852419598453956,8.0,0.04766935985083903,0.5821605661061889,0.9561762791053922,0.7919747745289522,0.0,0.0,0.004474829086389061,0.19018023617153512,1.7389683032939713,1.4781852082038534,1.6894965817277812,2.8986948415164697,4.466376631448105,0.8062150403977626,0.7696706028589185,1.012802983219391,0.6100683654443754,0.23517712865133622,0.09024238657551274,0.00944686140459913,2.5509011808576756,0.42709757613424487,0.5556246115599751,0.5059042883778745,3.9604723430702298,0.0,0.0,0.0,0.9058584518684424
221,6,0.9998856031862845,1,8,0.993192201712221,1.0,Dataset\IR_trans_bmp\p9_600\p9091.bmp,p9_600,p9091.bmp,SC600,600,1.0,8,320,240,RGB,0bbdb86849813f3e62fd6ddcf53d743167b68faee92c09f14e3737bb89e07f47,0.41912760416666667,0.23163192394917517,0.5242584943771362,0.47058823704719543,0.7529411911964417,0.8156862854957581,0.21973121643066407,0.5210154011292916,0.5507551356830461,0.05493387736933787,0.1384885510128353,0.8363337800963833,0.12974750995635986,0.31767141819000244,4.019495738420652,5.0,0.22979899965826836,0.5422918650025096,0.9474241368910845,0.8229598699831495,0.0,0.0024853210724160428,0.0049706421448320855,0.10662027400664824,0.7570287986579266,2.079965205504986,1.664419522197024,3.384510236416167,4.076423622976793,0.8027587063903818,0.7028487992792569,0.6320171487153997,0.8281089813290254,0.5482618285749791,0.2840721985771537,0.12550871415701015,2.7273913448693654,0.657615955761285,0.4906023796949268,0.45282549939420297,3.651930783808133,0.007455963217248128,0.010935412718630588,0.0012426605362080214,0.9537547661663738
226,6,0.9999599767042062,1,8,0.9783881644410739,1.0,Dataset\IR_trans_bmp\p9_600\p9096.bmp,p9_600,p9096.bmp,SC600,600,1.0,8,320,240,RGB,ace8f20f36ba2d99f89d0fc7b0e6e23c86b0730b60c1a4a94b750f8fcc6ee748,0.4206640625,0.23029064908533756,0.523551344871521,0.47058823704719543,0.7529411911964417,0.8156862854957581,0.2202392323811849,0.4994198194668103,0.548900734115285,0.0489041757569319,0.13810520792431924,0.8258929311606363,0.12781260907649994,0.30809656381607076,4.022728736049893,5.0,0.22852632556411923,0.5402172664024311,0.9482613357843137,0.8220394358915442,0.0,0.0032191166001176216,0.003961989661683226,0.10796421828086793,0.7767975980437676,2.1030736372922276,1.6070820565202588,3.397901383601077,4.079115981056737,0.7916550592750797,0.7168725044108089,0.627480112669081,0.8330083263688984,0.5420497105890364,0.29170148884142755,0.1181168167889312,2.7478874547311727,0.6435756956696691,0.48460086049462964,0.4363141114928653,3.6700405484879437,0.005695360138669638,0.01188596898504968,0.0,0.9899821173966551
232,6,0.9997652775369066,1,8,0.9993927561408178,0.9930733048597653,Dataset\IR_trans_bmp\p9_600\p9102.bmp,p9_600,p9102.bmp,SC600,600,1.0,8,320,240,RGB,fed465aee5d81b22be25f524591dba3e2b4dc88ca40266b1583d9fd07cade29a,0.42096354166666666,0.22817816269718527,0.5208455920219421,0.47058823704719543,0.7490196228027344,0.8196078538894653,0.21925699869791668,0.5307301186989447,0.5409975219335525,0.05123609079490114,0.13878757360565458,0.8343058101531984,0.1323547512292862,0.3260802924633026,4.059448199739179,5.0,0.226322301268172,0.5435192598310928,0.946882719152114,0.8187202004825368,0.0,0.0032168264769563875,0.005443860191772348,0.13733374574698423,0.9056603773584906,1.9798329724713888,1.6126198577172906,3.3558923600371173,4.111599133931333,0.8178162697185277,0.6844416950201052,0.6280235075781009,0.8284565419115373,0.51023816888339,0.2818434890194865,0.13758119393751933,2.6867924528301885,0.6515310856789359,0.49316424373646767,0.45555211877513146,3.6899474172595115,0.007918342097123415,0.012619857717290442,0.0024744819053510673,0.951076200064626
234,6,0.9998257519322937,1,8,0.9996284862696404,1.0,Dataset\IR_trans_bmp\p9_600\p9104.bmp,p9_600,p9104.bmp,SC600,600,1.0,8,320,240,RGB,a02440c2f7ffd324b35770b974c0bc056a17a5858313f8b072a06f1526661441,0.42041666666666666,0.23513379583746283,0.5266634821891785,0.4745098054409027,0.7607843279838562,0.8235294222831726,0.22141810099283854,0.5286407112174406,0.5434728553189601,0.05205938425129577,0.13903061631326602,0.8586672611937809,0.12903182208538055,0.3141174018383026,4.0352099693131205,5.0,0.23324454905847375,0.5457457643647433,0.9445717605890013,0.8243243647556678,0.0,0.001734390485629336,0.002973240832507433,0.09762140733399405,0.7822101090188305,2.020564915758176,1.730426164519326,3.364469772051536,4.038404360753221,0.8337462834489594,0.6974727452923687,0.6124876114965312,0.8037661050545094,0.5530227948463825,0.3002973240832507,0.160802775024777,2.7093657086223986,0.653617443012884,0.5270069375619425,0.4581268582755203,3.626858275520317,0.009167492566897919,0.009167492566897919,0.006689791873141724,0.9547868218330186
235,6,0.9999668364902459,1,8,0.9992574172587454,0.9950467585994989,Dataset\IR_trans_bmp\p9_600\p9105.bmp,p9_600,p9105.bmp,SC600,600,1.0,8,320,240,RGB,333868a6155ec2d7acd05313af054a9136bc3c4f9c0edaa0eb393bd29c726c19,0.420234375,0.23415132924335377,0.5264001488685608,0.47058823704719543,0.7607843279838562,0.8235294222831726,0.22121144612630209,0.5165948709347487,0.5425244698280611,0.04564778500101234,0.13906024463619757,0.8620455076848494,0.1307038515806198,0.3188309967517853,4.040711200436735,5.0,0.23247815579103923,0.5472393781779199,0.9442919562844669,0.824073522231158,0.0,0.0032224081303835906,0.002230897936419409,0.10435644791473013,0.7644543595463841,2.03433104046601,1.740596145504121,3.3508087005019522,4.046848856664807,0.840304889384644,0.6900910949990705,0.6100266468364628,0.7991572163351305,0.5492966474561567,0.3014190989651112,0.16285554935861685,2.7095494825556177,0.6258908099398897,0.5430997087438805,0.4704715870360042,3.623474003842102,0.009667224391150772,0.01140236723058809,0.006444816260767181,0.9463742648665496
237,6,0.9998981786587808,1,8,0.9997077304981238,1.0,Dataset\IR_trans_bmp\p9_600\p9107.bmp,p9_600,p9107.bmp,SC600,600,1.0,8,320,240,RGB,7461827ab90c85308f1851ae1d312d09fafe1c451150cac7923c3f0c33267ff8,0.421171875,0.2333209670438385,0.5250752568244934,0.47058823704719543,0.7607843279838562,0.8235294222831726,0.2211469268798828,0.5344757054109086,0.5427604106979871,0.05492747023703423,0.13897786802977288,0.859607603667064,0.13076628744602203,0.3216642439365387,4.048416126748887,5.0,0.23146602361961294,0.5464658257681564,0.9449240890203737,0.822378599877451,0.0,0.004204538428244605,0.003957212638347864,0.10882334755456625,0.8211216224571817,2.0268348482037966,1.6852779323563964,3.3497804983614667,4.074939714338712,0.8146911519198664,0.7028998948865393,0.6012489952389786,0.8045507945341001,0.5438694119829345,0.29060780312867124,0.16719223397019725,2.693377851975515,0.6326593705558647,0.5268039324800594,0.464972485005874,3.6539912199344586,0.009645705805972918,0.014592221603907747,0.003957212638347864,0.9383875992931087
252,6,0.999985513779564,1,8,0.9996437857928198,0.9919785784826383,Dataset\IR_trans_bmp\p9_600\p9122.bmp,p9_600,p9122.bmp,SC600,600,1.0,8,320,240,RGB,b48861945fdc78772b9a05244bd37a2ab10c5936e12e7a739189448ac0e991fd,0.42020833333333335,0.24287307882994547,0.5335848927497864,0.47843137383461,0.772549033164978,0.8352941274642944,0.22421681722005207,0.5262815093722696,0.540585715675548,0.04835202220984267,0.1398343770018085,0.8676746080931506,0.13086850941181183,0.3184931844472885,4.0631368234827505,6.0,0.2407350024789291,0.5256744043787098,0.9399737189797794,0.8301447251263787,0.0,0.002974714923153198,0.0034705007436787306,0.09890927119484383,0.6923648983639068,1.9791769955379277,1.6641051065939514,3.5589985126425385,3.943480416460089,0.7518591968269708,0.8346554288547348,0.5917203767972236,0.7501239464551314,0.5949429846306395,0.3341596430342092,0.19905800694100148,2.799206742687159,0.702776400594943,0.4402578086266733,0.45290034705007437,3.541398116013882,0.021318790282597918,0.02454139811601388,0.01760039662865642,0.9119849524176151
253,6,0.9999682245932815,1,8,0.9986646895339398,0.9598335843732926,Dataset\IR_trans_bmp\p9_600\p9123.bmp,p9_600,p9123.bmp,SC600,600,1.0,8,320,240,RGB,35488e18e16fec15f565bf5cbb65fd22d05254ddac2ccd901fe75caa8f07a227,0.42139322916666666,0.24314803942774155,0.5338334441184998,0.47843137383461,0.772549033164978,0.843137264251709,0.22495379130045573,0.5377981698355068,0.5384828788588649,0.05394101971764982,0.1397289660090879,0.8679120600547946,0.12824590504169464,0.3122416734695434,4.059758704576772,6.0,0.2411086734851528,0.5249247630881198,0.9400577919155944,0.8303293863932292,0.0,0.0024719587182894047,0.0024719587182894047,0.09690078175694467,0.6926428328646912,1.9622408305781294,1.677965577974848,3.565306059388808,3.9452461143898896,0.755677780181071,0.8221734697030559,0.5915397212866546,0.7522170379754658,0.5999443809288385,0.33766956091833267,0.1955319346166919,2.8130890214133424,0.6842381732225071,0.4447053734202639,0.42987362111052746,3.5628341006705186,0.02224762846460464,0.023977999567407225,0.019034082130828415,0.5072810945859851
2,7,0.0010460428089198212,0,0,0.9984610776311852,0.011726764771328613,Dataset\IR_trans_bmp\p1_Noload\p1003.bmp,p1_Noload,p1003.bmp,Healthy,0,0.0,0,320,240,RGB,dad65b1160d08b161543a60d2ee1aded4ad5b5d6ab8d5456bd05d25fe858f8e3,0.4438020833333333,0.10741110198333528,0.1748281717300415,0.16862745583057404,0.22745098173618317,0.23137255012989044,0.07758910497029622,0.5881162271935451,0.6151266267496814,0.14497796274463548,0.2937365412102384,0.35625581408718576,0.05016033351421356,0.1335638165473938,2.0579129074773754,34.0,0.0418378124633259,0.7365696230414194,0.9962831384995404,0.5097707711014093,1.3120525759887338,4.358643351719282,2.2931580800375544,0.03614599225443023,0.0,0.0,0.0,0.0,8.0,0.0,0.0,0.0,0.0,0.0,0.0,0.0,0.0,0.0,0.0,3.5540429527050814,4.445957047294918,0.0,0.0,0.0,0.8781028051733979
11,7,0.0003652082540936616,0,0,0.9990174178340515,0.003372483001432114,Dataset\IR_trans_bmp\p1_Noload\p1012.bmp,p1_Noload,p1012.bmp,Healthy,0,0.0,0,320,240,RGB,f5dd5b31569666cb2149abcc08838526dafec2f928cd548869e1c1fa33024273,0.4337109375,0.11468371911495391,0.18237701058387756,0.1764705926179886,0.23137255012989044,0.24313725531101227,0.07909890492757161,0.5937077804596832,0.6186397975084881,0.15118382741396394,0.2945245631555843,0.3566223828151501,0.051881495863199234,0.13641196489334106,2.078523524868807,27.0,0.04314149329010177,0.7404996562936452,0.9960281671262254,0.5179808373544731,0.2461797111891681,4.925755801735267,2.74136119367138,0.08670329340418506,0.0,0.0,0.0,0.0,8.0,0.0,0.0,0.0,0.0,0.0,0.0,0.0,0.0,0.0,0.0,2.97841424239695,5.0215857576030505,0.0,0.0,0.0,0.9153402856448655
14,7,0.0010077178971332299,0,0,0.9984445480706647,0.009905615088546926,Dataset\IR_trans_bmp\p1_Noload\p1015.bmp,p1_Noload,p1015.bmp,Healthy,0,0.0,0,320,240,RGB,9ad1825a44ed6d8696782307dd4a02d2b5d51696a8385a0c5c637b5e5664cf10,0.4383984375,0.12667438890373933,0.17373405396938324,0.16862745583057404,0.2235294133424759,0.23137255012989044,0.07616473515828451,0.5562239647476364,0.6208249025832102,0.133265866958444,0.2983955886408872,0.34224148387841924,0.04968678578734398,0.1305358111858368,2.062188084759814,33.0,0.04324452760699753,0.7359284981668994,0.9961543662875306,0.5086544261259192,1.4358608809290445,4.2831090914491075,2.2491906501529595,0.0318393774688883,0.0,0.0,0.0,0.0,8.0,0.0,0.0,0.0,0.0,0.0,0.0,0.0,0.0,0.0,0.0,3.600225726929817,4.399774273070183,0.0,0.0,0.0,0.8510602265784114
18,7,0.00040159751312329083,0,0,0.9991420572577967,0.016759245841998616,Dataset\IR_trans_bmp\p1_Noload\p1019.bmp,p1_Noload,p1019.bmp,Healthy,0,0.0,0,320,240,RGB,a954cb5c0a8ded7c3de3221b9c5e83468ec828d25b051981873c8ed37c4ba732,0.4340625,0.11780057595392368,0.17749285697937012,0.16862745583057404,0.22745098173618317,0.239215686917305,0.07704299290974935,0.6293473054329571,0.6113060341266221,0.17064512491062692,0.2916119635219243,0.35644435959598286,0.051901642233133316,0.13333332538604736,2.075185852965086,33.0,0.045266378689704824,0.7380436732116358,0.9961373721852022,0.5127535950903799,0.8322534197264219,4.715142788576914,2.396928245740341,0.05567554595632349,0.0,0.0,0.0,0.0,8.0,0.0,0.0,0.0,0.0,0.0,0.0,0.0,0.0,0.0,0.0,3.240220782337413,4.759779217662587,0.0,0.0,0.0,0.9143739857182406
20,7,0.0003795972620591693,0,0,0.9991058843210796,0.02468383084016912,Dataset\IR_trans_bmp\p1_Noload\p1021.bmp,p1_Noload,p1021.bmp,Healthy,0,0.0,0,320,240,RGB,68581c1876807a87affbca05210a0277525772ea4558fb9485fb44a059041183,0.41674479166666667,0.11769668187214898,0.18043138086795807,0.1764705926179886,0.22745098173618317,0.239215686917305,0.07519383748372396,0.6328525672991698,0.622930726711932,0.181002122108842,0.29391202371520997,0.36470665893218024,0.05278317257761955,0.13402360677719116,2.0549785215518503,38.0,0.038836468162219584,0.7395673357574634,0.9957919850068934,0.5162816066367953,0.33243766793726176,5.0897956633131285,2.5127788539648814,0.06498781478472786,0.0,0.0,0.0,0.0,8.0,0.0,0.0,0.0,0.0,0.0,0.0,0.0,0.0,0.0,0.0,2.8827094919702554,5.117290508029744,0.0,0.0,0.0,0.8565776878096804
23,7,0.9968002707368023,1,1,0.9938132224870759,0.12957684165470057,Dataset\IR_trans_bmp\p2_80\p2002.bmp,p2_80,p2002.bmp,SC80,80,0.13333333333333333,1,320,240,RGB,ab03e34602da0754337c2ce7979ca498fcf3db869d30af09eedd40d583463203,0.42302083333333335,0.10677788721989658,0.152095764875412,0.15294118225574493,0.18039216101169586,0.1882352977991104,0.0643396759033203,0.5329196174437032,0.6575524312954925,0.16095486889112934,0.2616316160127612,0.12119772642477938,0.04180892929434776,0.1022619977593422,1.6952725827901005,23.0,0.03552080768283674,0.7247131177166987,0.9961842854817708,0.4860440721698836,1.8549618320610688,5.943856193055898,0.20118197488303374,0.0,0.0,0.0,0.0,0.0,8.0,0.0,0.0,0.0,0.0,0.0,0.0,0.0,0.0,0.0,0.005663629647869982,5.351883772469835,2.642452597882295,0.0,0.0,0.0,0.926190822567084
37,7,0.9988642838457314,1,1,0.999782136461623,0.10162862370633258,Dataset\IR_trans_bmp\p2_80\p2016.bmp,p2_80,p2016.bmp,SC80,80,0.13333333333333333,1,320,240,RGB,7cda4116b093517995f3685a91c0e1e8d24fa8acd33f22766135c11a0e182347,0.416953125,0.12360252326525514,0.14134584367275238,0.1411764770746231,0.16862745583057404,0.18039216101169586,0.058934593200683595,0.561025515887238,0.6611135716698303,0.1722837675624523,0.2513598055894806,0.13154830124051756,0.043818242847919464,0.110083669424057,1.6632998942759596,39.0,0.03772406470551496,0.7189277350569571,0.9969203574984682,0.47161117254518997,3.161576416213853,4.773468240584598,0.06495534320154893,0.0,0.0,0.0,0.0,0.0,8.0,0.0,0.0,0.0,0.0,0.0,0.0,0.0,0.0,0.0,0.03522578227468615,6.632690025607395,1.332084192117919,0.0,0.0,0.0,0.9176037896089312
41,7,0.9994404551088041,1,1,0.9998967580351225,0.13267125886712328,Dataset\IR_trans_bmp\p2_80\p2020.bmp,p2_80,p2020.bmp,SC80,80,0.13333333333333333,1,320,240,RGB,0f0e5f236400f3d9124c109861a61d08eaf2258bd6acb64adb142dec84797dcd,0.41682291666666665,0.13166937398475573,0.12954199314117432,0.12941177189350128,0.1568627506494522,0.16862745583057404,0.053996073404947914,0.6363820539408468,0.618296628182477,0.18053851909348115,0.2584362214004198,0.1455510462364622,0.04242883622646332,0.1059549666941166,1.65730248069883,24.0,0.060539797575909035,0.712191746887548,0.9965095071231618,0.45393063414330576,4.9801324503311255,3.0168686742471573,0.002998875421716856,0.0,0.0,0.0,0.0,0.0,8.0,0.0,0.0,0.0,0.0,0.0,0.0,0.0,0.0,0.0,0.10246157690865926,7.1928026989878795,0.7047357241034612,0.0,0.0,0.0,0.8270993347411539
43,7,0.998060081327588,1,1,0.9994814298396446,0.10358105244353388,Dataset\IR_trans_bmp\p2_80\p2022.bmp,p2_80,p2022.bmp,SC80,80,0.13333333333333333,1,320,240,RGB,f0890e69f087fdb9bcf26a5a1c3527265a8913a8f7480e9c6fecb1354fc73a28,0.4173828125,0.12834191233816877,0.13517405092716217,0.1411764770746231,0.16470588743686676,0.1764705926179886,0.056419328053792316,0.5536498274224051,0.6240426985080746,0.13514767861720356,0.2619508710216779,0.0748088425085796,0.041474469006061554,0.10464049577713012,1.6364181869458378,16.0,0.054624863515832164,0.715468763639141,0.996900790345435,0.4625324623257506,3.9876462330369677,3.992637654032132,0.019716112930900014,0.0,0.0,0.0,0.0,0.0,8.0,0.0,0.0,0.0,0.0,0.0,0.0,0.0,0.0,0.0,0.07262517547964437,6.900639525815006,1.0267352987053502,0.0,0.0,0.0,0.7477564719189411
47,7,0.9952876374481049,1,1,0.9995022070031302,0.1076714481934124,Dataset\IR_trans_bmp\p2_80\p2026.bmp,p2_80,p2026.bmp,SC80,80,0.13333333333333333,1,320,240,RGB,4bfd54cd072713dde0874e324e0dc41239adeec0a4d8ab7845e173109afbef72,0.4219791666666667,0.1207417921500864,0.12777602672576904,0.12941177189350128,0.1568627506494522,0.16862745583057404,0.05391881942749024,0.5339551054422413,0.637667381568305,0.14179300805564082,0.26375454700523027,0.1651591573049353,0.0435049869120121,0.10980391502380371,1.6926714994062788,19.0,0.04736484818563318,0.7111305364683354,0.9964278875612745,0.4511304369159773,5.3152308072080965,2.680819550728215,0.003949642063687978,0.0,0.0,0.0,0.0,0.0,8.0,0.0,0.0,0.0,0.0,0.0,0.0,0.0,0.0,0.0,0.14243396692174773,7.2399407553690445,0.6176252777092076,0.0,0.0,0.0,0.7995762280720276
49,7,0.9996707045878064,1,2,0.9978827266619756,0.28361281025791646,Dataset\IR_trans_bmp\p3_160\p3028.bmp,p3_160,p3028.bmp,SC160,160,0.26666666666666666,2,320,240,RGB,d8d6bd473fbd56cc9b552859623458e5570d5c5509f31e6a62ac513eb0cb6472,0.4205078125,0.1278526087629664,0.20965099334716797,0.21176470816135406,0.239215686917305,0.24705882370471954,0.08815987904866536,0.5287494426872349,0.5862604194758746,0.09092519135520391,0.1848502107393098,0.06689441494359123,0.042358726263046265,0.10667819529771805,1.7799801189257094,25.0,0.057872735717603346,0.7542588217964385,0.9948412128523284,0.5456285663679534,0.012633534602879703,2.686979408577179,5.024678742839449,0.27570831398049234,0.0,0.0,0.0,0.0,8.0,0.0,0.0,0.0,0.0,0.0,0.0,0.0,0.0,0.0,0.0,0.10973834958971977,7.89026165041028,0.0,0.0,0.0,0.8691934234067019
52,7,0.9996144285518298,1,2,0.9974270058852375,0.2908111825163183,Dataset\IR_trans_bmp\p3_160\p3031.bmp,p3_160,p3031.bmp,SC160,160,0.26666666666666666,2,320,240,RGB,37c7d2f37d197c5659591fa9f7f8355ba6c97427bbef891f686aeb63cd74a18b,0.41139322916666665,0.1336920398797278,0.1982056200504303,0.19607843458652496,0.22745098173618317,0.239215686917305,0.08154045104980469,0.47995952397234654,0.5808185375666962,0.08326617977206857,0.1710301551399312,0.10411541395778719,0.043183840811252594,0.10938294231891632,1.842651500997135,35.0,0.06671941762937174,0.7483846142305343,0.9939181458716299,0.5354562796798407,0.04734926412407026,3.9826554834625734,3.8155404336129135,0.1544548188004431,0.0,0.0,0.0,0.0,8.0,0.0,0.0,0.0,0.0,0.0,0.0,0.0,0.0,0.0,0.0,0.5383130242126919,7.461686975787308,0.0,0.0,0.0,0.9017651594660686
60,7,0.9993372536437917,1,2,0.9985599334172163,0.25578465017516117,Dataset\IR_trans_bmp\p3_160\p3039.bmp,p3_160,p3039.bmp,SC160,160,0.26666666666666666,2,320,240,RGB,caab808f93d7a28be48bd46f9c35e67de8b682023fcf0241c13e32886e0a2bbb,0.41630208333333335,0.11594520205179532,0.19523417949676514,0.19607843458652496,0.22745098173618317,0.239215686917305,0.08127639770507812,0.4818664732147656,0.5747722681811263,0.07693969640322919,0.16771987550008946,0.14012498003333734,0.04503520205616951,0.11379307508468628,1.925837677470321,30.0,0.058488677592893785,0.746853194423228,0.9939883961397059,0.5325640510110294,0.05604904291254848,4.2772425872638555,3.5138245965219568,0.15288377330163894,0.0,0.0,0.0,0.0,8.0,0.0,0.0,0.0,0.0,0.0,0.0,0.0,0.0,0.0,0.0,0.8402352058050795,7.1597647941949205,0.0,0.0,0.0,0.9360147286715992
65,7,0.9997077534688414,1,2,0.9995873916053886,0.2623359116716186,Dataset\IR_trans_bmp\p3_160\p3044.bmp,p3_160,p3044.bmp,SC160,160,0.26666666666666666,2,320,240,RGB,534a0ee6cb4af3fcca4c416766b7f6d0b8c4e86e7d35fdad2217320d93693670,0.40782552083333334,0.10682928386705405,0.20016378164291382,0.20392157137393951,0.23137255012989044,0.239215686917305,0.0816318957010905,0.4939690079242814,0.5756483013455309,0.07588832823222313,0.15626318208328455,0.17666544986767516,0.034529782831668854,0.07998461276292801,1.812189553295497,17.0,0.05753328437789343,0.7494316740408956,0.9940329159007353,0.5373766132429534,0.009705948085948725,3.893106861211328,3.929887296063344,0.16729989463937933,0.0,0.0,0.0,0.0,8.0,0.0,0.0,0.0,0.0,0.0,0.0,0.0,0.0,0.0,0.0,0.4566903994125347,7.543309600587465,0.0,0.0,0.0,0.8448087924402257
68,7,0.9989726401296705,1,2,0.9987048307998854,0.23997684897026783,Dataset\IR_trans_bmp\p3_160\p3047.bmp,p3_160,p3047.bmp,SC160,160,0.26666666666666666,2,320,240,RGB,39e132ef305a1b04bd3d9aedde85e8b0d71e1ddcec9d10292ace88b3c8c841cd,0.4147265625,0.11701359454962168,0.2021503448486328,0.20392157137393951,0.23137255012989044,0.24313725531101227,0.08383711496988933,0.49781851337695116,0.5732031464396262,0.07323564386654836,0.15721514613659796,0.13381942115981404,0.03552253544330597,0.08075003325939178,1.8314293291783605,27.0,0.06527267589714608,0.7504667996028282,0.9942701152726716,0.5390543619791667,0.007786254748673511,3.620357288625161,4.1761954098772405,0.19566104674892468,0.0,0.0,0.0,0.0,8.0,0.0,0.0,0.0,0.0,0.0,0.0,0.0,0.0,0.0,0.0,0.42397412954067376,7.576025870459326,0.0,0.0,0.0,0.8727883873430146
71,7,0.9996888213724393,1,2,0.9997027274586642,0.2732685402812582,Dataset\IR_trans_bmp\p3_160\p3050.bmp,p3_160,p3050.bmp,SC160,160,0.26666666666666666,2,320,240,RGB,bd33e45cc7e6d417f1d0901d46df356cea06132f295d1e4af41bdb7b01bc671f,0.40772135416666666,0.12675246702647464,0.19589847326278687,0.19607843458652496,0.22745098173618317,0.239215686917305,0.07987199147542318,0.5189414105698111,0.5760622580471265,0.07838522905242935,0.15785285694585693,0.21274431235479482,0.037328604608774185,0.08768893778324127,1.9206268274623741,21.0,0.0629451026730112,0.7472374772226344,0.9940920362285539,0.5333095176547181,0.01992782550378437,4.352185993038035,3.469996487082043,0.1578896943761377,0.0,0.0,0.0,0.0,8.0,0.0,0.0,0.0,0.0,0.0,0.0,0.0,0.0,0.0,0.0,0.808354357615048,7.191645642384952,0.0,0.0,0.0,0.918928820611387
89,7,0.999716664494613,1,3,0.9972478998925544,0.4202107377191565,Dataset\IR_trans_bmp\p4_240\p4011.bmp,p4_240,p4011.bmp,SC240,240,0.4,3,320,240,RGB,067e69a27458a2b09488122727f08abcdc2704ada1c774d3600bb507bad3702d,0.4014713541666667,0.11510394706969805,0.2628215253353119,0.250980406999588,0.32549020648002625,0.3294117748737335,0.10551531473795572,0.5203578806251031,0.5712106528712374,0.07406348888550836,0.14631432358765414,0.21884225224329806,0.04011748358607292,0.0954158753156662,2.4307546618289075,9.0,0.05727629487886356,0.7811840206551153,0.9954899208218444,0.5782289392807904,0.0,0.26387312295268056,3.7793273440793955,2.700742710732008,1.2482729543022086,0.007783867933707392,0.0,0.0,8.0,0.0,0.0,0.0,0.0,0.0,0.0,0.0,0.0,0.0,0.0,0.0020756981156553043,7.9979243018843444,0.0,0.0,0.0,0.939240334975692
96,7,0.9996405288560718,1,3,0.9950135175623661,0.4110486127863615,Dataset\IR_trans_bmp\p4_240\p4018.bmp,p4_240,p4018.bmp,SC240,240,0.4,3,320,240,RGB,95db78cf38399f1e093447ff906d95d113ba8ec5cef77ca8b2822058528548d2,0.39641927083333334,0.1263918541632452,0.26364636421203613,0.25882354378700256,0.32549020648002625,0.3294117748737335,0.1045145034790039,0.5182198301242882,0.5708052152354607,0.07311183703271197,0.14745603233347163,0.20903370748161185,0.041235148906707764,0.1022619903087616,2.4703967251540186,11.0,0.0622762358351125,0.7816142503109724,0.9954144047755821,0.5784657197840074,0.0,0.2685498439809493,3.7194941698144195,2.6534406306454263,1.3445886023977665,0.01392675316143866,0.0,0.0,8.0,0.0,0.0,0.0,0.0,0.0,0.0,0.0,0.0,0.0,0.0,0.0010510757102972573,7.998948924289703,0.0,0.0,0.0,0.9685209885855968
100,7,0.9998986863690192,1,4,0.6429603653038828,0.43107079106076585,Dataset\IR_trans_bmp\p4_240\p4022.bmp,p4_240,p4022.bmp,SC240,240,0.4,3,320,240,RGB,8ce48e2dcc5ea23281ce8bbd467a767b28244d06f76a84fc8a761a353ca091eb,0.4305338541666667,0.11571147739301377,0.25761595368385315,0.24705882370471954,0.3176470696926117,0.32549020648002625,0.11091238657633463,0.4851801910013176,0.5590260685387525,0.06085806031988641,0.16240249738492285,0.2805793038598551,0.04325404390692711,0.110083669424057,2.4830721115133625,11.0,0.0489339180402238,0.7785926690980709,0.9954883650237438,0.5754364013671875,0.0,0.546075911084228,3.775593527899592,2.75263874187207,0.9075457432330258,0.018146075911084227,0.0,0.0,8.0,0.0,0.0,0.0,0.0,0.0,0.0,0.0,0.0,0.0,0.0,0.006532587327990322,7.993467412672009,0.0,0.0,0.0,0.903743849641271
101,7,0.9994381341826541,1,3,0.9775429900105193,0.3943860461989374,Dataset\IR_trans_bmp\p4_240\p4023.bmp,p4_240,p4023.bmp,SC240,240,0.4,3,320,240,RGB,e57e11134c6c4c7f5f2492c5e8cbc97d6d105ce513f82062a0684b814ae46186,0.4122265625,0.11368015414258188,0.25971367955207825,0.24705882370471954,0.32549020648002625,0.3294117748737335,0.10706087748209635,0.5205820395126194,0.5625082991228462,0.06580963310739725,0.149279827331216,0.2499336739083388,0.0411967895925045,0.1022619903087616,2.4988844551755323,12.0,0.0546448087431694,0.7795846608763967,0.9952201693665748,0.5759950525620404,0.0,0.48794971414131844,3.7198900786506206,2.5436052939132634,1.2338987333775546,0.014656179917243122,0.0,0.0,8.0,0.0,0.0,0.0,0.0,0.0,0.0,0.0,0.0,0.0,0.0,0.0017688493003569284,7.998231150699643,0.0,0.0,0.0,0.9223983937432589
102,7,0.9997601223604032,1,3,0.9884838346762422,0.38086234546165965,Dataset\IR_trans_bmp\p4_240\p4024.bmp,p4_240,p4024.bmp,SC240,240,0.4,3,320,240,RGB,de40d5f1f87a2cc805ba9169c6c46914ba8de3fb46d6d0114be0c448b3c15b24,0.4083984375,0.11002710027100271,0.2595457136631012,0.24705882370471954,0.32549020648002625,0.3294117748737335,0.10599806467692058,0.5121601827426439,0.5629227290518649,0.06408697118501465,0.15079762141680456,0.24971145976004377,0.04198628291487694,0.10595494508743286,2.4918739047319582,11.0,0.052223816355810616,0.7794949835239176,0.9951993456073835,0.5759495753867954,0.0,0.5414952973059143,3.6705882352941175,2.5835166586959986,1.190371433126096,0.014028375577873425,0.0,0.0,8.0,0.0,0.0,0.0,0.0,0.0,0.0,0.0,0.0,0.0,0.0,0.0033157978638609915,7.996684202136139,0.0,0.0,0.0,0.8973102724292032
106,7,0.9995837068036714,1,4,0.9983008219885414,0.5310472389017699,Dataset\IR_trans_bmp\p5_320\p5028.bmp,p5_320,p5028.bmp,SC320,320,0.5333333333333333,4,320,240,RGB,4aae4dfccd1744adeaa339307ad16ecad9726de2a476d6fa04f84d0d90cf4974,0.39828125,0.11072969792075324,0.29909420013427734,0.2823529541492462,0.3921568691730499,0.40392157435417175,0.11912361145019532,0.54321474954099,0.5284920514984265,0.05176206696490669,0.1425277003289676,0.3351924506595881,0.05277456343173981,0.12935233116149902,2.7838690391250482,8.0,0.05188309140839545,0.8015764119238827,0.997190647499234,0.6007036994485294,0.0,0.053877337517980906,3.010069308225448,1.6673205178501374,1.8124754805806198,1.423564796652282,0.0326925591735321,0.0,8.0,0.0,0.0,0.0,0.0,0.0,0.0,0.0,0.0,0.0,0.0,0.0,8.0,0.0,0.0,0.0,0.9652302977101264
109,7,0.9995203679726404,1,4,0.9726488411772495,0.5492641133313619,Dataset\IR_trans_bmp\p5_320\p5031.bmp,p5_320,p5031.bmp,SC320,320,0.5333333333333333,4,320,240,RGB,53aba05bbe2645d2200ad8df6b829c6423a3973d184195097a4ef91a9046a437,0.3978515625,0.10649648175421371,0.2982321083545685,0.2823529541492462,0.3921568691730499,0.40392157435417175,0.11865211486816406,0.5580247907498534,0.5303903068997661,0.06550150452490575,0.14157774789930935,0.33499123565815736,0.052376143634319305,0.1272178649902362,2.784405574413395,8.0,0.05213549337260678,0.8011114877029504,0.9972149418849571,0.5999558392693015,0.0,0.06571755850106366,3.0452626411389296,1.6479135984290623,1.8000327278677795,1.4112256586483392,0.029847815414825726,0.0,8.0,0.0,0.0,0.0,0.0,0.0,0.0,0.0,0.0,0.0,0.0,0.0,8.0,0.0,0.0,0.0,0.9448876307062456
118,7,0.9999012260493737,1,4,0.9984935468294577,0.5304367979265433,Dataset\IR_trans_bmp\p5_320\p5040.bmp,p5_320,p5040.bmp,SC320,320,0.5333333333333333,4,320,240,RGB,b6b541700d6132faa8ccfff63f9722543809c2dc08682d8e206e41f3a4548ad1,0.4046354166666667,0.1058051229244433,0.287842720746994,0.2705882489681244,0.3843137323856354,0.3960784375667572,0.11647135416666667,0.5407337410037596,0.5335710748653367,0.0527849857798163,0.14347929207284693,0.3658906857048932,0.05349801108241081,0.12994543462991714,2.8816442525141834,9.0,0.04804350624275969,0.7953634421918645,0.9965996237362132,0.5921436384612438,0.0,0.2139271463508817,3.318316385635217,1.5672544729051359,1.877976573561591,1.0001287166945554,0.022396704852619385,0.0,8.0,0.0,0.0,0.0,0.0,0.0,0.0,0.0,0.0,0.0,0.0,0.0020594671128845413,7.997940532887116,0.0,0.0,0.0,0.9380357848975944
122,7,0.9998295070465422,1,4,0.9922768068089061,0.524655230407394,Dataset\IR_trans_bmp\p5_320\p5044.bmp,p5_320,p5044.bmp,SC320,320,0.5333333333333333,4,320,240,RGB,ea91064017a653365c6316adedfd735e43d0911f9f7d1122b825ae1e561a1ad6,0.40747395833333333,0.1190643573848022,0.2885988652706146,0.2705882489681244,0.3843137323856354,0.4000000059604645,0.11759652455647786,0.5291013185364051,0.5370997460357566,0.04715164786595429,0.14179739491459664,0.37010556789682164,0.054125066846609116,0.13413826674222945,2.891562827836976,10.0,0.05480283760465265,0.7957704000632856,0.9965157901539522,0.593065029967065,0.0,0.19888796574423212,3.284207835367802,1.5908480858950598,1.7902473317568863,1.1102447753562983,0.025564005879721352,0.0,8.0,0.0,0.0,0.0,0.0,0.0,0.0,0.0,0.0,0.0,0.0,0.0012782002939860676,7.998721799706014,0.0,0.0,0.0,0.886905521864235
130,7,0.9999037497959565,1,4,0.988763780972139,0.5340371716172089,Dataset\IR_trans_bmp\p5_320\p5052.bmp,p5_320,p5052.bmp,SC320,320,0.5333333333333333,4,320,240,RGB,0a6975e10f6130539aa0dd677cc1dc6c2140f0ff70ae06b0582f0a1f6c80019f,0.42313802083333335,0.11207188355848233,0.28830522298812866,0.2705882489681244,0.3843137323856354,0.4000000059604645,0.12199289957682291,0.49233965663646095,0.5409526960548032,0.04166298326577698,0.14517883516373417,0.38394046354344813,0.05324963480234146,0.13088883459568024,2.8902183924872173,9.0,0.05003538788195833,0.7956070713490747,0.9964841356464461,0.5928683411841299,0.0,0.20506508293073206,3.3145213404314244,1.5905468197064345,1.8310613287380373,1.0248330615133705,0.03397236668000123,0.0,8.0,0.0,0.0,0.0,0.0,0.0,0.0,0.0,0.0,0.0,0.0,0.0014770594208696186,7.9985229405791305,0.0,0.0,0.0,0.8932976261360526
132,7,0.9986631901513967,1,5,0.9881719329376711,0.6533470922597978,Dataset\IR_trans_bmp\p6_400\p6002.bmp,p6_400,p6002.bmp,SC400,400,0.6666666666666666,5,320,240,RGB,c172ac8c8b89e08e00e36885cd6dd5ca4ee0223bfd0908d6410e5e4685cc46f0,0.41143229166666667,0.12155832647635927,0.3395780622959137,0.32549020648002625,0.4588235318660736,0.46666666865348816,0.13971337636311848,0.5414897820834805,0.5605414387717045,0.07339392226801035,0.1459178569309159,0.134324561813722,0.06855902075767517,0.1768622577190399,3.1118491471632854,8.0,0.06908665105386416,0.8250948090793034,0.9751803529028799,0.6567921357996324,0.0,0.06633331223495158,2.2322931831128554,1.5150325969998102,0.9015760491170327,1.3241344388885372,1.9239192353946453,0.03671118425216786,7.767327046015571,0.21849484144566111,0.014178112538768276,0.0,0.0,0.0,0.0,0.0,0.0037977087157415024,0.042281157035255396,0.1865940882334325,0.5418064434457877,7.225520602569783,0.0,0.0,0.0,0.7806693890744019
136,7,0.9988463682761671,1,5,0.993569391426066,0.6622011516467197,Dataset\IR_trans_bmp\p6_400\p6006.bmp,p6_400,p6006.bmp,SC400,400,0.6666666666666666,5,320,240,RGB,dedc654280a9adffe563e765f06eb8d24ef02c4628c7caaaab3bdd2f20b079f1,0.40817708333333336,0.10380247543702947,0.3344668745994568,0.3176470696926117,0.4588235318660736,0.46666666865348816,0.1365217081705729,0.5532663993530514,0.5617372043053623,0.08154012322458686,0.14827623978523752,0.13644120037068164,0.07101079821586609,0.18468881994485856,3.1106222469298572,9.0,0.037418655097613884,0.8228325870449983,0.9767665489047181,0.6518008961397059,0.0,0.13449023861171366,2.447365063161924,1.3420951894857727,0.8801837437795075,1.3265280081663902,1.8415209901748117,0.027816766619880057,7.8011994385606735,0.18731657522010975,0.011483986219216537,0.0,0.0,0.0,0.0,0.0,0.0010207987750414699,0.03700395559525328,0.16077580706903152,0.4731402322317213,7.328059206328953,0.0,0.0,0.0,0.7807896751832278
143,7,0.9998525835433272,1,5,0.9997037716317466,0.6814696186909613,Dataset\IR_trans_bmp\p6_400\p6013.bmp,p6_400,p6013.bmp,SC400,400,0.6666666666666666,5,320,240,RGB,1515f68acc7e1e92ad806fc97ab8f349ffbbd2c01c3e466a812be1d84106f48b,0.41735677083333333,0.11162761675974167,0.32373490929603577,0.30980393290519714,0.45490196347236633,0.4627451002597809,0.13511295318603517,0.510587469533402,0.5485327061908049,0.04967411882785343,0.14630988974893722,0.16805370293467115,0.07608509808778763,0.20339301228523254,3.251814374772752,10.0,0.047702243159766636,0.816717478150096,0.9783054127412684,0.6422564936619178,0.0062396655539263095,0.33394690044613606,2.65285620690731,1.172308364271675,0.8398589835584813,1.2983496084609865,1.6717311952079368,0.024709075593548187,7.835522415998502,0.15773874520325712,0.006738838798240414,0.0,0.0,0.0,0.0,0.0,0.0004991732443141048,0.03394378061335913,0.1300346301438243,0.42230056468973265,7.41322185130877,0.0,0.0,0.0,0.9901312527660762
144,7,0.9993429069756498,1,5,0.9938188670265458,0.6416615302932543,Dataset\IR_trans_bmp\p6_400\p6014.bmp,p6_400,p6014.bmp,SC400,400,0.6666666666666666,5,320,240,RGB,a172acc8189d35b3cafadc600b1bb513e976945d50b82410c6be3c9c6a4d7cce,0.4082421875,0.10860204765094249,0.32478752732276917,0.30980393290519714,0.45490196347236633,0.4627451002597809,0.13259197235107423,0.5008667805435926,0.549508165182698,0.04951575232456897,0.14578933182453183,0.14097069794760234,0.07095617800951004,0.18468891382217406,3.2408934883631626,7.0,0.047714732242528625,0.8179135455765538,0.978613041896446,0.6427318498200061,0.0025515899594935093,0.2990463432526393,2.668452779638312,1.110962268363474,0.9119382515229802,1.308710490224221,1.6799668293305265,0.018371447708353267,7.857621280260262,0.1372755398207508,0.005103179918987019,0.0,0.0,0.0,0.0,0.0,0.0,0.026026217586833794,0.11635250215290403,0.4169297993812394,7.440691480879023,0.0,0.0,0.0,0.9540362611808857
155,7,0.9998524005455389,1,5,0.9738619335370963,0.67930273828343,Dataset\IR_trans_bmp\p6_400\p6025.bmp,p6_400,p6025.bmp,SC400,400,0.6666666666666666,5,320,240,RGB,bab50aafffcc7b4bbf1acf5714c3bb7a22a695bc91dd1256d866078efb77d784,0.4063802083333333,0.11842358218519705,0.3210165202617645,0.30588236451148987,0.45098039507865906,0.4627451002597809,0.1304547627766927,0.5288585509589984,0.5499876107303703,0.05771981626776142,0.1446192018419828,0.15590215674884716,0.07616325467824936,0.20095886290073395,3.2530236797970433,7.0,0.07705863505286767,0.8159267489470583,0.9800818948184743,0.638615447399663,0.0099967958987504,0.4416533162447933,2.6058314642742713,1.1209227811598848,0.8956103812880487,1.3223966677347003,1.5887215636014098,0.01486702979814162,7.865427747516821,0.12970201858378724,0.004870233899391221,0.0,0.0,0.0,0.0,0.0,0.0,0.021531560397308556,0.1130406920858699,0.387568087151554,7.477859660365268,0.0,0.0,0.0,0.9303789714379956
156,7,0.9998256931506664,1,6,0.9980342854683392,0.8067645804544983,Dataset\IR_trans_bmp\p7_480\p7026.bmp,p7_480,p7026.bmp,SC480,480,0.8,6,320,240,RGB,d5e022877677e2057cc006cca165de6e804ea6cdc432512bf725aa68474afbd1,0.42130208333333335,0.001947088638892323,0.40676870942115784,0.40784314274787903,0.5215686559677124,0.545098066329956,0.17137250264485676,0.6494484419804042,0.5277130633413757,0.15199621932842058,0.11044365767349748,0.24474005613062033,0.0796089917421341,0.21572190523147583,3.3391407591394198,2.0,0.001174434417109655,0.7343556494686191,0.9396933162913603,0.7235292920879289,0.0,0.0,0.05933984423290889,1.48769934478922,1.9695883298306343,1.0606997156632463,2.2101619483248856,1.212510817159105,5.890715786871059,1.2802571393250093,0.696995920385709,0.11991593522067004,0.012115218197552232,0.0,0.0,0.0,0.5241686240573619,0.8535047595500062,0.7316108295215725,0.5308443565335641,5.3598714303374955,0.0,0.0,0.0,0.933292654508073
161,7,0.999556312730585,1,6,0.989936791769247,0.7719501341931192,Dataset\IR_trans_bmp\p7_480\p7031.bmp,p7_480,p7031.bmp,SC480,480,0.8,6,320,240,RGB,c07b98bc7a8096671c535f1619462cc1930f1044d3f81abde47f2e3f7b88e500,0.41540364583333333,0.001974735918252202,0.40225252509117126,0.4000000059604645,0.5137255191802979,0.545098066329956,0.16709716796875,0.6804977989591425,0.5275420710461284,0.18258702337955185,0.11022755419336888,0.237983084227227,0.0807543694972992,0.21513610184192575,3.3284636405171613,3.0,0.0011911105538664076,0.7466727315380587,0.9403942033356312,0.7199764476102941,0.0,0.0007522803498103627,0.0865122402281917,1.708679434535937,1.8160047644422155,1.0238535560919035,2.279409459925399,1.084788264426543,5.975613578660314,1.2936714415572204,0.6090963232297903,0.11033445130551986,0.01128420524715544,0.0,0.0,0.0,0.4721812995643043,0.7831238441525875,0.7690812776227941,0.5524245368774097,5.423189041782904,0.0,0.0,0.0,0.9084450040318929
169,7,0.9997972555705056,1,6,0.9977127372203243,0.8046750732982442,Dataset\IR_trans_bmp\p7_480\p7039.bmp,p7_480,p7039.bmp,SC480,480,0.8,6,320,240,RGB,100a6f34038b248215ae175f5059ba594afc32007aed7f25d160eaddffab0bbc,0.4139583333333333,0.0025792652239557123,0.4071284532546997,0.40784314274787903,0.5215686559677124,0.5490196347236633,0.16853421529134113,0.6742574212968753,0.5361542645164391,0.1779684795680441,0.1077524811043303,0.2793485857541017,0.0819016844034195,0.220167338848114,3.3567102392787493,2.0,0.001667086059386009,0.7327695026078038,0.9405002369600184,0.723680144665288,0.0,0.0005032712632108706,0.0591343734272773,1.4904378459989935,1.9350780070457976,1.1039255158530448,2.184448917966784,1.2264720684448918,5.891545042778057,1.259436336185204,0.6935078007045797,0.13764469048817313,0.017866129843985907,0.0,0.0,0.0,0.552591847005536,0.8442375440362355,0.7116255661801711,0.5135883241066935,5.3779567186713635,0.0,0.0,0.0,0.9174168782043105
171,7,0.9999325448812291,1,6,0.9966896932952912,0.7979939142002599,Dataset\IR_trans_bmp\p7_480\p7041.bmp,p7_480,p7041.bmp,SC480,480,0.8,6,320,240,RGB,9f66f4a6c4177dab1531599190f82af292c19e5524765cb109f1ed1024e87576,0.41725260416666665,0.002746138243095647,0.4082203209400177,0.40784314274787903,0.5254902243614197,0.5490196347236633,0.17033098856608073,0.654583484465262,0.5385725078350624,0.15932323129445958,0.10813856676612672,0.28888683805869675,0.08209367841482162,0.21880807578563705,3.358062819699949,2.0,0.0017475425183335934,0.7285688176501397,0.9404909021714154,0.7244961009306066,0.0,0.0,0.0486815415821501,1.4591980028085505,1.965735684194102,1.0994538929630207,2.15946325479794,1.2674676236542362,5.873989701981588,1.2467467623654236,0.7164924325167733,0.14454673115930722,0.018224371976907475,0.0,0.0,0.0,0.5731939460134187,0.869027929474177,0.6837884225308161,0.514526447183648,5.359463254797941,0.0,0.0,0.0,0.9542603833184599
174,7,0.999814737979977,1,6,0.9942804756493219,0.7801934490121647,Dataset\IR_trans_bmp\p7_480\p7044.bmp,p7_480,p7044.bmp,SC480,480,0.8,6,320,240,RGB,33da5477e56af9fdd36adce3ae3a7ecf07cb22ea80fd1ab35bd9adc96d18b540,0.41388020833333333,0.002737054048952369,0.40798306465148926,0.40784314274787903,0.5215686559677124,0.5490196347236633,0.16885611216227214,0.6858906134572427,0.5461844052544547,0.19154195221991893,0.10425559412364042,0.2882038586891069,0.08185505867004395,0.21974784135818481,3.35464319031655,2.0,0.0018876234820361165,0.729323744107891,0.9401057224647672,0.7245217117608762,0.0,0.0,0.05008494305669162,1.469074435285975,1.9651418863650665,1.0799723148555969,2.175297300698421,1.2604291197382496,5.8695022966085695,1.2722582268923426,0.6946454413892909,0.1462278990750645,0.017366136034732273,0.0,0.0,0.0,0.5615050651230101,0.8761089787956963,0.6928836594727238,0.5139369533757,5.35556534323287,0.0,0.0,0.0,0.8648685839583177
182,7,0.9993911372286385,1,6,0.9990930823620501,0.7870051115128102,Dataset\IR_trans_bmp\p7_480\p7052.bmp,p7_480,p7052.bmp,SC480,480,0.8,6,320,240,RGB,8b2eb6c5544c03828360accd8d830622167d3b7f7b4661f21144f5ea92241a51,0.41703125,0.002466591732234295,0.4072982668876648,0.40784314274787903,0.5215686559677124,0.5490196347236633,0.16985610961914063,0.6737783984023789,0.5518986271288716,0.18136261811398058,0.09884229997195056,0.2860376631455472,0.0801582783460617,0.21600688993930817,3.351004109103921,2.0,0.0018109154489821407,0.732839573695007,0.9403907327090992,0.7239365521599265,0.0,0.0,0.0469589109529162,1.4817035094292494,1.9722742600224803,1.0783064818284,2.1935806169601597,1.227176220806794,5.889097040089921,1.266142125640065,0.6799050830523292,0.1488697389783939,0.01598601223929062,0.0,0.0,0.0,0.5580117397277382,0.8110403397027601,0.7418508804795804,0.5207943049831397,5.368302735106782,0.0,0.0,0.0,0.916199214296021
183,7,0.9999713755737463,1,7,0.9985635317349216,0.937469397654824,Dataset\IR_trans_bmp\p8_560\p8053.bmp,p8_560,p8053.bmp,SC560,560,0.9333333333333333,7,320,240,RGB,7968f6cedb7eaf8cce3d0cb0428f6a25c4ae91d659ef324cef2e429fa6d7a022,0.42138020833333334,0.10608120635313022,0.47177737951278687,0.4470588266849518,0.6549019813537598,0.7019608020782471,0.19879764556884766,0.5154113555727078,0.545752066919042,0.048277960892657096,0.14568555424636376,0.7152989751372348,0.1105133518576622,0.2749576270580292,3.8469970442501675,9.0,0.04001606822816884,0.5991229265095801,0.958326691272212,0.7778282614315257,0.0,0.0,0.006674494777825845,0.36858043384216055,1.950188492676596,1.4416908720103825,1.5529324516408134,2.6799332550522217,4.727767134293307,0.7517458747914221,0.7678141029602621,0.9806563253198195,0.506025585563315,0.19553797663926828,0.06625054075767876,0.004202459674927384,2.346950126691799,0.40763858846795625,0.5176441505469378,0.4402694518262159,4.287497682467091,0.0,0.0,0.0,0.8178315649645425
186,7,0.9999666697499551,1,7,0.9983390943517229,0.9249100488838863,Dataset\IR_trans_bmp\p8_560\p8056.bmp,p8_560,p8056.bmp,SC560,560,0.9333333333333333,7,320,240,RGB,7ff00accd2ade2793bf27e6e119015936d7e222cf77c989078af376c84a9605f,0.421640625,0.11561978877153975,0.4763132631778717,0.45098039507865906,0.658823549747467,0.7098039388656616,0.20083302815755208,0.5124504441606338,0.547469140034577,0.049074767604333526,0.14489863850827012,0.732645972400015,0.11059547960758209,0.2749576270580292,3.8590981282039043,8.0,0.0425853869433636,0.5961369349303858,0.9579905790441177,0.7818507175819547,0.0,0.0,0.005929219937002038,0.3115310975233154,1.828176147242295,1.5546908776480761,1.5724785374590822,2.727194120190229,4.6628373787906865,0.7722808967945155,0.7544932369835093,0.9696745105305417,0.5390649126057686,0.21987523933049224,0.07460935087394231,0.007164474090544129,2.4005929219937,0.42146871718856155,0.515100982027052,0.42443332715706256,4.238404051633624,0.0,0.0,0.0,0.8609711776515933
188,7,0.9999624015290943,1,7,0.9971911773207714,0.9444853624108853,Dataset\IR_trans_bmp\p8_560\p8058.bmp,p8_560,p8058.bmp,SC560,560,0.9333333333333333,7,320,240,RGB,53e21be08d801271768b75d0c7eeddc86fb99a273938919c8aaa82bcac92370a,0.42161458333333335,0.1160284126003706,0.4755891263484955,0.45098039507865906,0.658823549747467,0.7098039388656616,0.20051531473795572,0.5222480919462814,0.5469625464646027,0.0519659346657997,0.14477549371724419,0.7214377251745919,0.11285717040300369,0.2824945002794273,3.8613867181751287,8.0,0.04234095120444719,0.5955055279438722,0.9581307803883272,0.7811545577703738,0.0,0.0,0.007906114885731933,0.325633106856084,1.8979617047560222,1.4700432365657814,1.5701050030883261,2.7283508338480544,4.672266831377393,0.7683755404570722,0.7451513279802348,0.9714638665843113,0.5457689932056825,0.21593576281655344,0.07387276096355776,0.007164916615194565,2.395799876466955,0.4195182211241507,0.512415071031501,0.42816553428042003,4.244101297096973,0.0,0.0,0.0,0.8591111903111291
198,7,0.9999933150475162,1,7,0.9978555667370772,0.9555523894404074,Dataset\IR_trans_bmp\p8_560\p8068.bmp,p8_560,p8068.bmp,SC560,560,0.9333333333333333,7,320,240,RGB,c56634c3c150230c5b269ad22d1fb660f96294abedfc0478ac8fe4410ac40505,0.41877604166666665,0.12937628256949193,0.4827481508255005,0.45490196347236633,0.6666666865348816,0.7215686440467834,0.20216336568196613,0.5066796202232466,0.5465862895157091,0.047062720885731546,0.1439826253862708,0.7731609869075329,0.11108299344778061,0.273105651140213,3.847598018801604,7.0,0.08096511410981905,0.5924255967806171,0.95784164129519,0.7874406403186275,0.0,0.0,0.003979851999253777,0.20446489646166283,1.6884522106834152,1.7026304334307567,1.6120888004477334,2.788383806977178,4.615135874634662,0.764629065356632,0.7380138051116224,0.9437224053230521,0.6059324668863877,0.23033393445681238,0.09029289223307008,0.011939555997761333,2.4553199427896275,0.4136558671724395,0.515888315403271,0.46614016541259873,4.1489957092220635,0.0,0.0,0.0,0.9096929061045281
205,7,0.9999955046144625,1,7,0.9941725394479475,0.9535464547047934,Dataset\IR_trans_bmp\p8_560\p8075.bmp,p8_560,p8075.bmp,SC560,560,0.9333333333333333,7,320,240,RGB,8dec29612d8fa52ed380026f020d9dded8d78a64eedd915c03321d3d4d34ddf6,0.426875,0.13473035627135188,0.48466673493385315,0.4588235318660736,0.6705882549285889,0.7176470756530762,0.2068921152750651,0.5249656972344435,0.5620571044458044,0.06689073366767159,0.1442101978608884,0.7373970773747708,0.09256185591220856,0.23325909674167633,3.859581062692022,5.0,0.06975963884821865,0.5850688998259646,0.9562601126876532,0.7897760727826286,0.0,0.0,0.0019521717911176184,0.20717423133235724,1.6710590531966814,1.6739873108833578,1.5807711078574915,2.8650561249389948,4.459248413860419,0.8665202537823329,0.7215714982918496,0.9812103465104929,0.6515373352855052,0.21205466081015129,0.09199609565641777,0.01586139580283065,2.4904831625183017,0.44899951195705223,0.5990727183992192,0.4258174719375305,4.035627135187896,0.0,0.0,0.0,0.8189787828072064
208,7,0.9999933153837367,1,7,0.9974556046074153,0.9341459229301843,Dataset\IR_trans_bmp\p8_560\p8078.bmp,p8_560,p8078.bmp,SC560,560,0.9333333333333333,7,320,240,RGB,5fcd815ad0029d056a7a5d44e68984f08ed50a16637942b666161572d84ef32a,0.428046875,0.1443694104763643,0.4910849332809448,0.4627451002597809,0.6784313917160034,0.7254902124404907,0.21020736694335937,0.49857970517037364,0.5583891673479469,0.05840643886584429,0.14594562339001232,0.7419745897466907,0.11023630201816559,0.2707870900630951,3.8613884520112878,7.0,0.08967573158118879,0.5779204981287098,0.9561968635110294,0.7962268305759804,0.0,0.0,0.0024335340998965747,0.15647624262334975,1.4866459816268176,1.737786700736144,1.660400316359433,2.956257224554359,4.398856238973049,0.8398126178743079,0.7456348482083105,0.9629494433290746,0.6838230820709376,0.2489505384194196,0.10610208675549065,0.013871144369410476,2.580276206120338,0.4528806959907526,0.5675001520958812,0.4166210379022936,3.9827219078907343,0.0,0.0,0.0,0.9539342405052073
219,7,0.9993480277971746,1,8,0.9992087736597373,0.9923439869899428,Dataset\IR_trans_bmp\p9_600\p9089.bmp,p9_600,p9089.bmp,SC600,600,1.0,8,320,240,RGB,22ba34671e7d0eb9abc29b05cf76ce55a812534fda299af0105e26720c078614,0.4214322916666667,0.22795526169437064,0.5218652486801147,0.47058823704719543,0.7490196228027344,0.8156862854957581,0.21993087768554687,0.5321397901292235,0.5520949950830851,0.06121155628030705,0.1385229864089706,0.8363670788365266,0.1286803036928177,0.30982866883277893,4.028768870016895,5.0,0.2263177408391522,0.5440525502465957,0.9480970794079351,0.8202501483992034,0.0,0.0024717295927825494,0.004201940307730335,0.11320521534944077,0.834703083482667,2.060186615584255,1.6286226286844219,3.3566087869987022,4.113205215349441,0.7936723722424767,0.7054316257801396,0.6285608354446024,0.8208613977630848,0.5348822838781437,0.2797997899029846,0.12358647963912749,2.7122288821602916,0.6419081752456282,0.4812457517147624,0.446888710375085,3.6996848544769203,0.007168015819069394,0.009392572452573689,0.0014830377556695298,0.9290609319409547
225,7,0.9998720635590439,1,8,0.9945579525835188,0.9849128008662484,Dataset\IR_trans_bmp\p9_600\p9095.bmp,p9_600,p9095.bmp,SC600,600,1.0,8,320,240,RGB,e16946196710a0106d91e60d832629de6dedb8f37c5cc77b7e392ff17b548e11,0.41766927083333333,0.2331888892352776,0.5258983969688416,0.47058823704719543,0.7529411911964417,0.8196078538894653,0.2196515909830729,0.4908180960374586,0.5479230518048938,0.048794735931982094,0.13858870334186293,0.8391264883190758,0.12805715203285217,0.3080965578556063,4.0116117769189,5.0,0.23153661502010786,0.539615311436147,0.9468881046070772,0.8246690937117034,0.0,0.0024939988153505625,0.00199519905228045,0.09003335723415531,0.7282476540823644,2.100445802288244,1.6615020107865448,3.415281977741061,4.048009477195499,0.8125448140412134,0.7147800604794713,0.6207563051407551,0.8272594070517817,0.5559123359416405,0.29354366056676123,0.1271939395828787,2.7461420955825044,0.66490008417246,0.492065966268666,0.46388377965520466,3.61305608379836,0.006484396919911463,0.012469994076752814,0.000997599526140225,0.9751703180633841
227,7,0.9999636029843251,1,8,0.9935111714083009,1.0,Dataset\IR_trans_bmp\p9_600\p9097.bmp,p9_600,p9097.bmp,SC600,600,1.0,8,320,240,RGB,2bc792fdb481e7d8c955399f0143b1a75dcd5e256b785a6679c43895e4caf128,0.4228385416666667,0.2320317792695695,0.5229756832122803,0.47058823704719543,0.7529411911964417,0.8196078538894653,0.22113428751627603,0.5175086966691687,0.5491084233729921,0.052136280124631056,0.13849876818786394,0.8154890252993804,0.13018427789211273,0.3141174018383026,4.045698309264578,5.0,0.2303689105130258,0.541373695075179,0.9483582141352634,0.8207213757084865,0.0,0.003941614830325799,0.0029562111227443492,0.12046560325183224,0.8329124838332205,2.041017429328078,1.6148303257991008,3.3838763318346987,4.098047668904354,0.7718174539631706,0.7171275481924001,0.6188335283611505,0.8228120958305105,0.5518260762456119,0.29660651598201637,0.12292911252078587,2.726365707950976,0.6587423785181992,0.47126932315082837,0.44835868694955966,3.6755558292788075,0.0059124222454886985,0.01305659912545421,0.0007390527806860873,0.9649170906978204
231,7,0.9998865627106236,1,8,0.9975409817784783,0.989513270595201,Dataset\IR_trans_bmp\p9_600\p9101.bmp,p9_600,p9101.bmp,SC600,600,1.0,8,320,240,RGB,7d9b5ff49f0ced9c97406931e7bbbeeadff68b7ca1fbd10f64cfe5aee3f94487,0.42075520833333335,0.22723896763012935,0.5198363661766052,0.47058823704719543,0.7490196228027344,0.8117647171020508,0.21872385660807292,0.5260342057030779,0.5409204271136072,0.04850011568800857,0.13834265545555888,0.8242085237252899,0.12619303166866302,0.3110176622867584,4.044167166374963,5.0,0.22559881166058054,0.544678203220474,0.9480743408203125,0.8179380529067095,0.0,0.002723277836231974,0.004703843535309773,0.1262610633162097,0.9276474593055641,2.0080460481525035,1.5881661199480102,3.342452187906171,4.110416537723587,0.837779290709909,0.6711642012749892,0.6298198923067401,0.8400074271213716,0.5151946524726125,0.2740607786098905,0.12155721978089992,2.686884941511419,0.6523488271337501,0.5038063997029152,0.43300117596088383,3.703905427987869,0.007179550659157021,0.01213096490685152,0.0007427121371541747,0.961871524085598
239,7,0.9998082992937822,1,8,0.998416751003414,0.9973018089826204,Dataset\IR_trans_bmp\p9_600\p9109.bmp,p9_600,p9109.bmp,SC600,600,1.0,8,320,240,RGB,e9ecaaeda6d22bfc0e5230da729efca56b8a5f4a47c3dbb224a18a56e0e12805,0.4198828125,0.2378515830930009,0.5292379856109619,0.4745098054409027,0.7607843279838562,0.8313725590705872,0.22221794128417968,0.541394061146255,0.5435284245740922,0.0600682282415782,0.13927179297218434,0.8686847617863236,0.13169121742248535,0.31767117977142334,4.041239069069369,6.0,0.23592892362080192,0.5435086894967702,0.9431132597081802,0.8264287013633579,0.0,0.003225106211430521,0.0017365956523087418,0.09501659069060688,0.7239123019195584,2.041244146742333,1.7410611839861072,3.3938040747976554,4.016001488510559,0.8211616584488479,0.7189506000558191,0.6025986913511334,0.7779948522343164,0.5753093311005675,0.3053927497131516,0.18259062858560487,2.726455174124725,0.6504791143362173,0.5259403975563618,0.477811889478091,3.5850776816448042,0.013396595032096009,0.013892765218469934,0.006946382609234967,0.8839910750201407
243,7,0.999824956296817,1,8,0.9971951759369534,0.9956030085355416,Dataset\IR_trans_bmp\p9_600\p9113.bmp,p9_600,p9113.bmp,SC600,600,1.0,8,320,240,RGB,c771779093d2988ee47a547d874ab7c8558159d3bb72cc78eafc4534beacf266,0.41930989583333333,0.23839393845293916,0.5293325781822205,0.4745098054409027,0.7607843279838562,0.8274509906768799,0.22195439656575522,0.5387716369132692,0.5418501849529131,0.057049783606315456,0.13896624144626904,0.8739978183059257,0.12786993384361267,0.30982866883277893,4.024932276750715,6.0,0.236623917026364,0.544713835476497,0.9430447447533701,0.8269025017233456,0.0,0.0027326646585721826,0.005216905257274167,0.07924727509859329,0.719932925503835,2.0415489240132905,1.7670403378567214,3.3842809676117134,4.022233953358382,0.8319721765052945,0.7085054187498059,0.5919945346706829,0.7932180231655436,0.567152128683663,0.3065552898798249,0.17836847498680247,2.7110517653634756,0.664782784212651,0.5254168866254697,0.46902462503493464,3.5989193553395644,0.01117908269415893,0.013166475173120517,0.006459025556625159,0.9091512540949965
248,7,0.999770289054317,1,8,0.9980799882116342,1.0,Dataset\IR_trans_bmp\p9_600\p9118.bmp,p9_600,p9118.bmp,SC600,600,1.0,8,320,240,RGB,47e5001d2dde1ed4657b8f4711fbe596186f19435e40980872ee340b9f2ad881,0.4180598958333333,0.24502444949699442,0.5343124866485596,0.47843137383461,0.772549033164978,0.8352941274642944,0.2233746337890625,0.5586127836594695,0.544737418797123,0.07373530395231957,0.13920042766696672,0.8623281058512279,0.12988321483135223,0.31764224767684945,4.032849260170529,7.0,0.24287538542996853,0.5296660694996072,0.9416994581035539,0.8312053605621936,0.0,0.0027408353318590963,0.0019933347868066153,0.06652754850967078,0.6722521568505311,1.990843118323107,1.7351979319151587,3.530445074282867,3.947550378422151,0.7781480673996325,0.791852244058928,0.5793129224156726,0.7564705515931105,0.6171862833649983,0.3343819104868097,0.19509764225869747,2.7891737004391564,0.6921855047185972,0.4781511819852369,0.46295200423583643,3.5366742454916373,0.02043168156476781,0.01121250817578721,0.009219173388980597,0.8039302014249766
249,7,0.9999779218079335,1,8,0.9995282038618126,1.0,Dataset\IR_trans_bmp\p9_600\p9119.bmp,p9_600,p9119.bmp,SC600,600,1.0,8,320,240,RGB,00abec21db4f96869e87900d69af98af54a7e5278c5c4982247e39ce8e3c6813,0.42022135416666667,0.24549933380844668,0.5348564982414246,0.47843137383461,0.7764706015586853,0.843137264251709,0.22475812276204427,0.5192173494945279,0.5398808730129082,0.04426952172620056,0.13981292034338733,0.8696035003346732,0.13213853538036346,0.316166889667511,4.034375767120142,9.0,0.24323738109255416,0.5309950759290983,0.9404775582107843,0.8319005031211704,0.0,0.002478852291389087,0.003966163666222539,0.0713909459920057,0.6499550708022186,1.9783720137576302,1.7716357326557803,3.5222012208347535,3.947076503578843,0.7870356025160351,0.7882750286617296,0.5750937316022682,0.7456387692498373,0.6164905648684659,0.33836333777461036,0.20202646174821057,2.7760666811266383,0.692095559755833,0.48734236048709445,0.5027112446937068,3.4974126979208626,0.019582933101973787,0.01512099897747343,0.00966752393641744,0.8730001278583566
1,8,0.00023778724100015594,0,0,0.9993896817998567,0.0,Dataset\IR_trans_bmp\p1_Noload\p1002.bmp,p1_Noload,p1002.bmp,Healthy,0,0.0,0,320,240,RGB,f885527a57548cb28fa85cae9f77dce1fafc204d96b9af69f15981804bf11186,0.44408854166666667,0.10819210696065208,0.17565181851387024,0.16862745583057404,0.22745098173618317,0.23137255012989044,0.07800495783487955,0.596588525654582,0.6141762565855454,0.14955119810959103,0.2919570564473228,0.35138022689265797,0.0501536950469017,0.13147492706775665,2.069338872972047,36.0,0.04330616313845071,0.7370442651503579,0.9962106742110907,0.5107077804266238,1.15217263824547,4.480150120213453,2.3259250571746906,0.04175218436638715,0.0,0.0,0.0,0.0,8.0,0.0,0.0,0.0,0.0,0.0,0.0,0.0,0.0,0.0,0.0,3.4912332140972264,4.508766785902774,0.0,0.0,0.0,0.9002593478499906
8,8,0.0001138416867410106,0,0,0.9995853829910222,0.007330213159515098,Dataset\IR_trans_bmp\p1_Noload\p1009.bmp,p1_Noload,p1009.bmp,Healthy,0,0.0,0,320,240,RGB,e07e91b4133d2620602b0a7b09e06912f027647ed006e6a4aa67bd7a4a388930,0.4394401041666667,0.11905537941864944,0.1772250533103943,0.16862745583057404,0.22745098173618317,0.239215686917305,0.0778797976175944,0.6019159704883116,0.6146566261217526,0.15340471620585128,0.29468688670711013,0.37539369494644037,0.05343058705329895,0.14117646217346191,2.058252437496229,36.0,0.0440013037423331,0.7378811116991096,0.9961896110983456,0.5124640371285233,0.8398471065809358,4.702005985362529,2.401256333520993,0.05689057453554179,0.0,0.0,0.0,0.0,8.0,0.0,0.0,0.0,0.0,0.0,0.0,0.0,0.0,0.0,0.0,3.4129603840113782,4.587039615988622,0.0,0.0,0.0,0.9405888724445799
13,8,0.00023909152120573962,0,0,0.9991894083007732,0.0,Dataset\IR_trans_bmp\p1_Noload\p1014.bmp,p1_Noload,p1014.bmp,Healthy,0,0.0,0,320,240,RGB,adce5d21d2265705f4c11dc55c815ff9073e633105eedb18375e16fe97b867a1,0.4408463541666667,0.1315237617036359,0.17477025091648102,0.16862745583057404,0.2235294133424759,0.23137255012989044,0.0770468266805013,0.6025776237967164,0.6121368742518686,0.15197647012205565,0.29315262464829495,0.3252008085084539,0.047406382858753204,0.12401088327169418,2.0627888787716175,38.0,0.05910151519626665,0.7365036436965345,0.9960692760991116,0.5098824295343137,1.314469681306672,4.348642821277727,2.300499158224296,0.0363883391913046,0.0,0.0,0.0,0.0,8.0,0.0,0.0,0.0,0.0,0.0,0.0,0.0,0.0,0.0,0.0,3.4828838940248694,4.517116105975131,0.0,0.0,0.0,0.9030286616268929
16,8,0.0009304102745888732,0,0,0.9939347968649421,0.0,Dataset\IR_trans_bmp\p1_Noload\p1017.bmp,p1_Noload,p1017.bmp,Healthy,0,0.0,0,320,240,RGB,9ca6770e988d8b8765e16963ffef2303841229edd7b7d495613bc4055737775f,0.40899739583333333,0.10786030371525898,0.17048130929470062,0.16470588743686676,0.21960784494876862,0.22745098173618317,0.06972640991210938,0.53679198814209,0.629041382232053,0.13418393614664345,0.2893348230696618,0.4472715374930978,0.04927799478173256,0.12994541227817535,1.959576452661322,35.0,0.03708891789500494,0.7341733112015538,0.9960166183172487,0.5055873496859682,1.5133551940403043,4.596606284422655,1.8681353665913216,0.021903154945719653,0.0,0.0,0.0,0.0,8.0,0.0,0.0,0.0,0.0,0.0,0.0,0.0,0.0,0.0,0.0,3.6428002928910255,4.3571997071089745,0.0,0.0,0.0,0.8209859982743752
27,8,0.9981084415584275,1,1,0.9994676205479539,0.134102214657856,Dataset\IR_trans_bmp\p2_80\p2006.bmp,p2_80,p2006.bmp,SC80,80,0.13333333333333333,1,320,240,RGB,8b4103d2a0516075fab0cd1e96b4bf5f907363874c81642b61f63ebc7bf20c16,0.42302083333333335,0.1238303373553312,0.14830853044986725,0.14509804546833038,0.1764705926179886,0.1882352977991104,0.06273759841918945,0.48011999684283707,0.6533548028990669,0.1546379969404042,0.2634629406149694,0.1868195435400683,0.04350714012980461,0.10653393715620041,1.6917198677623673,31.0,0.04063038660428466,0.7227579468455394,0.9966103946461397,0.4810719807942708,2.3119921201674463,5.542477222359025,0.1455306574735287,0.0,0.0,0.0,0.0,0.0,8.0,0.0,0.0,0.0,0.0,0.0,0.0,0.0,0.0,0.0,0.009603545924649102,5.921201674464418,2.069194779610933,0.0,0.0,0.0,0.9438327736398769
28,8,0.9994665813293041,1,1,0.9997755584343692,0.1306377559313514,Dataset\IR_trans_bmp\p2_80\p2007.bmp,p2_80,p2007.bmp,SC80,80,0.13333333333333333,1,320,240,RGB,2e06bb8ed46f0d507e4295d0c21a203ebb11a702038e18ef50a68911acd89aa6,0.41813802083333335,0.11029801015165198,0.14750108122825623,0.14509804546833038,0.1764705926179886,0.1882352977991104,0.06167580922444661,0.5317968604268377,0.677906533965586,0.18072569037259753,0.24781678706443042,0.1678890376528505,0.04358754679560661,0.10595494508743286,1.6922481765282218,44.0,0.03808426493943263,0.7223032519804032,0.9966227213541666,0.47997457466873467,2.4062529193784448,5.453492355120979,0.14025472550057608,0.0,0.0,0.0,0.0,0.0,8.0,0.0,0.0,0.0,0.0,0.0,0.0,0.0,0.0,0.0,0.009715691464515928,5.982374739202192,2.007909569333292,0.0,0.0,0.0,0.9410978864241927
31,8,0.9969822492365037,1,1,0.9982100813703548,0.12186262012057614,Dataset\IR_trans_bmp\p2_80\p2010.bmp,p2_80,p2010.bmp,SC80,80,0.13333333333333333,1,320,240,RGB,e26c239e7971c88b1b9529f30edab674769d6b31f2467e31fbf194b1372fc2ed,0.41625,0.11032907907907907,0.15375694632530212,0.15294118225574493,0.18039216101169586,0.19607843458652496,0.0640013313293457,0.5431838154510014,0.6699881470721996,0.17538760521184468,0.25182486475105836,0.13343040199836112,0.04316743463277817,0.10595494508743286,1.6740146883226148,40.0,0.03688063063063063,0.7255745999639927,0.9958603204465379,0.48817665249693626,1.6984484484484486,6.069069069069069,0.2324824824824825,0.0,0.0,0.0,0.0,0.0,8.0,0.0,0.0,0.0,0.0,0.0,0.0,0.0,0.0,0.0,0.004254254254254255,5.013013013013013,2.9827327327327327,0.0,0.0,0.0,0.9588114388209436
33,8,0.9975532893587612,1,1,0.9995664959577467,0.15302487927261166,Dataset\IR_trans_bmp\p2_80\p2012.bmp,p2_80,p2012.bmp,SC80,80,0.13333333333333333,1,320,240,RGB,e82e1c2135c3f064d37b2a970250d1f37bc9e84e78a44c4e1f1e56c6fbc02273,0.4149348958333333,0.10471647786111024,0.14660529792308807,0.14509804546833038,0.1764705926179886,0.18039216101169586,0.06083165486653646,0.5265254171990903,0.6803877822274575,0.182327589065743,0.24572918910609695,0.17360169647433135,0.04404417797923088,0.10653393715620041,1.6722330204881215,37.0,0.035836445225468354,0.7218405441198935,0.9966803457222733,0.4788489248238358,2.535789374588132,5.351241095804437,0.11296952960743088,0.0,0.0,0.0,0.0,0.0,8.0,0.0,0.0,0.0,0.0,0.0,0.0,0.0,0.0,0.0,0.00778234537295635,6.1410236294599425,1.8511940251671009,0.0,0.0,0.0,0.8423567884219836
45,8,0.9993277451054973,1,1,0.999836245480297,0.14804115319262645,Dataset\IR_trans_bmp\p2_80\p2024.bmp,p2_80,p2024.bmp,SC80,80,0.13333333333333333,1,320,240,RGB,9b05c2cf48bdd05c1962b6745b6e1b11eef32b927453a1dbab2f8da700416c88,0.41346354166666666,0.10726207721861812,0.12692737579345703,0.12941177189350128,0.1568627506494522,0.16470588743686676,0.05247983932495117,0.5655872580005635,0.6404468170359215,0.15500644124536925,0.2589727790512837,0.1777305685088154,0.0392749160528183,0.0954158753156662,1.6262226349584583,18.0,0.04112867670214776,0.7106520157286574,0.9963892918007047,0.4500014062021293,5.497764061220634,2.5022359387793665,0.0,0.0,0.0,0.0,0.0,0.0,8.0,0.0,0.0,0.0,0.0,0.0,0.0,0.0,0.0,0.0,0.1073250614095862,7.378472003527115,0.5142029350632991,0.0,0.0,0.0,0.8733905873039592
46,8,0.9998154374420973,1,1,0.9998816800367334,0.160241187904554,Dataset\IR_trans_bmp\p2_80\p2025.bmp,p2_80,p2025.bmp,SC80,80,0.13333333333333333,1,320,240,RGB,2987d28a4392e8281deaad01a8148c5dca89415d1b9742ba77294e08030aabc8,0.42380208333333336,0.100374831018803,0.12669314444065094,0.12941177189350128,0.1568627506494522,0.16862745583057404,0.05369281768798828,0.5818053271601911,0.6729406226291442,0.1913127557355807,0.24660663914471187,0.20865325192438539,0.043918807059526443,0.110083669424057,1.6725003306890052,26.0,0.03437999262627504,0.7105189914809925,0.9964183134191177,0.44948263729319854,5.392896644955143,2.600221211748802,0.0068821432960550575,0.0,0.0,0.0,0.0,0.0,8.0,0.0,0.0,0.0,0.0,0.0,0.0,0.0,0.0,0.0,0.15853508664126828,7.278603908074229,0.5628610052845029,0.0,0.0,0.0,0.7623549732507896
51,8,0.9983095983959007,1,2,0.9970998261697559,0.24496994697893526,Dataset\IR_trans_bmp\p3_160\p3030.bmp,p3_160,p3030.bmp,SC160,160,0.26666666666666666,2,320,240,RGB,c3a7dbff248b8a809cff8b02e848917e8ba3b4bbdb74286db07855746c20d7d4,0.4166666666666667,0.10759375,0.19472402334213257,0.19607843458652496,0.22745098173618317,0.239215686917305,0.08113501230875651,0.541989214629697,0.5701653909298099,0.08176965347579629,0.16427033127401655,0.14069963447764544,0.04297763109207153,0.10938294231891632,1.8967519437297693,28.0,0.05671875,0.7466284895742406,0.9938647101907169,0.5322168088426777,0.06175,4.3855,3.4215,0.13125,0.0,0.0,0.0,0.0,8.0,0.0,0.0,0.0,0.0,0.0,0.0,0.0,0.0,0.0,0.0,0.727,7.273,0.0,0.0,0.0,0.939970977280457
54,8,0.9981800951011657,1,2,0.9977264443077799,0.26155255929118315,Dataset\IR_trans_bmp\p3_160\p3033.bmp,p3_160,p3033.bmp,SC160,160,0.26666666666666666,2,320,240,RGB,e259bd41c8384e02ae8a11f2ed4552792cdc680c05d4cfe700225f2d2a148dbc,0.40984375,0.12139407802770365,0.19088619947433472,0.1882352977991104,0.2235294133424759,0.23137255012989044,0.07823351542154948,0.46885102074630575,0.5748609868749625,0.08108283581893505,0.1679168959434887,0.16160003565086486,0.04281112924218178,0.10653393715620041,1.8688442939713212,36.0,0.06255559791587241,0.7445877330929207,0.9936473173253676,0.5286613913143382,0.07980683695514043,4.764773160503241,3.067225822849155,0.0881941796924641,0.0,0.0,0.0,0.0,8.0,0.0,0.0,0.0,0.0,0.0,0.0,0.0,0.0,0.0,0.0,1.0387596899224807,6.961240310077519,0.0,0.0,0.0,0.9846089584718221
55,8,0.9989073343077147,1,2,0.9991913504667903,0.23220560052478123,Dataset\IR_trans_bmp\p3_160\p3034.bmp,p3_160,p3034.bmp,SC160,160,0.26666666666666666,2,320,240,RGB,4b0349ab99f3715eb6b71a86e973ad336311a83d3c2c365d327fdcee9cee96ea,0.4088411458333333,0.12602312175546992,0.19083337485790253,0.1882352977991104,0.2235294133424759,0.23137255012989044,0.07802053451538087,0.47758013900569224,0.5784771474274654,0.08161686612065068,0.16711586629716085,0.1912063573302317,0.0415295772254467,0.10316035896539688,1.8623472473505918,33.0,0.06423771457689735,0.7445616482356407,0.9936678418926165,0.528614657532935,0.07133985158763018,4.785884900793019,3.0589509220038855,0.08382432561546546,0.0,0.0,0.0,0.0,8.0,0.0,0.0,0.0,0.0,0.0,0.0,0.0,0.0,0.0,0.0,1.043600114653333,6.956399885346667,0.0,0.0,0.0,0.965514948579151
73,8,0.9993350376024601,1,2,0.9991252651849374,0.25210767852298865,Dataset\IR_trans_bmp\p3_160\p3052.bmp,p3_160,p3052.bmp,SC160,160,0.26666666666666666,2,320,240,RGB,66f1df4a604fc14ef60afe8ee5592dfb0079093ee5c9279e2783193689f07909,0.405,0.13078703703703703,0.19612938165664673,0.19607843458652496,0.22745098173618317,0.239215686917305,0.0794323984781901,0.5180983225172641,0.5773609791842591,0.07944979784924741,0.15654321215425668,0.22887042590843676,0.03691732883453369,0.08663027733564377,1.9035138041726272,16.0,0.06481481481481481,0.7473509378273394,0.9940543380438113,0.5335588642195159,0.02109053497942387,4.350823045267489,3.469650205761317,0.15843621399176955,0.0,0.0,0.0,0.0,8.0,0.0,0.0,0.0,0.0,0.0,0.0,0.0,0.0,0.0,0.0,0.7662037037037037,7.233796296296297,0.0,0.0,0.0,0.907858248209083
77,8,0.999692497501152,1,2,0.9975218122968522,0.3004498389489194,Dataset\IR_trans_bmp\p3_160\p3056.bmp,p3_160,p3056.bmp,SC160,160,0.26666666666666666,2,320,240,RGB,f3aceac590d49ff982555fea567a676e18a47219f9e513e8060dae1b66f6d007,0.40510416666666665,0.14007456929802006,0.19078461825847626,0.1882352977991104,0.2235294133424759,0.23137255012989044,0.07728764216105143,0.4356109409700043,0.5641270850504605,0.09087482577610405,0.1642141330802819,0.17544132826665174,0.04132140055298805,0.10223187506198927,1.942507933125023,24.0,0.07588711751092826,0.7446292472285265,0.9939767276539522,0.5283466413909313,0.0761121110825405,4.754692723065055,3.0606839804577013,0.108511185394703,0.0,0.0,0.0,0.0,8.0,0.0,0.0,0.0,0.0,0.0,0.0,0.0,0.0,0.0,0.0,1.1429673437901775,6.857032656209823,0.0,0.0,0.0,0.8349908798789225
78,8,0.998270405312677,1,2,0.9965177096088529,0.27577320640945524,Dataset\IR_trans_bmp\p3_160\p3057.bmp,p3_160,p3057.bmp,SC160,160,0.26666666666666666,2,320,240,RGB,25d2eed648647f396496e4d6d1887186d2f1e881864d748214edec680960b2ae,0.4208854166666667,0.10821680485088479,0.19269311428070068,0.19607843458652496,0.22745098173618317,0.239215686917305,0.08110172271728516,0.45862962817308867,0.5641827830005678,0.07636057424348558,0.1549801143044572,0.024729978431229385,0.04075128212571144,0.10044116526842117,2.0025501118574525,28.0,0.05788268778616508,0.7455293452939508,0.9943416221469057,0.5298361385569853,0.08390050736295013,4.379903477292414,3.39982675411459,0.13636926123004578,0.0,0.0,0.0,0.0,8.0,0.0,0.0,0.0,0.0,0.0,0.0,0.0,0.0,0.0,0.0,1.2399455512931568,6.7600544487068435,0.0,0.0,0.0,0.9360382666356191
80,8,0.9999480483383985,1,3,0.9978248864814566,0.4038500844710743,Dataset\IR_trans_bmp\p4_240\p4002.bmp,p4_240,p4002.bmp,SC240,240,0.4,3,320,240,RGB,cca5685667c24c610a2fe29ff621247fbad88f2b0710d83dfc178caad42f9809,0.41305989583333336,0.10799735207893327,0.263411283493042,0.250980406999588,0.32549020648002625,0.3294117748737335,0.1088046391805013,0.5435806445228859,0.5623940409892912,0.07610708855292982,0.14812644446448822,0.24942253804056844,0.03658554330468178,0.08768893778324127,2.422838030654719,10.0,0.04268196576616335,0.7815475890090345,0.9958140055338541,0.5789572921453737,0.0,0.22292973552312204,3.8271285817860856,2.757368470825584,1.1827380764744821,0.009835135390725972,0.0,0.0,8.0,0.0,0.0,0.0,0.0,0.0,0.0,0.0,0.0,0.0,0.0,0.0,8.0,0.0,0.0,0.0,0.8790322316672051
81,8,0.9999145155614118,1,3,0.9964331489416046,0.4036932511885638,Dataset\IR_trans_bmp\p4_240\p4003.bmp,p4_240,p4003.bmp,SC240,240,0.4,3,320,240,RGB,db710d52d01af0177a60a8741a18ef3cf4ceeb859df919f19d86bd98995ecce9,0.413671875,0.11514006924771797,0.262905478477478,0.250980406999588,0.32549020648002625,0.3294117748737335,0.10875659942626953,0.5416816312338841,0.5685472087816967,0.0802251719479555,0.14895264248238912,0.27271729266497075,0.03949796408414841,0.09493107795715332,2.4371489712246825,14.0,0.04431853950267548,0.7812357641465171,0.9956733254825367,0.5783349729051777,0.0,0.23393138180673592,3.8431224425558703,2.6641485678312873,1.2462071136292099,0.012590494176896443,0.0,0.0,8.0,0.0,0.0,0.0,0.0,0.0,0.0,0.0,0.0,0.0,0.0,0.0005036197670758578,7.999496380232924,0.0,0.0,0.0,0.9062508043980058
85,8,0.999808949705995,1,3,0.9984378312619997,0.3994303146472129,Dataset\IR_trans_bmp\p4_240\p4007.bmp,p4_240,p4007.bmp,SC240,240,0.4,3,320,240,RGB,9262e4874a999c23c4c9acae161bb2c7946689c380c2a11bfc6649bd36af0e95,0.4031119791666667,0.10614037921121483,0.26209214329719543,0.250980406999588,0.32549020648002625,0.3294117748737335,0.10565247853597005,0.52536629841478,0.5693612743516728,0.07385415001850403,0.1480527124038558,0.22616050935794296,0.03994462266564369,0.09685557037591934,2.4291682752413655,9.0,0.03633838302270745,0.7807987149201292,0.995526003370098,0.5778994092754289,0.0,0.2622823734616751,3.80167318065829,2.7525436868115896,1.1778158209244485,0.005684938143996899,0.0,0.0,8.0,0.0,0.0,0.0,0.0,0.0,0.0,0.0,0.0,0.0,0.0,0.0005168125585451726,7.999483187441455,0.0,0.0,0.0,0.9036812038663667
86,8,0.9996758593001237,1,3,0.9997037323712513,0.3969942067493742,Dataset\IR_trans_bmp\p4_240\p4008.bmp,p4_240,p4008.bmp,SC240,240,0.4,3,320,240,RGB,2b226307a0f641380fe1e83834b843ef8402f01cde1eec759cd562de81902093,0.4111197916666667,0.12028884525242288,0.262778639793396,0.250980406999588,0.32549020648002625,0.3294117748737335,0.1080334981282552,0.5177429075578881,0.5721187436444883,0.07426926654725485,0.14542288963758848,0.24895846580094783,0.03971639648079872,0.09493111819028854,2.4278950665833072,12.0,0.05970101982643947,0.781171489694265,0.9955681894339767,0.5782041063495711,0.0,0.23614366250712612,3.8299866979160067,2.6208906061949704,1.3048710964717807,0.008107936910115918,0.0,0.0,8.0,0.0,0.0,0.0,0.0,0.0,0.0,0.0,0.0,0.0,0.0,0.0005067460568822449,7.999493253943117,0.0,0.0,0.0,0.9558030682924336
94,8,0.9993665749225322,1,3,0.9983165347530535,0.40471507621501834,Dataset\IR_trans_bmp\p4_240\p4016.bmp,p4_240,p4016.bmp,SC240,240,0.4,3,320,240,RGB,9688bdefc2e67d7e2c8d1cf05070515e2421aaf618798c9ae0a09f8544ead0e3,0.39697916666666666,0.12470480188926791,0.2584051191806793,0.250980406999588,0.3176470696926117,0.32549020648002625,0.10258145014444987,0.5171013125063151,0.5693814001237253,0.0714579146950645,0.14739058297598612,0.19215609136444017,0.041506897658109665,0.10464049130678177,2.4704779617893653,13.0,0.061991603253739175,0.7789235887580743,0.9951877967984069,0.5755837234796263,0.0,0.5875098399370244,3.5646811860404095,2.850170558908423,0.9929152453424298,0.004723169771713461,0.0,0.0,8.0,0.0,0.0,0.0,0.0,0.0,0.0,0.0,0.0,0.0,0.0,0.008921542902125426,7.991078457097875,0.0,0.0,0.0,0.975650872044434
111,8,0.9998342091346101,1,4,0.9946327707792011,0.5366849863529232,Dataset\IR_trans_bmp\p5_320\p5033.bmp,p5_320,p5033.bmp,SC320,320,0.5333333333333333,4,320,240,RGB,8e8f59b3c4bef407e92f893e2acb1c067709f597768368354ca00321b9e07ace,0.394765625,0.11062735008905601,0.2945881187915802,0.27843138575553894,0.38823530077934265,0.4000000059604645,0.1162932586669922,0.552512136073379,0.5344644394084193,0.06281179840384826,0.1408604220907289,0.3289894228634608,0.053739696741104126,0.1276770368218422,2.822202585176475,10.0,0.05448908239329771,0.7990974980359636,0.996980495078891,0.5969530890969669,0.0,0.10845042548980803,3.1558809947885744,1.585064977900917,1.883765419882578,1.24308991358269,0.023748268355432416,0.0,8.0,0.0,0.0,0.0,0.0,0.0,0.0,0.0,0.0,0.0,0.0,0.000527739296787387,7.999472260703213,0.0,0.0,0.0,0.9512410327917562
116,8,0.9998504458954415,1,4,0.9858052094087434,0.5456309497481721,Dataset\IR_trans_bmp\p5_320\p5038.bmp,p5_320,p5038.bmp,SC320,320,0.5333333333333333,4,320,240,RGB,c3bf7a27305048fb09007d3fcea025ed5d388711c4abf823c4a85c6b9964fd72,0.4090885416666667,0.11289706537653574,0.28872281312942505,0.2705882489681244,0.3843137323856354,0.4000000059604645,0.11811319986979167,0.5280159999808467,0.5350361641365969,0.044860105353569595,0.14158889491831111,0.3764454251611576,0.05345102399587631,0.12947121262550354,2.8732118532819557,8.0,0.05356801833343943,0.7958482284119676,0.9966092577167586,0.5930033964269301,0.0,0.19657521166210454,3.317843274555987,1.569291488955376,1.8305430008275512,1.0605385447832452,0.025208479215736202,0.0,8.0,0.0,0.0,0.0,0.0,0.0,0.0,0.0,0.0,0.0,0.0,0.0007638933095677638,7.999236106690432,0.0,0.0,0.0,0.9041607243564297
117,8,0.99983741670734,1,4,0.9966142453553842,0.5259226868660012,Dataset\IR_trans_bmp\p5_320\p5039.bmp,p5_320,p5039.bmp,SC320,320,0.5333333333333333,4,320,240,RGB,e699404db88d57af2a977c6375a2b8dab8672d9acdc91a5f235f00d6459b5b2c,0.40358072916666665,0.10114534602355219,0.2963258624076843,0.2823529541492462,0.3921568691730499,0.40392157435417175,0.1195914077758789,0.5387689187183644,0.5333508192318627,0.05114006454852719,0.14371842102054386,0.35728218070219825,0.052551500499248505,0.1257351040840149,2.8126455103940837,8.0,0.04584610421035651,0.8000755096947014,0.9969575171377144,0.5987755270565257,0.0,0.07149540248427165,3.124116793031134,1.6402645587998064,1.7930633973221488,1.3346668817551217,0.03639296660751734,0.0,8.0,0.0,0.0,0.0,0.0,0.0,0.0,0.0,0.0,0.0,0.0,0.0,8.0,0.0,0.0,0.0,0.9336395409700126
123,8,0.9993592973163304,1,4,0.9666269186141537,0.5024194709147701,Dataset\IR_trans_bmp\p5_320\p5045.bmp,p5_320,p5045.bmp,SC320,320,0.5333333333333333,4,320,240,RGB,a46c6c508f5a7e3f1ad38010656f49ec4fb9dbafae2e204ddef6c8ec82c2a638,0.416875,0.10782108945527237,0.2911548912525177,0.2705882489681244,0.38823530077934265,0.4000000059604645,0.12137519836425781,0.4724782976056837,0.5285108448983247,0.03962716718991708,0.14195437378120845,0.3724668703096426,0.05216362699866295,0.12313980609178543,2.8896098855207386,7.0,0.04991254372813593,0.7971488910014403,0.9966835171568628,0.5951182645909926,0.0,0.16541729135432284,3.1794102948525738,1.7208895552223888,1.6944027986006998,1.22063968015992,0.01924037981009495,0.0,8.0,0.0,0.0,0.0,0.0,0.0,0.0,0.0,0.0,0.0,0.0,0.0,8.0,0.0,0.0,0.0,0.8944394868954603
124,8,0.9997054348929992,1,4,0.9938129488344729,0.5398385794496015,Dataset\IR_trans_bmp\p5_320\p5046.bmp,p5_320,p5046.bmp,SC320,320,0.5333333333333333,4,320,240,RGB,165fb9e6cb155a2be91eb662bac513c5bee87103abbd38f6adaeaa45bf66b870,0.39938802083333336,0.10409806670361556,0.2955383062362671,0.2823529541492462,0.3921568691730499,0.40392157435417175,0.11803446451822917,0.5065832492263753,0.5281094564460974,0.028870066021254935,0.14547429601134623,0.32244930687910267,0.054334498941898346,0.1364119529724121,2.854184859604947,9.0,0.04521892217911518,0.7996913973845583,0.9965653961780024,0.598213285558364,0.0,0.11710624979623774,3.0867538225801194,1.5954096436605483,1.8173638053010792,1.3218139732011867,0.061552505460828744,0.0,8.0,0.0,0.0,0.0,0.0,0.0,0.0,0.0,0.0,0.0,0.0,0.000521631402210413,7.9994783685977895,0.0,0.0,0.0,0.8313093812583698
140,8,0.999732073632559,1,5,0.9991951663431106,0.6625561348905943,Dataset\IR_trans_bmp\p6_400\p6010.bmp,p6_400,p6010.bmp,SC400,400,0.6666666666666666,5,320,240,RGB,c2af62265426685801b823df06e8a458140a97c550d313671be0cbb20dacfae3,0.41802083333333334,0.10802392225267879,0.32278749346733093,0.30588236451148987,0.45490196347236633,0.4627451002597809,0.13493189493815105,0.509417718729976,0.5484798547710502,0.04938612907182603,0.1473524096689421,0.17110130425104667,0.07508125901222229,0.20003843307495117,3.259276608967481,8.0,0.04513456267131821,0.8160695337050454,0.9787229650160846,0.641116512522978,0.00398704211313232,0.3573386493894842,2.647894343384002,1.172439571392973,0.8497383503613257,1.3010216795414902,1.6426613506105159,0.024919013207076998,7.839770745078495,0.15325193122352354,0.00697732369798156,0.0,0.0,0.0,0.0,0.0,0.0,0.03314228756541241,0.1270869673560927,0.4134064291054074,7.426364315973087,0.0,0.0,0.0,0.9785549355832894
141,8,0.9996260571074241,1,5,0.9980900342504663,0.6594499958984885,Dataset\IR_trans_bmp\p6_400\p6011.bmp,p6_400,p6011.bmp,SC400,400,0.6666666666666666,5,320,240,RGB,f5da8b555012c3a38a31e6458dc316993d033c94198b78c1fdcbfac15cf7f7e4,0.4203385416666667,0.11049501270057617,0.3244233727455139,0.30588236451148987,0.45490196347236633,0.4627451002597809,0.13636764526367187,0.517123723422696,0.5495575721841509,0.05243257446134335,0.14683812315682498,0.17880965089499595,0.0755777508020401,0.19857241213321686,3.2392955844804208,7.0,0.04875782169630134,0.816771778980447,0.9784033083448223,0.642811674230239,0.0039650579270181525,0.29044049315407966,2.6699708816058485,1.2175205997150114,0.822501703735828,1.3062387708320427,1.6621027197819218,0.0272597732482498,7.832476302583483,0.15959358156248063,0.007930115854036305,0.0,0.0,0.0,0.0,0.0,0.0004956322408772691,0.03593333746360201,0.13109472771203767,0.4235177498296264,7.408958552753857,0.0,0.0,0.0,0.9807370336588799
149,8,0.9998298859567896,1,5,0.998286417231098,0.6898012906145876,Dataset\IR_trans_bmp\p6_400\p6019.bmp,p6_400,p6019.bmp,SC400,400,0.6666666666666666,5,320,240,RGB,46018781bd7234ed1c6aa80b632e9f7293368ad4631d733012fb5869ceeae596,0.4058203125,0.1149292520935605,0.3257043659687042,0.30980393290519714,0.45490196347236633,0.4627451002597809,0.1321774419148763,0.5227223854746958,0.5458797105783828,0.05119818985488491,0.14554910050343506,0.1247297283241385,0.0770568996667862,0.2063952386379242,3.2590968839052725,7.0,0.07379600218179484,0.8181796793165154,0.977918976428462,0.6441349403530944,0.003850226200789296,0.30981486829017874,2.616870407803125,1.158661404690859,0.8167613180607695,1.358616485385183,1.7133506593512369,0.022074630217858632,7.839060544807007,0.15246895755125614,0.008470497641736453,0.0,0.0,0.0,0.0,0.0,0.0,0.03259858183334938,0.12834087335964323,0.4435460583309269,7.39551448647608,0.0,0.0,0.0,0.974779211975834
151,8,0.999506878118842,1,5,0.9992900826606234,0.6852696792400721,Dataset\IR_trans_bmp\p6_400\p6021.bmp,p6_400,p6021.bmp,SC400,400,0.6666666666666666,5,320,240,RGB,b7a302fb522b34fb1b349b39e99745f45c2d181a524e7447e4d89f9b4b5d6cdc,0.4063671875,0.10503380435130892,0.32439979910850525,0.30980393290519714,0.45490196347236633,0.4627451002597809,0.13182543436686198,0.5318542439311734,0.5543369817602828,0.06298571618425881,0.1465502115484389,0.14963080141410282,0.07601702958345413,0.19748519361019135,3.237605638398488,10.0,0.04453843442596687,0.8173929566111644,0.9791007846009497,0.6423285390816483,0.005126726264859495,0.29811913230157966,2.6707680476785542,1.159921817424461,0.8502675510269474,1.341920599826973,1.6538818930436734,0.019994232432952033,7.856451664583934,0.13893428177769232,0.004614053638373546,0.0,0.0,0.0,0.0,0.0,0.0,0.0284533307699702,0.11509500464609568,0.3986029670928258,7.457848697491109,0.0,0.0,0.0,0.9019352997567222
154,8,0.9989247848548211,1,5,0.9983678743121537,0.6583710476054345,Dataset\IR_trans_bmp\p6_400\p6024.bmp,p6_400,p6024.bmp,SC400,400,0.6666666666666666,5,320,240,RGB,5f83ac56647ae380ac9c08f5a678aac41bcccaf843381a4ebb6d25ff7180a408,0.402578125,0.11705155572805485,0.3209874629974365,0.30588236451148987,0.45098039507865906,0.4627451002597809,0.12922252655029298,0.5101664498666055,0.5576608709036333,0.05855025820827491,0.14412050006608038,0.15185149040736146,0.07698967307806015,0.20392155647277832,3.2520045125666637,8.0,0.07752765379390646,0.8159669844131896,0.9803611007391237,0.6384736902573529,0.011384953748625396,0.4383207193220778,2.6089656510770425,1.1149492205187916,0.8844039071091274,1.3452357849796235,1.583026068956595,0.013713694288116954,7.870884274532635,0.12549324018371175,0.003622485283653535,0.0,0.0,0.0,0.0,0.0,0.0,0.020441166957759233,0.10867455850960606,0.3801022058347888,7.490782068697846,0.0,0.0,0.0,0.9161378414375556
164,8,0.9996204095508869,1,6,0.9978041805395497,0.8073664078970487,Dataset\IR_trans_bmp\p7_480\p7034.bmp,p7_480,p7034.bmp,SC480,480,0.8,6,320,240,RGB,2c4812ca641879176e6764c4edd3211c3166a9e97694e14714d5633febe89c41,0.41596354166666666,0.002379014587115758,0.4063080847263336,0.40392157435417175,0.5215686559677124,0.545098066329956,0.1690093485514323,0.6612389581893066,0.5319642751314962,0.1643767517706045,0.10813319440981287,0.26692750697797424,0.08090955764055252,0.21693044900894165,3.343666733917248,2.0,0.0015025355287046891,0.7343534331081966,0.9400197347005208,0.723121373793658,0.0,0.0,0.0555938145620735,1.5233206035184375,1.9420271708508108,1.0745633256119702,2.1949539848494335,1.2095411006072747,5.895698992049083,1.2831653415138045,0.6801477493269893,0.1252112940587241,0.015776623051399236,0.0,0.0,0.0,0.5271395479872284,0.8464283478369748,0.7307331121267139,0.5243848995179365,5.371314092531146,0.0,0.0,0.0,0.9928833321032786
170,8,0.9999221658331897,1,6,0.9948189533093913,0.7913108172464282,Dataset\IR_trans_bmp\p7_480\p7040.bmp,p7_480,p7040.bmp,SC480,480,0.8,6,320,240,RGB,ce687404459aac765817351cd414b9ec26bc50e20927ddca9f2640ad909f58c8,0.4154817708333333,0.002444451408693472,0.40517687797546387,0.40392157435417175,0.5215686559677124,0.545098066329956,0.16834360758463543,0.6624901165846138,0.5417535123532601,0.16776887012051794,0.10628493704567044,0.27593191102913317,0.08043409883975983,0.21572184562683105,3.3494165948805934,2.0,0.0015982951518380393,0.7352926584595408,0.9408106186810662,0.7220539766199449,0.0,0.0,0.06292895421354477,1.5674574571437525,1.9159484784856937,1.0865899902848726,2.1726785546397567,1.1943965652323796,5.930113761007866,1.2565733805509418,0.6736657369394214,0.12385220470713591,0.015794916794634743,0.0,0.0,0.0,0.5332664765426682,0.8243442289009371,0.7122755335485287,0.5224858190479175,5.407627941959949,0.0,0.0,0.0,0.9840928688220336
173,8,0.9995046278318924,1,6,0.9961872671442603,0.7832838780755826,Dataset\IR_trans_bmp\p7_480\p7043.bmp,p7_480,p7043.bmp,SC480,480,0.8,6,320,240,RGB,636b211f54d08830830796096b886c825851748441b64eab4456e6b96f2af9dc,0.4141796875,0.002955138482819328,0.4084527790546417,0.40784314274787903,0.5254902243614197,0.5490196347236633,0.16917284647623698,0.670216689327582,0.5370785614784612,0.1742083265718221,0.10867502777440081,0.2865358392530927,0.08215583115816116,0.21974784135818481,3.354541916431588,2.0,0.001854820962620642,0.7290644299384602,0.9400050144569546,0.7249783385033701,0.0,0.0,0.048539721462479174,1.4481436071552076,1.974032506523311,1.0844729479078248,2.179508944009557,1.2653022729416203,5.86576126253576,1.2650507717941464,0.7084787324342168,0.1426011506177497,0.018108082618126947,0.0,0.0,0.0,0.5721651105033166,0.8727089817347292,0.6893646452261939,0.514822848879248,5.350938413656512,0.0,0.0,0.0,0.9407600608993633
176,8,0.999828381559744,1,6,0.8543293060944933,0.8198867435476712,Dataset\IR_trans_bmp\p7_480\p7046.bmp,p7_480,p7046.bmp,SC480,480,0.8,6,320,240,RGB,8e1ada1ae4892f3719f2ba833558331c874518acd0958d66a3a273f7f596c55c,0.41106770833333334,0.0018371872030408616,0.40758588910102844,0.40392157435417175,0.5215686559677124,0.5490196347236633,0.16754539489746093,0.624513247931708,0.5145501382246626,0.12536050188500278,0.12667891114519098,0.2817712563282534,0.08192058652639389,0.21407587379217147,3.3505230267545687,3.0,0.0009502692429521698,0.7319748521517109,0.9406972249348958,0.7233935187844669,0.0,0.0,0.03978460563826418,1.4786189420335762,1.9963256255939184,1.0888818498574595,2.161292366170415,1.2350966107063668,5.894963573012354,1.2541019955654102,0.6882483370288248,0.15102945834653153,0.01165663604687995,0.0,0.0,0.0,0.5509027557808046,0.8400380107697181,0.7140956604371238,0.5187203040861578,5.376243268926196,0.0,0.0,0.0,0.810510213782591
177,8,0.999856655841489,1,6,0.9858988509623682,0.7885556656810426,Dataset\IR_trans_bmp\p7_480\p7047.bmp,p7_480,p7047.bmp,SC480,480,0.8,6,320,240,RGB,cb70ad6596f7ebfae60adef4a9a86bf916b30ed7702854ef67df51cc3d405810,0.4144010416666667,0.0042103940174699934,0.407917320728302,0.40784314274787903,0.5254902243614197,0.5529412031173706,0.16904136657714844,0.6479414794057675,0.5573728946202494,0.15867681105276024,0.09614593401805353,0.2981426231495287,0.08282846957445145,0.22183741629123688,3.3577519051100486,3.0,0.0028278765788977566,0.7279944393221892,0.9400191961550245,0.725245875938266,0.0,0.0,0.04876516056054798,1.6024633947087288,1.8128574121787218,1.0600138251743858,2.203984163891158,1.2719160434864576,5.85684660340602,1.2580908691007353,0.713378998303274,0.14679821529567022,0.024885313894300258,0.0,0.0,0.0,0.5854332935335889,0.8423301703010118,0.7153899327593791,0.5220888581662791,5.334757745239741,0.0,0.0,0.0,0.9406288815468067
178,8,0.9989228813818088,1,6,0.9517144443107249,0.8085121646384337,Dataset\IR_trans_bmp\p7_480\p7048.bmp,p7_480,p7048.bmp,SC480,480,0.8,6,320,240,RGB,a51efc68eac0ae45696b24f673bd636c80407a871a82e710fa94ae65a32314c0,0.4177604166666667,0.0023376137638698416,0.40963560342788696,0.40784314274787903,0.5254902243614197,0.5490196347236633,0.17112954457600912,0.6214494176313268,0.5151693803561718,0.12239310088145751,0.11856548336489535,0.29284785301860455,0.07973161339759827,0.21118292212486267,3.3456198699033646,3.0,0.0012155591572123178,0.7267894212094099,0.9404768401501226,0.7251529469209559,0.0,0.0,0.02817603790051116,1.3945892033412293,2.0563520758010223,1.07093878568757,2.1600797905498066,1.2898641067198604,5.857873083156714,1.239496322154345,0.7288368033910984,0.15958109961351452,0.014212691684328637,0.0,0.0,0.0,0.5887046502929809,0.8579977558907866,0.6954245106595187,0.5049245729958858,5.352948510160828,0.0,0.0,0.0,0.8005860004920221
184,8,0.9999017581883164,1,7,0.997441581009435,0.9325637245819574,Dataset\IR_trans_bmp\p8_560\p8054.bmp,p8_560,p8054.bmp,SC560,560,0.9333333333333333,7,320,240,RGB,9eadb20506408f3549ea91e82b3b6eee938a4553c32c33d39502ac81cdce763c,0.41768229166666665,0.11652846187418169,0.4784262478351593,0.45098039507865906,0.6627451181411743,0.7098039388656616,0.19983016967773437,0.5027405165863861,0.5475136682140501,0.04759263701787383,0.14477905100615882,0.7417922680370446,0.10831456631422043,0.26902073323726655,3.8384810437316705,8.0,0.042833094332564374,0.5944170392425366,0.9578423593558517,0.7839703129787071,0.0,0.0,0.003242097387617682,0.24465365671176506,1.7966207369536755,1.6060851674044516,1.5961094831348588,2.7532888584076316,4.654155495978553,0.7526653781407818,0.7693746492923499,0.9751231373527028,0.5531516927489245,0.21347964336928738,0.07506702412868632,0.006982978988715007,2.4225949248706278,0.4187293472161606,0.5045202319346592,0.464368102749548,4.189787393229004,0.0,0.0,0.0,0.8486163095945022
187,8,0.998400877310163,1,7,0.6658898295886444,0.910702747580689,Dataset\IR_trans_bmp\p8_560\p8057.bmp,p8_560,p8057.bmp,SC560,560,0.9333333333333333,7,320,240,RGB,8287b34f880f4f8b9ca9adcb373030fbaa2f718e2a2fcc45af923cd9f6b049ec,0.4199088541666667,0.11445316133833608,0.47550901770591736,0.45098039507865906,0.658823549747467,0.7098039388656616,0.19967044830322267,0.5424729157269172,0.5529560298637324,0.06788438457608885,0.14476492254910728,0.7170403511439458,0.10981003195047379,0.2731056272983551,3.8560283260836345,8.0,0.042543954851313216,0.5951674051124957,0.958091646082261,0.7811992570465687,0.0,0.0,0.004713324444168812,0.31827343483518866,1.9004620298303823,1.4789915966386555,1.565319854879221,2.7322397593723835,4.660733666160191,0.771744860305746,0.7573568172656516,0.9776427176036466,0.544016868740116,0.21011504232689385,0.072436354615647,0.005953672982107972,2.4047877453564452,0.41948587553102423,0.5149927129523396,0.42667989705107134,4.23405376910912,0.0,0.0,0.0,0.83984555870791
189,8,0.9999320710191005,1,7,0.9957375418199335,0.9342058257574465,Dataset\IR_trans_bmp\p8_560\p8059.bmp,p8_560,p8059.bmp,SC560,560,0.9333333333333333,7,320,240,RGB,4144ba06b6c0e0be34556e120d3049d0c8f1e81c700640637ba531eadc9f841e,0.41954427083333334,0.11688029545948295,0.47641199827194214,0.45098039507865906,0.6627451181411743,0.7098039388656616,0.19987592061360676,0.510642630540932,0.5463984935800604,0.04760342205482381,0.1441368979730364,0.7180040437844862,0.11128531396389008,0.2786797285079956,3.8583871850717886,7.0,0.048136308618602776,0.5954773972154329,0.9581714704924938,0.7820548263250613,0.0,0.0,0.005462276155302442,0.3068806058160827,1.835573073461407,1.5368858818782782,1.58182551751963,2.7333726451692995,4.664783836628286,0.7662083734210609,0.7530492535923776,0.9653331678098135,0.5621178734365786,0.20955277613978462,0.07374072809658297,0.005213990875515968,2.407374072809658,0.4168709847614909,0.5109711058005648,0.4253126842742311,4.239471152354055,0.0,0.0,0.0,0.854685380590842
191,8,0.9999524193058175,1,7,0.9976249793920858,0.9337375106050173,Dataset\IR_trans_bmp\p8_560\p8061.bmp,p8_560,p8061.bmp,SC560,560,0.9333333333333333,7,320,240,RGB,ea509bd5a956be8dbb7444aea0bdc3d71cb200866dcd59f8798525259e06a011,0.41921875,0.12880482047459313,0.48283734917640686,0.45490196347236633,0.6666666865348816,0.7176470756530762,0.20241447448730468,0.5068373850999763,0.547087011404882,0.047580841502109526,0.1422645966471327,0.7195686918933233,0.11002197116613388,0.2712978571653366,3.845907148883665,8.0,0.05590756615728662,0.5883617294567257,0.9575922348920036,0.788197416417739,0.0,0.0,0.0024847807181016274,0.2221393961982855,1.6578456951174059,1.7087836998384893,1.5823083612871165,2.8264380668406015,4.5444154553360665,0.8169959001118151,0.7372344390607529,0.9700583923468754,0.622934526028078,0.22760591377810907,0.07528885575847931,0.00546651757982358,2.477574854019133,0.4368244502422661,0.5411852404025345,0.4010436079016027,4.143371847434464,0.0,0.0,0.0,0.9119977043727269
202,8,0.9999372308636171,1,7,0.9895125281715532,0.9123752140937113,Dataset\IR_trans_bmp\p8_560\p8072.bmp,p8_560,p8072.bmp,SC560,560,0.9333333333333333,7,320,240,RGB,2392b5714990016f3c893d2895004bccfd15e4b4880386fdbf89e0009986a0d7,0.41821614583333333,0.12649833431925028,0.4781646132469177,0.45098039507865906,0.6666666865348816,0.7176470756530762,0.19997615814208985,0.5283183140433512,0.5469896352409248,0.05486303610203342,0.14218083147245603,0.7217178972227684,0.10067810863256454,0.24857918918132782,3.854489746463955,5.0,0.07500233506647155,0.5938381003267938,0.9584995643765318,0.7829770555683211,0.0,0.0,0.0007472212708988449,0.2894237055948193,1.888228151561381,1.5151156636258911,1.5524767271708335,2.754008530776176,4.6320246583019395,0.7860767769855849,0.7121018711665992,0.952458046639061,0.6092344095395249,0.22640804508235002,0.07522027460381706,0.006475917681123323,2.416015442572932,0.40773374015380304,0.5442261589713254,0.4398642548024534,4.192160403499487,0.0,0.0,0.0,0.8654934057331888
209,8,0.9996421476432206,1,7,0.6187481300344683,0.9533892447597716,Dataset\IR_trans_bmp\p8_560\p8079.bmp,p8_560,p8079.bmp,SC560,560,0.9333333333333333,7,320,240,RGB,0abf67e9ce9b888eb53f151ee3c3604a25552522d434a538e0168eabe1c902bb,0.4235026041666667,0.13866256725595696,0.4855414628982544,0.4588235318660736,0.6745098233222961,0.7215686440467834,0.2056280771891276,0.5267243277026676,0.5513528314019115,0.05789043948833621,0.14233726609080527,0.7152904015856452,0.11059312522411346,0.2827883243560791,3.8683003690296047,6.0,0.09082244427363566,0.5840674458935274,0.95736083984375,0.7903371773514093,0.0,0.0,0.0054112221368178325,0.21177555726364336,1.7512682551883167,1.5289162182936202,1.6273020753266718,2.8753266717909303,4.478278247501922,0.8313604919292852,0.7219062259800154,0.9695926210607225,0.6557417371252883,0.23637202152190623,0.10133743274404304,0.0054112221368178325,2.533435818601076,0.41297463489623365,0.5753112990007686,0.43953881629515756,4.038739431206764,0.0,0.0,0.0,0.986432543529901
215,8,0.9999649598727894,1,8,0.9681567582538454,0.9895235239928154,Dataset\IR_trans_bmp\p9_600\p9085.bmp,p9_600,p9085.bmp,SC600,600,1.0,8,320,240,RGB,db54701db50de00a05e4b28984634a2e871ed8863bb8a49f6582f70da88d2cfb,0.41825520833333335,0.23308013199676234,0.5243147611618042,0.47058823704719543,0.7529411911964417,0.8117647171020508,0.21929738362630208,0.5086069779665062,0.5410385774602449,0.041931431047323456,0.13810689327381825,0.8168211473894205,0.11782078444957733,0.28246182203292847,4.00037790895321,5.0,0.23183487952182305,0.5419507586090259,0.9489996816597733,0.823263609643076,0.0,0.005479110889732893,0.0029886059398543056,0.0906543801755806,0.7486457879335036,2.1258950252163626,1.6382541560301351,3.388082933814831,4.083431915820933,0.7857543116866945,0.7242388394246934,0.606687005790424,0.8355644106842662,0.5645974721374759,0.2978643920054791,0.10186165245003424,2.759977585455451,0.661478114687753,0.4609924662225266,0.44330988107838865,3.663283730776415,0.007222464354647905,0.003735757424817882,0.0,0.874078545172285
218,8,0.999863406249101,1,8,0.9849371941305253,0.9933433306772576,Dataset\IR_trans_bmp\p9_600\p9088.bmp,p9_600,p9088.bmp,SC600,600,1.0,8,320,240,RGB,88aa76bb10aed507b501eec250d7bbe7e4b54f96521a57b06faa6fd651003d3c,0.42223958333333333,0.22816701615887505,0.521755576133728,0.47058823704719543,0.7490196228027344,0.8156862854957581,0.22030586242675781,0.5031122429184155,0.5476273234417964,0.04772890103713597,0.13887986299300928,0.8462500993451193,0.1290692687034607,0.3098287880420685,4.02918010071579,5.0,0.22650178857777228,0.5476629587525096,0.9474611768535539,0.8202016194661458,0.0,0.0027137042062415195,0.004440606882940668,0.1117552732206735,0.8229924756383372,2.0685827063031947,1.6630072776612803,3.326507956087332,4.119156284692242,0.803749845812261,0.6974219810040706,0.6182311582582953,0.8205254718144813,0.5321327248057235,0.2837054397434316,0.1250770938694955,2.691254471444431,0.640187492290613,0.4953743678302701,0.4460342913531516,3.7071666461083015,0.008634513383495744,0.009127914148266929,0.002220303441470334,0.9823681503709558
220,8,0.9993664217120223,1,8,0.998886301868944,1.0,Dataset\IR_trans_bmp\p9_600\p9090.bmp,p9_600,p9090.bmp,SC600,600,1.0,8,320,240,RGB,2466726e2bfe4e47ae3c28c4e2e3f0b307846fdff7946bbf84b1d4c801655366,0.41889322916666666,0.23291162848528177,0.5251075029373169,0.47058823704719543,0.7529411911964417,0.8156862854957581,0.2199639892578125,0.5273833031825447,0.5512813138088177,0.05813448579927065,0.13863564532200287,0.8392285344902781,0.1289488822221756,0.31225141882896423,4.013851533579106,5.0,0.23123309813185788,0.540404804592026,0.9473444919960171,0.8237779804304535,0.0,0.002238040471231855,0.002238040471231855,0.09747909608032078,0.7462621615740884,2.083615678716857,1.6641074259426192,3.404059556743651,4.069503590189923,0.7877902458736129,0.720400360573187,0.6276460165988001,0.8290696590096671,0.5488172577787448,0.29094526126014114,0.12582760871592427,2.7423455907494327,0.6607192813403375,0.4781946473532063,0.44760809424637094,3.653476733704268,0.005968107923284946,0.010444188865748655,0.0012433558173510304,0.9375971939450519
224,8,0.9999422457538477,1,8,0.9912470463082755,1.0,Dataset\IR_trans_bmp\p9_600\p9094.bmp,p9_600,p9094.bmp,SC600,600,1.0,8,320,240,RGB,e77bca8bfac29737998a763243a7b7fac9bdc6b14e2ad3af8b3e39e6ccd1bd78,0.4215234375,0.22914156859110987,0.5223684310913086,0.47058823704719543,0.7490196228027344,0.8156862854957581,0.2201905314127604,0.5050639191137002,0.5477525998308188,0.04802035055465979,0.13860943089495095,0.8453758212084027,0.12884613871574402,0.3083160519599912,4.022334492005431,5.0,0.22738084205974116,0.5477024270169562,0.9472702923943015,0.8209147733800551,0.0,0.0012355975658727952,0.0032125536712692675,0.11614617119204275,0.8041268958700152,2.0787693448243907,1.6665739968492261,3.329935440027183,4.105890711395299,0.8234022178976308,0.6840268124671794,0.6168103048836994,0.8285917276742965,0.5261174435486362,0.2903654279801069,0.12479535415315232,2.686189108207457,0.6578321440706761,0.5009112532048312,0.45346430667531584,3.6803509097087077,0.009143421987458685,0.010873258579680599,0.0012355975658727952,0.990616058987803
228,8,0.9999033977467673,1,8,0.9948636994753922,1.0,Dataset\IR_trans_bmp\p9_600\p9098.bmp,p9_600,p9098.bmp,SC600,600,1.0,8,320,240,RGB,a6f842b638e9e15465da4d5c14efa3b0c30507f5df72638a7b5d644e084a14f5,0.41921875,0.22984221642440056,0.5218915343284607,0.47058823704719543,0.7490196228027344,0.8156862854957581,0.2187867228190104,0.5078945311002963,0.548692957139255,0.04932877148540061,0.13825799578475498,0.8130022015868599,0.1311035305261612,0.31866204738616943,4.046676791134624,5.0,0.22807181016275313,0.5409554849123822,0.9487363927504595,0.8197190228630514,0.0,0.0024847807181016274,0.0032302149335321157,0.13641446142377936,0.8428376195800721,2.041247359920487,1.5902596595850416,3.383525903838986,4.087712759348987,0.7829544042738228,0.7178531494595602,0.6328736489004846,0.8425891415082619,0.5260280780221146,0.28848304137159897,0.12150577711516959,2.735495092558082,0.6530003727171078,0.4795626785936141,0.4447757485401913,3.668281774133433,0.005218039508013418,0.012920859734128463,0.0007454342154304882,0.9781521334477244
230,8,0.999903713280399,1,8,0.9963274955338328,1.0,Dataset\IR_trans_bmp\p9_600\p9100.bmp,p9_600,p9100.bmp,SC600,600,1.0,8,320,240,RGB,4c2ef94713d2684aa3ac1832cc33c2adb6f09caee851a469c42945c2e79cbc9e,0.420390625,0.2280555039335935,0.5213602185249329,0.47058823704719543,0.7490196228027344,0.8156862854957581,0.21917495727539063,0.5230792446056315,0.5431534716432652,0.048937446259818926,0.13856906095316893,0.8374854815989293,0.1287270337343216,0.31372547149658203,4.0424731305697215,5.0,0.22629003283156787,0.5440191343509951,0.947316068761489,0.8194925944010417,0.0,0.002230068760453447,0.0032212104317660907,0.1266183485101902,0.8724524561729542,2.021681224059964,1.6187821346713747,3.3550145573932975,4.0953973858638415,0.8248776559499473,0.6920646719940532,0.6266493216874187,0.8266121538747445,0.520844948274794,0.28420987424890043,0.12934398810629993,2.7018521959982653,0.6509322926345784,0.49557083565632165,0.44527039583720496,3.68605587561172,0.007433562534844824,0.010159202130954594,0.002725639596109769,0.9887542105795508
247,8,0.99959921704513,1,8,0.9983047247457223,1.0,Dataset\IR_trans_bmp\p9_600\p9117.bmp,p9_600,p9117.bmp,SC600,600,1.0,8,320,240,RGB,2aa2986882fc3b34df313a54cb757f8cfa13241edd0bcf188baab33338c08aa1,0.4200130208333333,0.24431906252906346,0.533194899559021,0.47843137383461,0.772549033164978,0.8313725590705872,0.22394879659016928,0.542247115802817,0.5411872523590843,0.05900176735105082,0.1390166219550971,0.8593208730776749,0.12378852069377899,0.30511718988418596,4.024447832248249,6.0,0.24245900114703786,0.5318701973174538,0.942642271752451,0.8302926456227022,0.0,0.0019840654741606475,0.003968130948321295,0.07043432433270298,0.6795424249000217,1.9897696623988592,1.74696964999845,3.507331741947484,3.957466596397681,0.7975943206125802,0.7703134203428713,0.5798431348234492,0.7653532566574697,0.6148122888055306,0.33084291781628794,0.18377406454412995,2.7779396720091762,0.701863161484329,0.481135877483957,0.44591871531760546,3.5601574851970117,0.010416343739343399,0.014384474687664692,0.00818427008091267,0.8453634668837139
254,8,0.9992789965777773,1,8,0.9994269541749663,1.0,Dataset\IR_trans_bmp\p9_600\p9124.bmp,p9_600,p9124.bmp,SC600,600,1.0,8,320,240,RGB,f723db24813d084028520ff517c0520f4bb2578b6c41d22f4cc173fdce850967,0.42791666666666667,0.2550815481986368,0.5421944260597229,0.48627451062202454,0.7803921699523926,0.843137264251709,0.2320140329996745,0.5428141649827436,0.5503786931187828,0.06611403363527357,0.14276118720881967,0.865341332350877,0.1198626384139061,0.2910428375005722,3.990434645174696,7.0,0.25304284323271664,0.5219895773093793,0.9390286913105086,0.840470796472886,0.0,0.0009737098344693282,0.0017039922103213243,0.04235637779941578,0.42283349561830574,2.0009737098344695,1.8933787731256086,3.63777994157741,3.7857838364167478,0.8366601752677703,0.8081791626095424,0.5956669912366115,0.7602239532619279,0.6499513145082765,0.3648977604673807,0.19863680623174293,2.895813047711782,0.691333982473223,0.5304284323271665,0.46470301850048684,3.3736611489776047,0.020691333982473224,0.012658227848101266,0.010710808179162609,0.7442278266008168
4,9,0.00015215129102104014,0,0,0.9995771702580692,0.00814015152432701,Dataset\IR_trans_bmp\p1_Noload\p1005.bmp,p1_Noload,p1005.bmp,Healthy,0,0.0,0,320,240,RGB,eec8dca1b26e806164c42cee1d69b219c986e489dbfc0602c914fb62de799827,0.4381380208333333,0.10044875033433386,0.17387647926807404,0.16862745583057404,0.22745098173618317,0.23137255012989044,0.07618189493815104,0.6020082966180206,0.618722186245073,0.15652683503386847,0.293879028400429,0.38217809664024505,0.0519721694290638,0.1390913426876068,2.0461708552615354,43.0,0.03768314065796903,0.7360460505139228,0.9962878657322304,0.508781702378217,1.3601592915094058,4.396683408125056,2.2117744955273557,0.03138280483818241,0.0,0.0,0.0,0.0,8.0,0.0,0.0,0.0,0.0,0.0,0.0,0.0,0.0,0.0,0.0,3.6487265594817084,4.351273440518292,0.0,0.0,0.0,0.8975292338701653
7,9,0.00018586644379072942,0,0,0.9991642097112442,0.0017388140744859504,Dataset\IR_trans_bmp\p1_Noload\p1008.bmp,p1_Noload,p1008.bmp,Healthy,0,0.0,0,320,240,RGB,ac03e057351501de9fc7b235c9cd5a673e47c8defed8c7a057d671f7f2afa499,0.437578125,0.10325537106469083,0.17401714622974396,0.16862745583057404,0.22745098173618317,0.23137255012989044,0.07614609400431314,0.6051569495215534,0.6220646426143629,0.16111412417677934,0.29401089079867365,0.38786104695592066,0.052266042679548264,0.14172007143497467,2.040771949944138,38.0,0.03805867999761947,0.7361218329914455,0.9962870878331801,0.5089740229587929,1.3642801880616557,4.4058799023983815,2.192465631137297,0.03737427840266619,0.0,0.0,0.0,0.0,8.0,0.0,0.0,0.0,0.0,0.0,0.0,0.0,0.0,0.0,0.0,3.635303219663155,4.364696780336844,0.0,0.0,0.0,0.9047880065998669
12,9,0.00047329864468606563,0,0,0.9991148210849564,0.003951106832566498,Dataset\IR_trans_bmp\p1_Noload\p1013.bmp,p1_Noload,p1013.bmp,Healthy,0,0.0,0,320,240,RGB,ebf8c9d66f334aeed1b2f305542277121e102dcf8c5a660f16f6439c091a5315,0.43703125,0.12432963889882016,0.18411323428153992,0.1764705926179886,0.23137255012989044,0.24313725531101227,0.08046323776245118,0.6002926861333446,0.615499420015656,0.15296646336957165,0.2914875362011911,0.35078083962974876,0.05087750405073166,0.1342528760433197,2.1052983921106603,29.0,0.04868311285901561,0.7413419584988216,0.9959503772212009,0.5199273801317402,0.12966273388153973,4.938148015731141,2.829698486473603,0.10249076391371707,0.0,0.0,0.0,0.0,8.0,0.0,0.0,0.0,0.0,0.0,0.0,0.0,0.0,0.0,0.0,2.8118221904421405,5.1881778095578595,0.0,0.0,0.0,0.939828397548708
15,9,0.0023112971112030124,0,0,0.9967685663882041,0.019658525396973214,Dataset\IR_trans_bmp\p1_Noload\p1016.bmp,p1_Noload,p1016.bmp,Healthy,0,0.0,0,320,240,RGB,e87eb041b0d885599f83a3b435b150afc7bedfa5d137b8b202b06d33360a6e65,0.42515625,0.112550532892319,0.1714686006307602,0.16470588743686676,0.22745098173618317,0.239215686917305,0.07290095011393229,0.6268810399671836,0.5604797893785345,0.14055818448751367,0.27964741151456324,0.42239809601609796,0.05060550570487976,0.1264667809009552,2.1329502741521416,28.0,0.061251990689697416,0.7345517973660091,0.9967403037875306,0.5052569819431679,1.9054269263751071,3.9083670219282127,2.148964841357344,0.03724121033933603,0.0,0.0,0.0,0.0,8.0,0.0,0.0,0.0,0.0,0.0,0.0,0.0,0.0,0.0,0.0004900159255175794,3.8025235820164154,4.196986402058067,0.0,0.0,0.0,0.8750809353643627
25,9,0.9963151777476578,1,1,0.986453201794279,0.15913734125037393,Dataset\IR_trans_bmp\p2_80\p2004.bmp,p2_80,p2004.bmp,SC80,80,0.13333333333333333,1,320,240,RGB,b892e986a87455515760366d40941c29f9b1a8a7e38105a5cc080ac234a3b7b4,0.4252473958333333,0.12688692244098104,0.15471363067626953,0.15294118225574493,0.18039216101169586,0.19607843458652496,0.06579156875610352,0.5089964831408702,0.653786994460985,0.15404991520363454,0.2630170504911215,0.21740210892802442,0.04435104876756668,0.110083669424057,1.719964170982908,36.0,0.04139747083499189,0.726053248570618,0.9958287856158088,0.48924856746897977,1.6331179766679935,6.039621543831716,0.32726047950029086,0.0,0.0,0.0,0.0,0.0,8.0,0.0,0.0,0.0,0.0,0.0,0.0,0.0,0.0,0.0,0.004409198077099727,4.896659420067975,3.0989313818549253,0.0,0.0,0.0,0.915296206986406
29,9,0.9995091948690513,1,1,0.9997446227677242,0.13102075706918065,Dataset\IR_trans_bmp\p2_80\p2008.bmp,p2_80,p2008.bmp,SC80,80,0.13333333333333333,1,320,240,RGB,85afabf96b40b0985fa332f7d5471ac5ec037950d99527eff72ab72b40e9bc4d,0.41782552083333335,0.10985072766368538,0.1473144292831421,0.14509804546833038,0.1764705926179886,0.1882352977991104,0.06155172983805338,0.5323925107237868,0.6768947440075619,0.17983610652060808,0.247705684657962,0.1741397416992296,0.04448772221803665,0.10980391502380371,1.7027997424212566,44.0,0.03639876593225093,0.7222191155289804,0.9965795180376839,0.47970467361749386,2.4663903518339616,5.395493782916264,0.13811586524977407,0.0,0.0,0.0,0.0,0.0,8.0,0.0,0.0,0.0,0.0,0.0,0.0,0.0,0.0,0.0,0.008975038175075572,6.002804699429711,1.9882202623952132,0.0,0.0,0.0,0.9368458253997277
35,9,0.9996151188362955,1,1,0.999759221083825,0.13368550103140664,Dataset\IR_trans_bmp\p2_80\p2014.bmp,p2_80,p2014.bmp,SC80,80,0.13333333333333333,1,320,240,RGB,edc6008f8cb207ffba63252e157c106e7213178a14605a8b0b2d5bce96c8eabd,0.4183072916666667,0.1255680757019237,0.14158163964748383,0.1411764770746231,0.16862745583057404,0.18039216101169586,0.05922463099161784,0.5577159690495213,0.6568490222939265,0.16713093333636939,0.25463070551632205,0.1337140591320464,0.044434111565351486,0.11050199717283249,1.6570760381622545,42.0,0.03806885388781672,0.7190258516279678,0.9969293930951286,0.4719387877221201,3.137396501276225,4.790387847849094,0.07221565087468095,0.0,0.0,0.0,0.0,0.0,8.0,0.0,0.0,0.0,0.0,0.0,0.0,0.0,0.0,0.0,0.034115669551142376,6.620681068293594,1.3452032621552636,0.0,0.0,0.0,0.9086822042454306
36,9,0.999175968888784,1,1,0.9997917025223694,0.12547849510869086,Dataset\IR_trans_bmp\p2_80\p2015.bmp,p2_80,p2015.bmp,SC80,80,0.13333333333333333,1,320,240,RGB,8161b6ea79cf5b638f70aff997ed60a8956d5a6a0b00550c4af371e9732e8f84,0.4213411458333333,0.13075187737569147,0.1418185532093048,0.14509804546833038,0.16862745583057404,0.18039216101169586,0.05975399017333984,0.547894021312526,0.6542070158136687,0.16147334456077186,0.25484089396569454,0.11947577796518775,0.04405389726161957,0.11091870814561844,1.678544635483362,36.0,0.05213387311103557,0.7191607938798447,0.9968659045649509,0.47221715590533087,3.091813714886121,4.835501715133348,0.07268456998053092,0.0,0.0,0.0,0.0,0.0,8.0,0.0,0.0,0.0,0.0,0.0,0.0,0.0,0.0,0.0,0.03510615284773942,6.575975771810007,1.388918075342254,0.0,0.0,0.0,0.8672200767557516
40,9,0.9986906382245188,1,1,0.9982221559855146,0.10325482368363853,Dataset\IR_trans_bmp\p2_80\p2019.bmp,p2_80,p2019.bmp,SC80,80,0.13333333333333333,1,320,240,RGB,295a82ea72720532e07fe8b70833ce70511ee2dbb0a8e379d432674317a7b53a,0.4219791666666667,0.13249814860528264,0.13167919218540192,0.12941177189350128,0.1568627506494522,0.16862745583057404,0.05556587855021159,0.5905409702649476,0.632522853959898,0.16049914055282222,0.26799950134268014,0.1243711145796917,0.042409785091876984,0.10226199254393578,1.6121119776033739,43.0,0.03829301407059985,0.7135438972345277,0.9968533385033701,0.45735790776271446,4.586521846457665,3.4070599851888423,0.006418168353492965,0.0,0.0,0.0,0.0,0.0,8.0,0.0,0.0,0.0,0.0,0.0,0.0,0.0,0.0,0.0,0.08368304122438903,7.193532461120711,0.7227844976549,0.0,0.0,0.0,0.8366732614345468
58,9,0.9984287862862562,1,2,0.9993001398650068,0.26333492320318447,Dataset\IR_trans_bmp\p3_160\p3037.bmp,p3_160,p3037.bmp,SC160,160,0.26666666666666666,2,320,240,RGB,158d0ff2af40e0e35940f66edaa43ba7f5aed7c38f05fbc27da8713aa213fa88,0.41606770833333334,0.11673029980597108,0.19544051587581635,0.19607843458652496,0.22745098173618317,0.239215686917305,0.08131649017333985,0.4870399387113332,0.5724548646516089,0.0736048272893087,0.16304775547316624,0.12887260731381106,0.04369227960705757,0.10980391502380371,1.9075796788626802,33.0,0.060868748826438,0.7469515667281337,0.9939602122587317,0.5328083113128064,0.05583025599298992,4.26387932653189,3.5358327595919135,0.1444576578832071,0.0,0.0,0.0,0.0,8.0,0.0,0.0,0.0,0.0,0.0,0.0,0.0,0.0,0.0,0.0,0.7873818614257996,7.2126181385742,0.0,0.0,0.0,0.9323981161193916
61,9,0.9988310615244208,1,2,0.998566579316375,0.2629669694519297,Dataset\IR_trans_bmp\p3_160\p3040.bmp,p3_160,p3040.bmp,SC160,160,0.26666666666666666,2,320,240,RGB,70c6b85ed59e92361c36b625df78c970f9d65b39b848a516577aa68d4b7c6220,0.41401041666666666,0.10705749150836583,0.19428132474422455,0.19607843458652496,0.22745098173618317,0.239215686917305,0.08043449401855468,0.47158799730083506,0.5705186399897187,0.07602710361033699,0.16588529289329182,0.15227737693181306,0.043117228895425797,0.10938294231891632,1.9005658200338718,30.0,0.05475531513397912,0.746370027851126,0.9938591452205883,0.5317765778186274,0.05661089445213234,4.420430242797837,3.389357151842999,0.13360171090703232,0.0,0.0,0.0,0.0,8.0,0.0,0.0,0.0,0.0,0.0,0.0,0.0,0.0,0.0,0.0,0.841363693546358,7.158636306453642,0.0,0.0,0.0,0.9115884229048997
63,9,0.9989625256096735,1,2,0.9995241781798014,0.270828830799165,Dataset\IR_trans_bmp\p3_160\p3042.bmp,p3_160,p3042.bmp,SC160,160,0.26666666666666666,2,320,240,RGB,41864a82cff80b91797a464ffe1d92bc28fb82649d9b9d9249e645138be92e3d,0.40720052083333336,0.10072586576279859,0.2000730186700821,0.20392157137393951,0.23137255012989044,0.239215686917305,0.0814698346455892,0.5062183953335854,0.5697733407123365,0.070049893038352,0.15751148941129126,0.17139675463672868,0.03531162068247795,0.07998461276292801,1.8096354300244948,13.0,0.05301697950308573,0.7493309148863041,0.9939967136757046,0.5372772216796875,0.013046397851181531,3.847664119208263,3.968663063984907,0.17062641895564865,0.0,0.0,0.0,0.0,8.0,0.0,0.0,0.0,0.0,0.0,0.0,0.0,0.0,0.0,0.0,0.45380999584305953,7.546190004156941,0.0,0.0,0.0,0.8398324758584463
66,9,0.9999439040984102,1,2,0.9992520299442348,0.29923826794223973,Dataset\IR_trans_bmp\p3_160\p3045.bmp,p3_160,p3045.bmp,SC160,160,0.26666666666666666,2,320,240,RGB,6cc5b9ddbd9d6bf4a0c67bdf52063ebf3a66463d0b644eea4a32d58f4966d58e,0.40815104166666666,0.11280546162189753,0.2010350078344345,0.20392157137393951,0.23137255012989044,0.24313725531101227,0.08205265045166016,0.49498925588802384,0.5722060361511421,0.0723796878496705,0.15527453984214631,0.17106993471251616,0.03584779426455498,0.08244625478982925,1.8188930494336764,13.0,0.060358578447010786,0.7498773329750785,0.9941099877450981,0.5380979650160845,0.009442991131244817,3.779748612263128,4.026542461558093,0.18426593504753397,0.0,0.0,0.0,0.0,8.0,0.0,0.0,0.0,0.0,0.0,0.0,0.0,0.0,0.0,0.0,0.4435653671919862,7.556434632808013,0.0,0.0,0.0,0.8955320908071712
69,9,0.9996529078207861,1,2,0.9966694433970542,0.26820141457122004,Dataset\IR_trans_bmp\p3_160\p3048.bmp,p3_160,p3048.bmp,SC160,160,0.26666666666666666,2,320,240,RGB,cdc86a71307fca52ef4b6df77629062686b047750f363b565d63c9613e23bb99,0.4058072916666667,0.11233395366745813,0.20313678681850433,0.20392157137393951,0.239215686917305,0.24705882370471954,0.08243438720703125,0.5192751624651801,0.5682421421053089,0.07091207123741529,0.15236851982845676,0.21403482894871761,0.03570455312728882,0.08663027733564377,1.8831504854113685,20.0,0.05140216903035359,0.7509823591349511,0.9944663253484988,0.5396435307521447,0.002566899826734262,3.5936597574279663,4.139382660591671,0.26439068215362893,0.0,0.0,0.0,0.0,8.0,0.0,0.0,0.0,0.0,0.0,0.0,0.0,0.0,0.0,0.0,0.528267984341911,7.471732015658089,0.0,0.0,0.0,0.8827107104160918
75,9,0.9945415532242652,1,2,0.9990190051443227,0.24564877218300674,Dataset\IR_trans_bmp\p3_160\p3054.bmp,p3_160,p3054.bmp,SC160,160,0.26666666666666666,2,320,240,RGB,9c737d6dfb1424c3971057505f869a59b22f4253f32e79e709c94d1f13717893,0.41609375,0.1497058455376142,0.19072292745113373,0.1882352977991104,0.2235294133424759,0.23137255012989044,0.07935861587524413,0.49825833540188,0.575181552401183,0.0752017234976976,0.16556146576683498,0.18901626884304576,0.04023970291018486,0.10044116526842117,1.9746435122557193,26.0,0.07394542495931906,0.7446624926348638,0.9941417020909926,0.5281808890548407,0.06508949805983227,4.817874577544123,2.9951182876455125,0.12191763675053198,0.0,0.0,0.0,0.0,8.0,0.0,0.0,0.0,0.0,0.0,0.0,0.0,0.0,0.0,0.0,1.2179246463887845,6.782075353611216,0.0,0.0,0.0,0.8386842836985736
76,9,0.9981579570234205,1,2,0.9977287347936123,0.2519862317727454,Dataset\IR_trans_bmp\p3_160\p3055.bmp,p3_160,p3055.bmp,SC160,160,0.26666666666666666,2,320,240,RGB,e972559c0c36e07fdbd83ea6407d533eeaad416fced9550ab3193a434740cd4f,0.41356770833333334,0.1470940117121088,0.19697296619415283,0.19607843458652496,0.22745098173618317,0.239215686917305,0.08146165847778321,0.4522543195431835,0.5655069499050448,0.08106053594781172,0.16385001851349865,0.09407254968990379,0.03974141553044319,0.0954158753156662,1.9541370072123962,27.0,0.07209873433662868,0.7477974492078386,0.9943429984298406,0.5341586842256434,0.02896543038851458,4.1816006548706,3.628990617719287,0.16044329702159812,0.0,0.0,0.0,0.0,8.0,0.0,0.0,0.0,0.0,0.0,0.0,0.0,0.0,0.0,0.0,0.8233738429569927,7.176626157043008,0.0,0.0,0.0,0.8727216721509943
88,9,0.9998686099433064,1,3,0.9953808284813697,0.40348013035055885,Dataset\IR_trans_bmp\p4_240\p4010.bmp,p4_240,p4010.bmp,SC240,240,0.4,3,320,240,RGB,6ad7c75a4f5dfb93e5e104ed460d9e1a28fd476d5b76aab5a684b1ace3e81406,0.4097265625,0.1277846632980583,0.2634364068508148,0.250980406999588,0.32549020648002625,0.3294117748737335,0.10793689727783203,0.5216150356315443,0.572350096279475,0.07550990793930443,0.14373773211161472,0.24710272805437603,0.039557911455631256,0.09444393217563629,2.418517087673206,11.0,0.08481901674770394,0.7815355695159741,0.9955770455154718,0.5785361495672487,0.0,0.22499761655067213,3.817840912702196,2.5987860298090064,1.3489687609241428,0.009406680013982902,0.0,0.0,8.0,0.0,0.0,0.0,0.0,0.0,0.0,0.0,0.0,0.0,0.0,0.0007627037849175327,7.999237296215083,0.0,0.0,0.0,0.9395679508518122
90,9,0.9997975205294681,1,3,0.9866514984753063,0.40359731602473764,Dataset\IR_trans_bmp\p4_240\p4012.bmp,p4_240,p4012.bmp,SC240,240,0.4,3,320,240,RGB,52cc37041f65707b96c5d9cbcad5b5c39bd613b6d9a6e6c8744363c0d6524fa3,0.4183072916666667,0.14956732864346636,0.26541489362716675,0.250980406999588,0.32549020648002625,0.33725491166114807,0.11102498372395833,0.5185395273036588,0.5733121816868322,0.07562003739966149,0.14231682393596357,0.273368870289617,0.038744889199733734,0.09444393217563629,2.4227996112948773,11.0,0.09938990225985184,0.7825966094459236,0.9957840265012254,0.5795937332452512,0.0,0.17929402975782854,3.8214530286994957,2.4655419286559175,1.5150345514536512,0.018676461433107142,0.0,0.0,8.0,0.0,0.0,0.0,0.0,0.0,0.0,0.0,0.0,0.0,0.0,0.0,8.0,0.0,0.0,0.0,0.849542741729629
91,9,0.9999440942070748,1,3,0.9979387278548034,0.3891297663635105,Dataset\IR_trans_bmp\p4_240\p4013.bmp,p4_240,p4013.bmp,SC240,240,0.4,3,320,240,RGB,8ad6003f57fa1fccea1bf55beb9509fbf48e895f0804cede6018c7eeace831ad,0.41751302083333336,0.12983003274598473,0.25253450870513916,0.24313725531101227,0.3137255012989044,0.32549020648002625,0.10543643951416015,0.5331535846677372,0.5708649275467764,0.07823680804155224,0.14273346353294938,0.21336052817873447,0.03807289898395538,0.09476897865533829,2.4615586963504317,8.0,0.08573210665835022,0.775954603482891,0.9949993657130821,0.5721691655177696,0.0,1.0955247154217995,3.3212537034149383,2.8539529081553097,0.7292686730079526,0.0,0.0,0.0,8.0,0.0,0.0,0.0,0.0,0.0,0.0,0.0,0.0,0.0,0.0,0.010229221893029784,7.98977077810697,0.0,0.0,0.0,0.9027387738320383
93,9,0.9998639246551659,1,3,0.9944210702399882,0.413718814787252,Dataset\IR_trans_bmp\p4_240\p4015.bmp,p4_240,p4015.bmp,SC240,240,0.4,3,320,240,RGB,a7d9ae92a1976247ac4886a0eca34a5b379692c7df053a1353fc8503f3d638b9,0.38602864583333335,0.10277599757142375,0.25813940167427063,0.250980406999588,0.3176470696926117,0.32549020648002625,0.0996492067972819,0.5290970855939648,0.5668505171753081,0.07290838111403022,0.15116096896743006,0.16248114410563172,0.04105277359485626,0.1022619903087616,2.468196108462665,15.0,0.036698485512868084,0.7787383521735335,0.995279110179228,0.5756844913258272,0.0,0.5081121192700779,3.613991297601781,3.055688602556751,0.8200492461294566,0.0021587344419334163,0.0,0.0,8.0,0.0,0.0,0.0,0.0,0.0,0.0,0.0,0.0,0.0,0.0,0.01376193206732553,7.986238067932675,0.0,0.0,0.0,0.8962834415548049
95,9,0.9996694745757031,1,3,0.9974278778576136,0.39684728969902294,Dataset\IR_trans_bmp\p4_240\p4017.bmp,p4_240,p4017.bmp,SC240,240,0.4,3,320,240,RGB,d3b7c2218c6cd011589bd8ad824396e78be99217e6428cc0601a2ebbb8e55173,0.3943229166666667,0.12154933298111213,0.26335152983665466,0.25882354378700256,0.32549020648002625,0.3294117748737335,0.10384554545084636,0.5182038392357254,0.5695615127461282,0.07190399028183271,0.14749163285476102,0.20118173886806778,0.04115452989935875,0.1022619903087616,2.472196749125681,11.0,0.059833575485404834,0.781466180385824,0.9953951966528799,0.578364533069087,0.0,0.2850350019812442,3.6991150442477876,2.6968696341302336,1.3065645225201425,0.012415797120591732,0.0,0.0,8.0,0.0,0.0,0.0,0.0,0.0,0.0,0.0,0.0,0.0,0.0,0.0015849953770968167,7.9984150046229034,0.0,0.0,0.0,0.9838158664596746
107,9,0.9997362787972058,1,4,0.998958907852815,0.5198402979391716,Dataset\IR_trans_bmp\p5_320\p5029.bmp,p5_320,p5029.bmp,SC320,320,0.5333333333333333,4,320,240,RGB,6c14e34245561bcf69db7c171789c9cee62e209d721f5e93054875df8a4071ed,0.397421875,0.10569425332547015,0.29800206422805786,0.2823529541492462,0.3921568691730499,0.40392157435417175,0.11843254089355469,0.5482448385316694,0.5304034132202948,0.05702571332645344,0.14295981123659543,0.3383344551282955,0.0531267374753952,0.12994541227817535,2.795596828219724,10.0,0.04911211585086167,0.8009779093651798,0.9971412209903493,0.5998475916245405,0.0,0.06211912718694712,3.053010942926414,1.6523163619684162,1.821898958128563,1.378153463075814,0.03250114671384575,0.0,8.0,0.0,0.0,0.0,0.0,0.0,0.0,0.0,0.0,0.0,0.0,0.0005242120437717057,7.999475787956229,0.0,0.0,0.0,0.9790926376632115
113,9,0.9999187103174871,1,4,0.9972331074072556,0.532612608468111,Dataset\IR_trans_bmp\p5_320\p5035.bmp,p5_320,p5035.bmp,SC320,320,0.5333333333333333,4,320,240,RGB,63c8f16cf533988e4d83b91bf4ad16fbb371cbaf5713990261ad33a21b57234e,0.4025390625,0.10606501698204755,0.29830750823020935,0.2823529541492462,0.3921568691730499,0.40392157435417175,0.12008042653401693,0.5566069894609239,0.5347587828112288,0.06642683372212863,0.1411248509248966,0.3592662459114014,0.05225427821278572,0.12573504447937012,2.7896363953290852,9.0,0.05172246482290151,0.8010972518494676,0.9972518023322611,0.6002629897173714,0.0,0.049943393174834226,3.0349021510593563,1.7112728448972991,1.7578521753194243,1.4126475820798965,0.03338185346918971,0.0,8.0,0.0,0.0,0.0,0.0,0.0,0.0,0.0,0.0,0.0,0.0,0.0,8.0,0.0,0.0,0.0,0.9377954177949588
114,9,0.9997195896628905,1,4,0.999063946190783,0.5341346873738739,Dataset\IR_trans_bmp\p5_320\p5036.bmp,p5_320,p5036.bmp,SC320,320,0.5333333333333333,4,320,240,RGB,eff8538bb307271e92a6ed16cc2b1a8410f2c09fbcafc6e88d24fcad877a1308,0.39815104166666665,0.10465040224998365,0.2983839511871338,0.2823529541492462,0.3921568691730499,0.40392157435417175,0.1188018798828125,0.5464793712225962,0.5326553785737049,0.05680409931545334,0.14204064229502208,0.3484415222576908,0.052704107016325,0.12767700254917144,2.7861168207275404,8.0,0.050951664595460786,0.8011476314267633,0.9972211052389706,0.6001488779105392,0.0,0.056772843220616126,3.0220419909739027,1.6921970043822356,1.79213813853097,1.4031002681666558,0.033749754725619724,0.0,8.0,0.0,0.0,0.0,0.0,0.0,0.0,0.0,0.0,0.0,0.0,0.0,8.0,0.0,0.0,0.0,0.977075783773212
120,9,0.9998828921801447,1,4,0.992202019265173,0.5365720070259009,Dataset\IR_trans_bmp\p5_320\p5042.bmp,p5_320,p5042.bmp,SC320,320,0.5333333333333333,4,320,240,RGB,950777e5868f2c848c17004a7b2ef77280536ea4d94c3ac462f356dea19f1d6d,0.39533854166666665,0.11646136618141098,0.29496586322784424,0.2823529541492462,0.38823530077934265,0.40392157435417175,0.1166113789876302,0.5332081492697746,0.5350564313169139,0.04828803738609732,0.14267830913427598,0.3371657337422969,0.05375039204955101,0.13147492706775665,2.8280627039747075,9.0,0.05335616889532969,0.799325015957795,0.9967702229817709,0.5975380691827512,0.0,0.09669982214610368,3.127857189908438,1.6238719451946513,1.832026875699888,1.2855543113101904,0.03398985574072854,0.0,8.0,0.0,0.0,0.0,0.0,0.0,0.0,0.0,0.0,0.0,0.0,0.0007904617614122917,7.9992095382385875,0.0,0.0,0.0,0.9150742787869678
128,9,0.9999074703824278,1,4,0.507586346185104,0.5128533661882937,Dataset\IR_trans_bmp\p5_320\p5050.bmp,p5_320,p5050.bmp,SC320,320,0.5333333333333333,4,320,240,RGB,e8a87215aea2a5579d0d18da292e8357cdbeb7e3bf5387392c004fa1fdf18d90,0.4,0.10891927083333333,0.2992122769355774,0.29411765933036804,0.3921568691730499,0.40392157435417175,0.11968490600585938,0.625084057980515,0.5287733515081082,0.12835079788564618,0.1431653041504648,0.29807831234999277,0.04902156814932823,0.11855850517749786,2.771728939538335,7.0,0.05029296875,0.8016041164291637,0.997038298962163,0.6004328709022672,0.0,0.05130208333333333,2.9927083333333333,1.6328125,1.84140625,1.4450520833333333,0.03671875,0.0,8.0,0.0,0.0,0.0,0.0,0.0,0.0,0.0,0.0,0.0,0.0,0.0,8.0,0.0,0.0,0.0,0.6745578919489262
138,9,0.9996886458293455,1,5,0.9991232383406111,0.6418609669403508,Dataset\IR_trans_bmp\p6_400\p6008.bmp,p6_400,p6008.bmp,SC400,400,0.6666666666666666,5,320,240,RGB,9b690786fa95026387bc1e622e7e9603f6554cc4f05033ea8eebba387eefcbb6,0.4259114583333333,0.11543870376031795,0.32431721687316895,0.30588236451148987,0.45490196347236633,0.4627451002597809,0.13813041687011718,0.5096047101542356,0.5526735400101225,0.053542060796581685,0.14531945383811762,0.18462645543892542,0.07036478072404861,0.18056263029575348,3.209513883243544,8.0,0.06695200244573525,0.8175114466491358,0.9783408370672487,0.6426793715533088,0.0004891470498318557,0.3032711708957505,2.691776215224702,1.1707734637725467,0.8579639254050749,1.2602873738917761,1.6941608070926322,0.021277896667685724,7.83662488535616,0.1555487618465301,0.00782635279730969,0.0,0.0,0.0,0.0,0.0,0.0,0.028859675940079488,0.13451543870376031,0.43607459492509937,7.4005502904310605,0.0,0.0,0.0,0.922402477432557
139,9,0.9999435229529082,1,5,0.9965120952988715,0.6645195122488753,Dataset\IR_trans_bmp\p6_400\p6009.bmp,p6_400,p6009.bmp,SC400,400,0.6666666666666666,5,320,240,RGB,e02e786132001be2487cdd1c01bb019315a159cce32d403e1f74c8d7c90243d1,0.42303385416666667,0.10742097325248545,0.3223056495189667,0.30588236451148987,0.45490196347236633,0.4627451002597809,0.13634620666503905,0.5026419925614093,0.5517002533077684,0.051767715004450016,0.14754421838540457,0.18360770841272764,0.07501056045293808,0.19748513400554657,3.254380677272799,8.0,0.044938286804764686,0.8161176969219186,0.9787404378255208,0.6407649021522671,0.003939795007541014,0.36270737788174456,2.6738896241804917,1.1624857644125703,0.8485333497491458,1.281664563390686,1.6441257040844595,0.02265382129336083,7.838468404690818,0.15242081935424298,0.009110775954938595,0.0,0.0,0.0,0.0,0.0,0.0,0.031025885684385485,0.13050570962479607,0.41737203361137615,7.421096371079442,0.0,0.0,0.0,0.9636104717730926
145,9,0.9996317916697697,1,5,0.9989340222167999,0.6474633485009293,Dataset\IR_trans_bmp\p6_400\p6015.bmp,p6_400,p6015.bmp,SC400,400,0.6666666666666666,5,320,240,RGB,b62149a7a3a4176cee4603658a2ae0ecb88f8bc2e194fe1f6adf658f6b1962d5,0.40997395833333333,0.11027123165851489,0.32473915815353394,0.30980393290519714,0.45490196347236633,0.4627451002597809,0.13313460032145183,0.5030393800546162,0.5489660229364801,0.0490602612440282,0.14593673866473628,0.15194625589530952,0.07343734800815582,0.19347292184829712,3.242844641943302,7.0,0.04960935018738487,0.8176270383696317,0.9784495634191176,0.642909330480239,0.0025408117893667027,0.28075970272502065,2.7003747697389318,1.1230388109000826,0.8788667979419424,1.3128374515657752,1.6804929174871372,0.021088737851743634,7.849329860890554,0.14406402845709204,0.006606110652353427,0.0,0.0,0.0,0.0,0.0,0.0,0.029473416756653752,0.12119672235279172,0.41643905227720257,7.432890808613352,0.0,0.0,0.0,0.9773558751228583
146,9,0.999846421829528,1,5,0.999734516629075,0.6640682879719393,Dataset\IR_trans_bmp\p6_400\p6016.bmp,p6_400,p6016.bmp,SC400,400,0.6666666666666666,5,320,240,RGB,db2f3e84a3e875ce6b7ed959f3df4bf489c693e85f82a2ff85b1d6ea491fcc59,0.40765625,0.11310208253481538,0.3252760171890259,0.30980393290519714,0.45490196347236633,0.4627451002597809,0.13260079701741537,0.5065000145189658,0.5483199488612915,0.048755180716561757,0.14572097960696404,0.13089320081354353,0.07700290530920029,0.2053420037031172,3.263104084537097,8.0,0.048677654273668075,0.8177990620362692,0.977966069240196,0.6436429491230086,0.0035773604190622206,0.322729014948256,2.613517311869171,1.1493547974958478,0.8534559856905584,1.3238788807972404,1.71023380605596,0.023252842723904432,7.841829564328606,0.15203781781014436,0.006132617861249521,0.0,0.0,0.0,0.0,0.0,0.0,0.0339849239810911,0.1241855116903028,0.4568800306630893,7.384949533665517,0.0,0.0,0.0,0.9777531024708189
148,9,0.9997800846062569,1,5,0.9995528018303119,0.670143613713795,Dataset\IR_trans_bmp\p6_400\p6018.bmp,p6_400,p6018.bmp,SC400,400,0.6666666666666666,5,320,240,RGB,549022d1d03b60e40e977fc2fcfad147d749f64f90e6ceb033a618ff0ec12cb0,0.4068359375,0.11317010721715474,0.32503044605255127,0.30980393290519714,0.45490196347236633,0.4627451002597809,0.13223406473795574,0.514136108674574,0.5497057143547042,0.0516767608115177,0.14475024083626387,0.12936165162203303,0.07592014223337173,0.20407232642173767,3.255442042375863,7.0,0.07345175228036485,0.8180482320945356,0.9782213398054534,0.643371342677696,0.0033285325652104335,0.33234117458793405,2.6282605216834694,1.1278604576732276,0.8497999679948792,1.3270603296527443,1.7116338614178268,0.019715154424707955,7.8502160345655305,0.14389502320371259,0.005888942230756921,0.0,0.0,0.0,0.0,0.0,0.0,0.029700752120339253,0.12008321331413026,0.44141462634021444,7.408801408225316,0.0,0.0,0.0,0.9889267424591781
157,9,0.9996683860823178,1,6,0.9966531710562185,0.774826375017706,Dataset\IR_trans_bmp\p7_480\p7027.bmp,p7_480,p7027.bmp,SC480,480,0.8,6,320,240,RGB,97ce3999724b92a7d0c3dc45ab1812590b361f9cbd4b0829726a886fb89b0574,0.41765625,0.0019329093403167477,0.40617626905441284,0.40784314274787903,0.5176470875740051,0.545098066329956,0.16964205423990886,0.6620564306307594,0.5412187526238059,0.1672162440573422,0.10409133753246476,0.24935781514547317,0.0774988904595375,0.2052745297551155,3.32129582060745,2.0,0.00134056615538097,0.7378455646877182,0.9395758535347732,0.7232515222886029,0.0,0.0,0.05137797730390323,1.5134056615538096,1.9553560294301036,1.0527497194163862,2.2474123955605436,1.1796982167352539,5.914453173712433,1.2869435091657313,0.6729018580870433,0.11372989150766928,0.011971567527123082,0.0,0.0,0.0,0.5100386581868064,0.8330215737623144,0.7424865943384462,0.5364758698092031,5.37797730390323,0.0,0.0,0.0,0.9651372777261358
158,9,0.9998505212330878,1,6,0.9852382851251931,0.801341989227079,Dataset\IR_trans_bmp\p7_480\p7028.bmp,p7_480,p7028.bmp,SC480,480,0.8,6,320,240,RGB,473d8e679d443b8fdfb72b2c2d4d542bac903b51586fa28d5d107ea7287637bb,0.424765625,0.002820182698792226,0.4089224338531494,0.40784314274787903,0.5254902243614197,0.5490196347236633,0.17369618733723957,0.6452352001047116,0.5245339566029746,0.14729283205931054,0.11145724811961255,0.2878775844228746,0.08062512427568436,0.2153651863336563,3.349617451025006,2.0,0.0016553246275519589,0.7291259765625,0.940171843884038,0.7249265184589461,0.0,0.0,0.037275458279688554,1.424314879529152,2.0084605480963766,1.095457053522163,2.1676169456195207,1.2668751149530992,5.86303721414996,1.2629513825026055,0.7209858377781865,0.13585923609833855,0.0171663294709092,0.0,0.0,0.0,0.5762982036662375,0.8710686040095641,0.6895959781742382,0.5081233523389124,5.354913861811048,0.0,0.0,0.0,0.9132389653765765
159,9,0.9997693187410019,1,6,0.9950852812856747,0.8102951981666162,Dataset\IR_trans_bmp\p7_480\p7029.bmp,p7_480,p7029.bmp,SC480,480,0.8,6,320,240,RGB,652aa597dd8ce8085edc932d250c0cb29e8594e6f30bad2d22288f097e2334ea,0.41506510416666664,0.0020704583241835804,0.40475162863731384,0.40392157435417175,0.5176470875740051,0.545098066329956,0.16799827575683593,0.6571477227028082,0.5252603729881212,0.1591649873375979,0.11055005152690606,0.24603183157734335,0.08037608861923218,0.21657563745975494,3.3334293596313307,2.0,0.0012234526461084795,0.7428257265570444,0.9399995093252145,0.7219951554840687,0.0,0.0,0.07378360573454215,1.5737992910248768,1.891520532045048,1.0731248235404838,2.2571760203281364,1.1305957273269127,5.940082190921354,1.293973711453399,0.6331838002321423,0.11870627725319195,0.01405402013991279,0.0,0.0,0.0,0.495906139222637,0.805345546946074,0.7586661229099351,0.547353891520532,5.392728299400822,0.0,0.0,0.0,0.972771540657365
162,9,0.9999540046306473,1,6,0.9908086073114085,0.808369850065238,Dataset\IR_trans_bmp\p7_480\p7032.bmp,p7_480,p7032.bmp,SC480,480,0.8,6,320,240,RGB,c41c26d34f1ed442c927f131f0641c6268e1b5b94e6aafa15070d795848a6d0c,0.41727864583333335,0.002184291821387337,0.4069579541683197,0.40784314274787903,0.5215686559677124,0.545098066329956,0.16981486002604165,0.7041790366822441,0.5350184889540048,0.20716026064163695,0.10712588020171845,0.25856388977490313,0.08118504285812378,0.21749694645404816,3.342085516789233,2.0,0.0014353917683402502,0.7334391844339211,0.9396356919232537,0.7238409304151348,0.0,0.0,0.05691640403157862,1.5060380066776922,1.943395637657191,1.061441008518738,2.2112522232970324,1.2209567198177675,5.888101850407215,1.28636065778388,0.6819983149748806,0.12955970917714607,0.01397946765687896,0.0,0.0,0.0,0.5369613380347614,0.8537460604736793,0.7211907510843448,0.5264767372921022,5.361625113115112,0.0,0.0,0.0,0.7954332800459701
172,9,0.9999483284417077,1,6,0.9961329510904886,0.788391363453647,Dataset\IR_trans_bmp\p7_480\p7042.bmp,p7_480,p7042.bmp,SC480,480,0.8,6,320,240,RGB,c446cfa8ab12e8215835575c99d6472ce110072ecab17bae7669e720442074fa,0.41356770833333334,0.0024557647503305837,0.4072214961051941,0.40784314274787903,0.5215686559677124,0.5490196347236633,0.16841365814208983,0.6634864037633926,0.5437009794434897,0.1692264158451846,0.10571435184494403,0.2744328570463273,0.08102197200059891,0.21657565087080002,3.3471258553435526,2.0,0.0016371765002203892,0.7324982541899442,0.9399516984528187,0.7239967495787377,0.0,0.0,0.05339714123795731,1.4971349411246144,1.9494994018008942,1.0694540646055035,2.2006170896039294,1.2298973616271016,5.890812921100687,1.2701970908632958,0.6908884830930042,0.13147786663308356,0.016623638309930105,0.0,0.0,0.0,0.5480763176122411,0.8541023864995907,0.7070083747874819,0.5249039733014293,5.365908947799257,0.0,0.0,0.0,0.9775246533551103
192,9,0.9999662648833367,1,7,0.9964990673043131,0.9300038767116079,Dataset\IR_trans_bmp\p8_560\p8062.bmp,p8_560,p8062.bmp,SC560,560,0.9333333333333333,7,320,240,RGB,c14b81a9cdfb24fd06ec14355811d0ce0637bdb53770db71e0cf485a3dea7151,0.4204557291666667,0.12430708246879936,0.4801059067249298,0.45098039507865906,0.6666666865348816,0.7098039388656616,0.20186327616373698,0.5031544533746735,0.5473067566550024,0.047411810778629854,0.14254070813821548,0.709672722831707,0.11006119102239609,0.2722596824169159,3.847910211004662,8.0,0.05332755256882723,0.5895125319837858,0.958000213024663,0.7854163076363357,0.0,0.0,0.005945929206280388,0.2551794617695333,1.7424050044904154,1.6564367780496114,1.5375181939240037,2.802514632560156,4.581338453439039,0.8027004428478524,0.7387817038803381,0.9726549193273668,0.6106964788950482,0.2190083924313276,0.06936917407327119,0.005450435105757022,2.4564120033445853,0.4261249264500945,0.5361246167662816,0.3981295097705243,4.1832089436685145,0.0,0.0,0.0,0.890115640660777
194,9,0.9999621549506404,1,7,0.9963430595437819,0.925112900572022,Dataset\IR_trans_bmp\p8_560\p8064.bmp,p8_560,p8064.bmp,SC560,560,0.9333333333333333,7,320,240,RGB,794a541c4afdd647fa06207d08a24c277c89fdcb6b73cdf179a687b3b7835f4a,0.4199609375,0.11983381390878368,0.4770008623600006,0.45098039507865906,0.6627451181411743,0.7098039388656616,0.2003217315673828,0.5117425591742939,0.5462351328892244,0.0477029895210566,0.14387179845084086,0.7210758235325256,0.11254671216011047,0.28341846466064446,3.85659437800856,7.0,0.0501038663070102,0.5929431595615835,0.9582371730430453,0.7822785620595895,0.0,0.0,0.006200973552847797,0.29094967909961866,1.902458686013704,1.4768238613462314,1.5666139583914676,2.7569528415961306,4.651970359346417,0.7624717080581651,0.7475893715313304,0.9656156016494589,0.5801630856044399,0.2063683998387747,0.07838030570799616,0.007441168263417356,2.4111865562893375,0.42464266889901714,0.512200415465228,0.42885933091495365,4.223111028431464,0.0,0.0,0.0,0.858318890561833
195,9,0.9999462721348886,1,7,0.9982404762200813,0.922420021665663,Dataset\IR_trans_bmp\p8_560\p8065.bmp,p8_560,p8065.bmp,SC560,560,0.9333333333333333,7,320,240,RGB,dadc24c55799bea2cf6bc2fa99a5c54bb6424775e47ae11fd75c4924a8282f87,0.4181901041666667,0.12364168508889373,0.4797185957431793,0.45490196347236633,0.6666666865348816,0.7176470756530762,0.20061356862386068,0.49187519927666334,0.545967939910956,0.04668044436861326,0.14398089959332436,0.738699496276415,0.11099860072135925,0.2749576270580292,3.850469979902031,8.0,0.05193511224585111,0.5915123710419212,0.9581188127106312,0.7847712498085172,0.0,0.0,0.005479963882056232,0.240869321543108,1.8250770619920915,1.5632842419902233,1.5832113833795187,2.7820780272130023,4.627331319861756,0.7629604259426472,0.7517514089111685,0.9557555188840801,0.591836099262073,0.22094218015381262,0.08095401189401252,0.008469035090450541,2.4385839275150234,0.41572998723417504,0.5183547653890463,0.4503533953980758,4.17697792446368,0.0,0.0,0.0,0.8821821594439316
197,9,0.9999769888046199,1,7,0.9952781095658592,0.9384126236903653,Dataset\IR_trans_bmp\p8_560\p8067.bmp,p8_560,p8067.bmp,SC560,560,0.9333333333333333,7,320,240,RGB,634f07513b09bc40144d10e11867d3b8cffbc62dbc671e1de4764073e98d5564,0.41940104166666664,0.12918348339025149,0.48225703835487366,0.45490196347236633,0.6666666865348816,0.7176470756530762,0.2022591018676758,0.5062230311662985,0.5465542499010109,0.04696833295681776,0.14360689325153964,0.7605057987781214,0.11080185323953629,0.2749576270580292,3.85335468006982,7.0,0.08109282831418814,0.5908902557202558,0.9577898810891544,0.7870465446920956,0.0,0.0,0.003725551071095933,0.23098416640794783,1.686681154920832,1.6839490841353617,1.595529338714685,2.7991307047500777,4.59534306116113,0.7831108351443651,0.733436820863086,0.9537410742005589,0.6092517851598882,0.22328469419434957,0.09164855634895995,0.010183172927662217,2.4499223843526856,0.4291834833902515,0.5255510710959329,0.4388699161751009,4.1564731449860295,0.0,0.0,0.0,0.9096449393842374
210,9,0.9999935741796622,1,7,0.9837956549385068,0.9202925649357176,Dataset\IR_trans_bmp\p8_560\p8080.bmp,p8_560,p8080.bmp,SC560,560,0.9333333333333333,7,320,240,RGB,ebee614bd5cb5dcb6a4e15c0f350cfd0bf3b5107718ae8ec20b7aa2ac409bd1d,0.4256510416666667,0.1272560416029367,0.4819493889808655,0.45490196347236633,0.6666666865348816,0.7215686440467834,0.2051422627766927,0.5112921593291211,0.5623625863861469,0.0633766916388343,0.14652371813537574,0.744324108300966,0.10657867789268494,0.27061671018600464,3.8787184721330497,8.0,0.05191189966350566,0.5876132815909785,0.9567522834329044,0.787367098939185,0.0,0.0004894463138574488,0.006852248394004282,0.2552462526766595,1.7436524931171613,1.534414193943102,1.6313245640868768,2.828020801468339,4.542795962067911,0.805383909452432,0.7515448149281125,0.9710614866931784,0.5981033955338024,0.22147445702049556,0.09397369226063017,0.01566228204343836,2.471948608137045,0.4189660446619761,0.5640868767207097,0.45542979504435604,4.089568675435913,0.0,0.0,0.0,0.8948002712333738
213,9,0.9999815801808661,1,7,0.9984143099053051,0.9460856865299081,Dataset\IR_trans_bmp\p8_560\p8083.bmp,p8_560,p8083.bmp,SC560,560,0.9333333333333333,7,320,240,RGB,af35ada36209d1ef16e69627eef83c2cc61424a991966088eb0a9da5648537bb,0.42130208333333335,0.14161206576832736,0.49185094237327576,0.4627451002597809,0.6745098233222961,0.7254902124404907,0.20721782684326173,0.5004136379914351,0.5496617692998413,0.04966349188668294,0.1477217221445296,0.7344334834190269,0.11179623007774353,0.28246182203292847,3.8516490979676288,7.0,0.08981332674001731,0.5765502759198237,0.9554433785232843,0.7975772034888174,0.0,0.0,0.002472493509704537,0.1730745456793176,1.5284954876993448,1.60761528000989,1.713932500927185,2.974409692174558,4.374088268018297,0.8443565335640993,0.7550995178637656,1.000618123377426,0.6492767956484115,0.25392508344665593,0.109531462479911,0.013104215601434046,2.606502657930523,0.4398565953764371,0.5795524786747435,0.48312523179626654,3.89096303622203,0.0,0.0,0.0,0.9265837589417765
214,9,0.9999324637400379,1,7,0.9993645102885219,0.9278252185372784,Dataset\IR_trans_bmp\p8_560\p8084.bmp,p8_560,p8084.bmp,SC560,560,0.9333333333333333,7,320,240,RGB,ad37f6f6fba2c8d66ba76668af39904c999c85a5deeff7ab82d1efa40e271e1c,0.4276302083333333,0.13957737044028987,0.48906591534614563,0.4627451002597809,0.6745098233222961,0.7254902124404907,0.20913935343424478,0.48897994356355434,0.5477159338206484,0.048971950994818936,0.14792303627953107,0.7392457377664066,0.11116296052932739,0.2797317445278175,3.865283059835442,8.0,0.0828512270872663,0.579987509956573,0.9559836593328738,0.7943567014208027,0.0,0.0,0.0021923147189574325,0.18439802691675294,1.634005237196273,1.5728640155897935,1.6771207600024358,2.9294196455757873,4.4180013397478834,0.8459898909932404,0.7400280129102977,0.9777723646550149,0.6460020705194568,0.2491931063881615,0.11180805066682906,0.011205164119115766,2.5633030875098957,0.43432190487790023,0.5838864868156629,0.46647585408927594,3.9520126667072653,0.0,0.0,0.0,0.9405097927058006
217,9,0.9999219836448493,1,8,0.9944817635600387,1.0,Dataset\IR_trans_bmp\p9_600\p9087.bmp,p9_600,p9087.bmp,SC600,600,1.0,8,320,240,RGB,ca2c341c9cc95059524b0b5feb4db557582276c56e0739abfeb0fa6df63aea46,0.4192708333333333,0.22667701863354037,0.5209227204322815,0.47058823704719543,0.7490196228027344,0.8117647171020508,0.21840769449869793,0.5028423825100364,0.550126023355534,0.0502065469413392,0.1384082276727204,0.8357114360917497,0.1266859471797943,0.31225141882896423,4.022366051681306,5.0,0.22506211180124225,0.5445987126014752,0.9485369514016544,0.8193445542279412,0.0,0.002484472049689441,0.0014906832298136647,0.11527950310559006,0.8417391304347827,2.070807453416149,1.6191304347826088,3.3490683229813665,4.106335403726708,0.8206211180124223,0.6824844720496894,0.6395031055900621,0.8340372670807453,0.52,0.2839751552795031,0.11304347826086956,2.712049689440994,0.6352795031055901,0.49838509316770185,0.42509316770186334,3.7113043478260868,0.006459627329192546,0.010434782608695653,0.0009937888198757764,0.960951687363856
222,9,0.9999392167818297,1,8,0.9984136522593621,1.0,Dataset\IR_trans_bmp\p9_600\p9092.bmp,p9_600,p9092.bmp,SC600,600,1.0,8,320,240,RGB,9f19408fb4d28596647b379ecfc310a88e85c30a46732ebc6c562f2994405ee5,0.422734375,0.22987124992299637,0.5219444036483765,0.47058823704719543,0.7529411911964417,0.8156862854957581,0.22064384460449218,0.5144729322149159,0.5495726292403137,0.051642146902458975,0.13861931327896543,0.830889523118524,0.13010701537132263,0.3173564225435257,4.034290317807644,5.0,0.22820797141625085,0.5466920650205133,0.9479408413756127,0.8199724982766544,0.0,0.003203351198176554,0.003203351198176554,0.11877040596316146,0.833364134787162,2.046202180742931,1.6600751555473419,3.3351814205630506,4.115567054764985,0.8099550298774102,0.6773855725990267,0.6170147230949301,0.8299143719583565,0.5421055873837245,0.2833733752233105,0.12468428509825663,2.690815006468305,0.6468305304010349,0.5014476683299451,0.4538902236185548,3.6870572291012134,0.005913879135095177,0.013306228053964147,0.0007392348918868971,0.9742826854517986
223,9,0.9994430654286901,1,8,0.9993692510261051,0.9976846394960082,Dataset\IR_trans_bmp\p9_600\p9093.bmp,p9_600,p9093.bmp,SC600,600,1.0,8,320,240,RGB,6ae3eef32d4a59b33d8b0e455163386a0c65da913706f86aefb29318ddbf0082,0.4218359375,0.23036083587986542,0.5229710340499878,0.47058823704719543,0.7529411911964417,0.8156862854957581,0.2206079864501953,0.5326811797689194,0.5512815256574428,0.060809985897411545,0.138630914960037,0.8359185965050694,0.12983442842960358,0.31382349133491516,4.034381007522376,5.0,0.22866314782232922,0.5443263986257202,0.9474421482460171,0.8210101557712929,0.0,0.0029632373367904437,0.0029632373367904437,0.1155662561348273,0.8136555853937093,2.0495724912800566,1.6554619254869278,3.359817267030898,4.095193999444393,0.7983455258202921,0.7059912954903231,0.6185757940550051,0.8190881871778251,0.5454826064141741,0.2891625767818008,0.1281600148161867,2.710868290273791,0.6474673580887119,0.49140352501774853,0.46349970676297186,3.667993950057104,0.006420347563045961,0.010865203568231627,0.0014816186683952218,0.9321710363964678
229,9,0.9999672282991878,1,8,0.9997372075178487,0.9830083160206292,Dataset\IR_trans_bmp\p9_600\p9099.bmp,p9_600,p9099.bmp,SC600,600,1.0,8,320,240,RGB,b9e4a69adc50676f4a0173dc57b70441cacbb10135d2513e7aab59fd98954135,0.42236979166666666,0.22865158147851286,0.5218061804771423,0.47058823704719543,0.7490196228027344,0.8156862854957581,0.22039517720540364,0.5080814560348885,0.5424557937503326,0.04321810216349876,0.13869151971588467,0.838192551172022,0.1304354965686798,0.3142983675003049,4.039393859830041,5.0,0.22698686725445466,0.5459026144869501,0.9472272087545955,0.8201086904488358,0.0,0.0029594919538812503,0.003945989271841667,0.12528515938097293,0.8488809421049387,2.0277452370676365,1.649916764288797,3.3412664159319316,4.108021456316665,0.8138602873173438,0.691287995560762,0.6192736913496516,0.8264381281213392,0.5235834515074912,0.28929033849189223,0.1282446513348542,2.6985634132807204,0.6407300080152907,0.49719464825205006,0.44836303101300945,3.694679080091251,0.007398729884703126,0.01109809482705469,0.0019729946359208334,0.9521490295557761
233,9,0.9999733617032235,1,8,0.9922640965684046,0.9990354529688782,Dataset\IR_trans_bmp\p9_600\p9103.bmp,p9_600,p9103.bmp,SC600,600,1.0,8,320,240,RGB,39acf6db743922c55e096272f36a3341a6beb790d6556823db436e42afc6305b,0.4204817708333333,0.23463289257733874,0.5258500576019287,0.4745098054409027,0.7607843279838562,0.8235294222831726,0.22111035664876302,0.5186635327030998,0.5413987691153411,0.045411293058280115,0.13885250863061718,0.8450714192677691,0.12553773820400238,0.30982866883277893,4.036384983662802,5.0,0.23286780416808597,0.5418444159310624,0.9456946877872243,0.8236189299938725,0.0,0.0032205121853033166,0.002229585359056142,0.09512897531972873,0.7949710463567956,2.0336295791657633,1.6768959217167807,3.393924379896572,4.041247329142538,0.8264329730901434,0.7050444368748645,0.6138791688601245,0.8229647291982782,0.547239339795002,0.2952961942216579,0.14789582881739077,2.724553308766606,0.6656550955315393,0.5061158765057443,0.4322918279503298,3.647106184002725,0.007679682903415601,0.01387297556746044,0.0027250487721797293,0.934793391145209
236,9,0.9999149088929166,1,8,0.9993383164553072,1.0,Dataset\IR_trans_bmp\p9_600\p9106.bmp,p9_600,p9106.bmp,SC600,600,1.0,8,320,240,RGB,b045a1d43770a31ced4d0117655efec58e91c8856429f2c41ddce5b3c328c6c4,0.42028645833333333,0.2344631018030857,0.5269039273262024,0.4745098054409027,0.7607843279838562,0.8235294222831726,0.22145057678222657,0.5255929462252553,0.5423401313942091,0.04947409042082232,0.13914874406615918,0.8667577310042869,0.1313687264919281,0.31747750341892245,4.038902896116171,5.0,0.2326042505731458,0.5458575626991314,0.9438149246515012,0.8245899275237438,0.0,0.0027263151372451827,0.004709089782514406,0.09690811078753331,0.7608897701220646,2.0328397050622713,1.7374062829171573,3.364520726191214,4.0399033397360435,0.8389615217795402,0.6966974409814735,0.6087118160976517,0.794101245430324,0.5564161348286759,0.29369849433050377,0.17151000681578785,2.7027696883326104,0.6429146787285458,0.5395625503438874,0.4696697440981473,3.61360679100316,0.011648801040956688,0.014375116178201872,0.005452630274490365,0.9525884156037341
241,9,0.9995310053937477,1,8,0.9995900999853062,1.0,Dataset\IR_trans_bmp\p9_600\p9111.bmp,p9_600,p9111.bmp,SC600,600,1.0,8,320,240,RGB,0d93e518943a99a49f67b9aa4e78f986bf8fa4ca9f2aa6359dcb19c83008d51b,0.4188671875,0.241972084926482,0.5315431952476501,0.4745098054409027,0.7647058963775635,0.8313725590705872,0.22264600118001301,0.5677501746820214,0.5470696379660338,0.08249628469026894,0.1393408896072866,0.8626916981291104,0.12919816374778748,0.3100272476673126,4.03155147201483,7.0,0.23985824862445213,0.5383655398917597,0.9426278507008272,0.828897034888174,0.0,0.003978985980291585,0.004227672604059809,0.07783891323945413,0.6938356803133452,2.0282881034536353,1.74478535235786,3.447045292051354,3.992415057975069,0.7985327489197674,0.7475519910472815,0.5896359849544592,0.7766483260281638,0.5921228511921415,0.3183188784233268,0.18477416145979048,2.75022537225279,0.6754328701544966,0.5018496067642761,0.4884205290807921,3.55124498741024,0.01094221144580186,0.014423824178556996,0.007460598713046722,0.7867915064733494
251,9,0.9998364344753328,1,8,0.9931574453930623,0.9832333681145023,Dataset\IR_trans_bmp\p9_600\p9121.bmp,p9_600,p9121.bmp,SC600,600,1.0,8,320,240,RGB,9f4aff7a286939872bfcd2e7261667784744ba435072e3641215c3dac08a7aeb,0.41729166666666667,0.2392661008487269,0.5296540856361389,0.4745098054409027,0.7647058963775635,0.8313725590705872,0.22102022806803384,0.49837032629002226,0.5304688468123951,0.030512398504185054,0.1380147187446159,0.8537675504291854,0.13255324959754944,0.31960174441337585,4.063539983601458,9.0,0.237300299550674,0.5366137200893637,0.9423910701976103,0.8264316932827819,0.0,0.004992511233150275,0.005242136794807789,0.09760359460808787,0.7745881178232651,1.947079380928607,1.7199201198202696,3.4505741387918123,4.001248127808288,0.7975536694957563,0.764353469795307,0.5791313030454318,0.755117324013979,0.5978532201697454,0.3122815776335497,0.1924613080379431,2.7219171243135296,0.6907139291063404,0.4872690963554668,0.46929605591612583,3.592860708936595,0.022466300549176237,0.011233150274588119,0.004243634548177734,0.8407630949006512
0,10,0.0026090355091349547,0,0,0.9923021966724918,0.04288048450227833,Dataset\IR_trans_bmp\p1_Noload\p1001.bmp,p1_Noload,p1001.bmp,Healthy,0,0.0,0,320,240,RGB,58f27d307e5e28f038f75d47a28528409021f6ce0103395399370a2057938778,0.4160026041666667,0.12579423456133212,0.174331396818161,0.16862745583057404,0.2235294133424759,0.23137255012989044,0.07252231597900391,0.6410813349321292,0.5943771540662468,0.16973800480704282,0.2725616590924568,0.3463163326339116,0.044494595378637314,0.11091870814561844,2.0080920818743615,22.0,0.07377382703683996,0.7362949648382944,0.9960854324640013,0.5094796573414522,1.3323734702181602,4.467119471657955,2.1817271276096277,0.0187799305142571,0.0,0.0,0.0,0.0,8.0,0.0,0.0,0.0,0.0,0.0,0.0,0.0,0.0,0.0,0.0,3.385896272183793,4.614103727816207,0.0,0.0,0.0,0.8841032791276826
3,10,8.536135154048937e-05,0,0,0.9997286402716816,0.0,Dataset\IR_trans_bmp\p1_Noload\p1004.bmp,p1_Noload,p1004.bmp,Healthy,0,0.0,0,320,240,RGB,858b83aeaeff1c92b70cf420f5d54cff6618613f88e3bfb8bc43ab05812f7df5,0.43973958333333335,0.10331043467961624,0.17505034804344177,0.16862745583057404,0.22745098173618317,0.23137255012989044,0.07697656631469726,0.6069689301631371,0.615761159428279,0.15761661731056642,0.29451634611861144,0.36355232973792007,0.05138659104704857,0.1339776054024703,2.0517073579656446,40.0,0.03950017766196849,0.7367173519880412,0.9962212656058517,0.5101071226830576,1.2012317896482294,4.485609380551937,2.277626436100912,0.035532393698922186,0.0,0.0,0.0,0.0,8.0,0.0,0.0,0.0,0.0,0.0,0.0,0.0,0.0,0.0,0.0,3.549923013146986,4.450076986853015,0.0,0.0,0.0,0.9180692611303092
10,10,0.0009975302441334645,0,0,0.9987246116527316,0.032018838299388674,Dataset\IR_trans_bmp\p1_Noload\p1011.bmp,p1_Noload,p1011.bmp,Healthy,0,0.0,0,320,240,RGB,cbfcb6f6c9cc29df4cc9a7b300f6b0ec7b837c1b36376c6084158ca322685779,0.4297786458333333,0.10518980822249825,0.18129228055477142,0.1764705926179886,0.23137255012989044,0.239215686917305,0.07791554768880209,0.6267564744150722,0.6250682514177109,0.17807097270139963,0.29245955381222616,0.3562866830107008,0.051408346742391586,0.1335638165473938,2.0629606116958636,42.0,0.04023388978095555,0.739976254255412,0.995988494274663,0.5169073366651348,0.3032084103372012,4.961856575877844,2.6612536734632046,0.07368134032174993,0.0,0.0,0.0,0.0,8.0,0.0,0.0,0.0,0.0,0.0,0.0,0.0,0.0,0.0,0.0,3.0502620656224435,4.9497379343775565,0.0,0.0,0.0,0.8328701666465052
19,10,0.0008086919338599919,0,0,0.998612260185192,0.0,Dataset\IR_trans_bmp\p1_Noload\p1020.bmp,p1_Noload,p1020.bmp,Healthy,0,0.0,0,320,240,RGB,eb79fa66c33c514e84b095ed5ff489e4c319f36c657e400e1f675f1380f7e434,0.4332682291666667,0.1340045078888054,0.17456702888011932,0.16862745583057404,0.2235294133424759,0.23137255012989044,0.07563434600830078,0.6212833886556163,0.6109248414465258,0.1643593040071847,0.29384412833907003,0.3571157055167772,0.05062958225607872,0.13333332538604736,2.059543095125362,30.0,0.04916604057099925,0.736427349751222,0.9961653167126225,0.5095451205384498,1.2999549211119459,4.397054845980466,2.261878287002254,0.04111194590533433,0.0,0.0,0.0,0.0,8.0,0.0,0.0,0.0,0.0,0.0,0.0,0.0,0.0,0.0,0.0,3.4546055597295267,4.545394440270473,0.0,0.0,0.0,0.9204482226442452
22,10,0.9987310331671916,1,1,0.9991660192378224,0.13332392392110226,Dataset\IR_trans_bmp\p2_80\p2001.bmp,p2_80,p2001.bmp,SC80,80,0.13333333333333333,1,320,240,RGB,8668445c0e0de951dfebf0d1cdf634be053b39fe8c92e6fd49b9ae74a95c3867,0.4196875,0.1467795979151154,0.15082845091819763,0.15294118225574493,0.1764705926179886,0.1882352977991104,0.06330081303914388,0.5738441830300375,0.6327479916353533,0.15190455111876508,0.26427472690102605,0.1708854149211631,0.03995789214968681,0.0954158753156662,1.6526996342721532,27.0,0.0573343261355175,0.7240956056051414,0.996498197667739,0.48451909083946076,1.945644080416977,5.902208984859767,0.15214693472325638,0.0,0.0,0.0,0.0,0.0,8.0,0.0,0.0,0.0,0.0,0.0,0.0,0.0,0.0,0.0,0.004964010920824026,5.613551749813849,2.3814842392653266,0.0,0.0,0.0,0.7626550398534828
26,10,0.9981785515652514,1,1,0.9994140361543324,0.15188602351932434,Dataset\IR_trans_bmp\p2_80\p2005.bmp,p2_80,p2005.bmp,SC80,80,0.13333333333333333,1,320,240,RGB,e6d083fa862e7e3c63732cb673bd9b9484f2904eb7fdd8b1f872ec9389f96e79,0.423046875,0.12259156663588797,0.14784277975559235,0.14509804546833038,0.1764705926179886,0.1882352977991104,0.06254442850748698,0.48500220750345413,0.6576513995687557,0.15836318248177803,0.2614027540432561,0.20846566894597965,0.043595846742391586,0.1065339669585228,1.6968427924772573,29.0,0.04056632810095414,0.722511589860117,0.9966495887905944,0.4804371852500766,2.3426285010772547,5.517020621729763,0.14035087719298245,0.0,0.0,0.0,0.0,0.0,8.0,0.0,0.0,0.0,0.0,0.0,0.0,0.0,0.0,0.0,0.007633117882425362,6.015635580178516,1.9767313019390582,0.0,0.0,0.0,0.9665953866621896
38,10,0.9997146985736086,1,1,0.9998110869557328,0.14919419734520661,Dataset\IR_trans_bmp\p2_80\p2017.bmp,p2_80,p2017.bmp,SC80,80,0.13333333333333333,1,320,240,RGB,12b3b49bffcf0cbcea75666eb1e627675ef837281a442e7290aac81c73af83a9,0.4180598958333333,0.13062572024792102,0.14227953553199768,0.14509804546833038,0.16862745583057404,0.18039216101169586,0.059481366475423174,0.5645687875589467,0.6530528263655536,0.16611530930446083,0.25569889652687894,0.11765260931188734,0.044065698981285095,0.1098039448261261,1.6639304295343547,45.0,0.03896346591086056,0.7194308488728614,0.9968944474762561,0.4729880538641238,3.0473105553306135,4.881926059737752,0.07076338493163485,0.0,0.0,0.0,0.0,0.0,8.0,0.0,0.0,0.0,0.0,0.0,0.0,0.0,0.0,0.0,0.03064752234715171,6.575263961129972,1.3940885165228767,0.0,0.0,0.0,0.8981168088844071
39,10,0.9987051533967215,1,1,0.9994781043738994,0.12781070093379587,Dataset\IR_trans_bmp\p2_80\p2018.bmp,p2_80,p2018.bmp,SC80,80,0.13333333333333333,1,320,240,RGB,4c7e6fbbc3666b3d5791166fd1060f58d5b2604242205aa3aab89508d6a658b9,0.415625,0.11914160401002506,0.14107635617256165,0.1411764770746231,0.16862745583057404,0.18039216101169586,0.058634859720865885,0.5781724678040667,0.6621319965610296,0.17999366386471377,0.2536032849459144,0.11915903322652872,0.043925706297159195,0.1098039448261261,1.6422768253614484,46.0,0.03775062656641604,0.7187520458711593,0.9970055075252757,0.4713164086435355,3.216541353383459,4.722305764411027,0.061152882205513785,0.0,0.0,0.0,0.0,0.0,8.0,0.0,0.0,0.0,0.0,0.0,0.0,0.0,0.0,0.0,0.035839598997493734,6.67719298245614,1.286967418546366,0.0,0.0,0.0,0.897592716527671
42,10,0.9995086536886744,1,1,0.9994962199867797,0.1722659710860378,Dataset\IR_trans_bmp\p2_80\p2021.bmp,p2_80,p2021.bmp,SC80,80,0.13333333333333333,1,320,240,RGB,2d5cca377344814d78d4ac3e488f4eb3f6f89a7a9136961b315cdc02e737b10a,0.4247135416666667,0.10816113802195107,0.13226020336151123,0.12941177189350128,0.16470588743686676,0.16862745583057404,0.05617270151774088,0.5524045442972432,0.6364575885314646,0.1461742444168063,0.2552053821636692,0.09961413435962106,0.04249180480837822,0.10595497488975525,1.6627644312227565,19.0,0.04843951192593047,0.7137716708902541,0.9966927921070772,0.4579808553059896,4.4439266662578945,3.5462627996811578,0.009810534060947942,0.0,0.0,0.0,0.0,0.0,8.0,0.0,0.0,0.0,0.0,0.0,0.0,0.0,0.0,0.0,0.08167269605739162,7.053038199767,0.8652891041756086,0.0,0.0,0.0,0.8674760979495242
48,10,0.999682502077276,1,2,0.9816580904045226,0.2633402008684987,Dataset\IR_trans_bmp\p3_160\p3027.bmp,p3_160,p3027.bmp,SC160,160,0.26666666666666666,2,320,240,RGB,362ffccd10fd1ff2612ad096c8fc7196ddce0b5d7ef9a4e0f81e19f87bf6eb52,0.4201953125,0.12302066871184655,0.20953059196472168,0.21176470816135406,0.239215686917305,0.24705882370471954,0.0880437723795573,0.5169368643761746,0.5809039304586262,0.08265774820639113,0.18764160483754336,0.05034805571659504,0.04203953593969345,0.10595494508743286,1.7701812891264117,27.0,0.054507142635803044,0.7541949735673447,0.9948018391927084,0.545562504787071,0.014378234328034457,2.666418766074804,5.053453565120387,0.2657494344767748,0.0,0.0,0.0,0.0,8.0,0.0,0.0,0.0,0.0,0.0,0.0,0.0,0.0,0.0,0.0,0.1127947692975117,7.887205230702488,0.0,0.0,0.0,0.9570455860157536
53,10,0.9993965763752881,1,2,0.9986488950498001,0.29748253098873645,Dataset\IR_trans_bmp\p3_160\p3032.bmp,p3_160,p3032.bmp,SC160,160,0.26666666666666666,2,320,240,RGB,c66fa3d10afb5fe2c3abd5ce6679d80cdda4c6d51ee4f5380ba7eab611e37f4d,0.4110286458333333,0.1276332879272658,0.1913338601589203,0.1882352977991104,0.2235294133424759,0.23137255012989044,0.07864369710286458,0.4744656670853019,0.5778464107636203,0.08192719832983998,0.16958689555116288,0.16796916874601056,0.04351574555039406,0.10980391502380371,1.8791474556406378,35.0,0.0643393417176165,0.7448028052985335,0.9936985389859069,0.5290740966796875,0.07248075521905788,4.713023093737131,3.115151899135173,0.09934425190863877,0.0,0.0,0.0,0.0,8.0,0.0,0.0,0.0,0.0,0.0,0.0,0.0,0.0,0.0,0.0,1.0474229416796021,6.952577058320398,0.0,0.0,0.0,0.9267109269080192
56,10,0.995875124953419,1,2,0.9979641461703505,0.26497462939156635,Dataset\IR_trans_bmp\p3_160\p3035.bmp,p3_160,p3035.bmp,SC160,160,0.26666666666666666,2,320,240,RGB,541b470829ab6fd231a6975f74787b941abc6f245ba1e31ec8b4f3750bc11e23,0.415625,0.11159147869674185,0.1945549100637436,0.19607843458652496,0.22745098173618317,0.239215686917305,0.08086188634236653,0.46959531893756906,0.5718782339428332,0.07804437933156241,0.1633922951289126,0.15146660334367787,0.043224677443504333,0.10938294529914856,1.904493562375474,28.0,0.056265664160401005,0.7464967866183659,0.993908811083027,0.5319981593711703,0.05363408521303258,4.358395989974937,3.4543859649122806,0.13358395989974936,0.0,0.0,0.0,0.0,8.0,0.0,0.0,0.0,0.0,0.0,0.0,0.0,0.0,0.0,0.0,0.8531328320802005,7.146867167919799,0.0,0.0,0.0,0.9381742124308646
59,10,0.9990547910392346,1,2,0.9994386126549915,0.27518415122558915,Dataset\IR_trans_bmp\p3_160\p3038.bmp,p3_160,p3038.bmp,SC160,160,0.26666666666666666,2,320,240,RGB,62de047a91f43129ea357928eeecf94a5ef8679d195e677a51019ecef87da7c7,0.4142578125,0.11133113311331133,0.19441308081150055,0.19607843458652496,0.22745098173618317,0.239215686917305,0.08053713480631511,0.4834850942041816,0.5740822294971769,0.0759007169973851,0.1641826835983057,0.14655077409989167,0.04476044327020645,0.11419779807329178,1.916347615839875,31.0,0.058085808580858087,0.7463980733349337,0.9939264035692402,0.531802308325674,0.06261197548326261,4.338582429671539,3.4552255225522552,0.1435800722929436,0.0,0.0,0.0,0.0,8.0,0.0,0.0,0.0,0.0,0.0,0.0,0.0,0.0,0.0,0.0,0.876064749332076,7.123935250667924,0.0,0.0,0.0,0.9499424868820403
72,10,0.9998387043214447,1,2,0.9995712618446098,0.27161897558272163,Dataset\IR_trans_bmp\p3_160\p3051.bmp,p3_160,p3051.bmp,SC160,160,0.26666666666666666,2,320,240,RGB,8aebf48159a57598ed8ee13005d6370c05f26f74a2b618ee28562b3d4932f940,0.39984375,0.11938257131692068,0.19477470219135284,0.19607843458652496,0.22745098173618317,0.239215686917305,0.07787944793701172,0.5335515851867859,0.5764307333042747,0.08347074854088302,0.1547291234085115,0.2753016108090755,0.03735598921775818,0.08680761605501175,1.8913995749254162,25.0,0.05995180409013938,0.7466674463708973,0.9939725988051471,0.5323401955997242,0.023446658851113716,4.517389605314576,3.3150970431158004,0.14406669271850983,0.0,0.0,0.0,0.0,8.0,0.0,0.0,0.0,0.0,0.0,0.0,0.0,0.0,0.0,0.0,0.7956232903477921,7.204376709652208,0.0,0.0,0.0,0.9234281324545531
74,10,0.9990011605160866,1,2,0.9996169659759375,0.2861393022611449,Dataset\IR_trans_bmp\p3_160\p3053.bmp,p3_160,p3053.bmp,SC160,160,0.26666666666666666,2,320,240,RGB,2252442bd1ac2a1ab861f9f914ca41864eae68905669d0a234ba45631a1df21f,0.419765625,0.14644208697810038,0.19617879390716553,0.19607843458652496,0.22745098173618317,0.239215686917305,0.08234911600748698,0.49755925970258846,0.5660196224064252,0.06606472399008696,0.16837730377076388,0.15152194577040065,0.04117380827665329,0.1022619903087616,1.976256549730015,27.0,0.0678391959798995,0.7474123139621159,0.9943442550359988,0.5333806654986213,0.0297785222408338,4.270240089335567,3.529251194242819,0.17073019418078045,0.0,0.0,0.0,0.0,8.0,0.0,0.0,0.0,0.0,0.0,0.0,0.0,0.0,0.0,0.0,0.8941001302810349,7.105899869718965,0.0,0.0,0.0,0.8274846990191354
79,10,0.9999362357174155,1,3,0.9970146449870829,0.40173892234133013,Dataset\IR_trans_bmp\p4_240\p4001.bmp,p4_240,p4001.bmp,SC240,240,0.4,3,320,240,RGB,622e81ca04776b3069e1006ff65a078a1b53835f9da46e238dd18488ffbf96a5,0.3859505208333333,0.10876826018015587,0.26198911666870117,0.250980406999588,0.3176470696926117,0.32549020648002625,0.10111483891805013,0.540438078671118,0.5591038162670714,0.0716135413447992,0.1479759359016279,0.20173726088207944,0.038431257009506226,0.09444387257099152,2.3757937626254977,10.0,0.04399311764110522,0.7808721957925978,0.9959359561695772,0.57850814520144,0.0,0.27124590938227455,3.758307749401167,3.1003002597753113,0.8655578421780642,0.004588239263182753,0.0,0.0,8.0,0.0,0.0,0.0,0.0,0.0,0.0,0.0,0.0,0.0,0.0,0.005128032117674842,7.994871967882325,0.0,0.0,0.0,0.913138352132649
84,10,0.9998063428192642,1,3,0.9992418161311405,0.39398339850461883,Dataset\IR_trans_bmp\p4_240\p4006.bmp,p4_240,p4006.bmp,SC240,240,0.4,3,320,240,RGB,e81358ec630bf56f36e2f494925f66b5c51e13ef1780a423139bf54e5826af90,0.406953125,0.10753823510590645,0.26218876242637634,0.250980406999588,0.32549020648002625,0.3294117748737335,0.10669853210449219,0.5323596754701666,0.5692488321028786,0.07643657072466797,0.14841380050601177,0.23766495811150076,0.03999599441885948,0.09811767190694809,2.432261680110716,15.0,0.03807512638382287,0.7808629041277496,0.9955363554113051,0.5779376460056679,0.0,0.25622320342996097,3.823126639790107,2.722211556920714,1.19178345171818,0.006655148141037947,0.0,0.0,8.0,0.0,0.0,0.0,0.0,0.0,0.0,0.0,0.0,0.0,0.0,0.0005119344723875344,7.999488065527612,0.0,0.0,0.0,0.897582206354149
87,10,0.9999051080338144,1,3,0.9984403067221397,0.4124790082577412,Dataset\IR_trans_bmp\p4_240\p4009.bmp,p4_240,p4009.bmp,SC240,240,0.4,3,320,240,RGB,130714a2f195d027126521c25b6c594c36b9db0816a7133590c998c94506e6c5,0.3996875,0.11060072973677353,0.26257917284965515,0.250980406999588,0.32549020648002625,0.3294117748737335,0.1049496078491211,0.5375487781388391,0.5703620913670743,0.07975421394050766,0.1459849680504515,0.20208852238318553,0.037222787737846375,0.09411764144897461,2.424996906389219,9.0,0.0539809747198332,0.7810420030988129,0.9954818426393995,0.5781596464269302,0.0,0.24967422465467815,3.778472765181131,2.7500651550690645,1.216836069846234,0.0049517852488923635,0.0,0.0,8.0,0.0,0.0,0.0,0.0,0.0,0.0,0.0,0.0,0.0,0.0,0.0010424811050299713,7.99895751889497,0.0,0.0,0.0,0.8756521876072461
92,10,0.9997525271802155,1,3,0.9934856020243013,0.37311398420927877,Dataset\IR_trans_bmp\p4_240\p4014.bmp,p4_240,p4014.bmp,SC240,240,0.4,3,320,240,RGB,ab2c8bbc3452df893e48ce4aa7c10d687cf43513aefd7f558d43ce0989e31702,0.38537760416666667,0.10230766631753219,0.25824055075645447,0.250980406999588,0.3176470696926117,0.32549020648002625,0.09952012379964192,0.5278057599697845,0.5653274488016541,0.0709988440358715,0.15095973209763852,0.1671941864177129,0.040961965918540955,0.1022619903087616,2.4571481501636763,14.0,0.03605095110990979,0.7787651189878666,0.995292573816636,0.5757893880208333,0.0,0.4649119843227354,3.656316518566071,3.0603101665709365,0.8162989492178261,0.0021623813224313274,0.0,0.0,8.0,0.0,0.0,0.0,0.0,0.0,0.0,0.0,0.0,0.0,0.0,0.012974287934587965,7.987025712065412,0.0,0.0,0.0,0.8993810854224773
99,10,0.999691834641214,1,3,0.9064859103745166,0.4127777196684115,Dataset\IR_trans_bmp\p4_240\p4021.bmp,p4_240,p4021.bmp,SC240,240,0.4,3,320,240,RGB,51296f52e2bd56aa561a73b856c4ce915140bb66bd1f0e3903618c8f663cf949,0.4063671875,0.15178313947899644,0.26539063453674316,0.25882354378700256,0.32549020648002625,0.33725491166114807,0.1078460439046224,0.4876728774504441,0.5677469091653075,0.06885928878375226,0.1441902047107767,0.241854558761229,0.041893716901540756,0.10595500469207764,2.484886299307367,11.0,0.10298311384536511,0.7825804129659131,0.9954872280943627,0.5793108771829044,0.0,0.2053253869076228,3.744560863853376,2.5033804351308917,1.525713736422186,0.021019577685923933,0.0,0.0,8.0,0.0,0.0,0.0,0.0,0.0,0.0,0.0,0.0,0.0,0.0,0.0,8.0,0.0,0.0,0.0,0.8744752118701858
103,10,0.999156021934407,1,3,0.9897104016856539,0.40946348450752956,Dataset\IR_trans_bmp\p4_240\p4025.bmp,p4_240,p4025.bmp,SC240,240,0.4,3,320,240,RGB,4ac19587dd29db5a4e17b65f7a45a2b8ac72c869b52d00368dcc4eada0423b7f,0.398046875,0.13895976447497546,0.2590849697589874,0.250980406999588,0.3176470696926117,0.3294117748737335,0.10312796274820964,0.5055595402156976,0.5646279691886813,0.0648666546760591,0.1468546916578262,0.221075234281447,0.042162541300058365,0.10768258571624756,2.490659320140758,12.0,0.08976120379456984,0.7792811899877793,0.9951848048789829,0.5757710774739583,0.0,0.6233562315996075,3.529735034347399,2.7352306182531896,1.100163559044815,0.011514556754988551,0.0,0.0,8.0,0.0,0.0,0.0,0.0,0.0,0.0,0.0,0.0,0.0,0.0,0.005757278377494276,7.994242721622506,0.0,0.0,0.0,0.8984415390989702
108,10,0.998815731389453,1,4,0.9973230923875125,0.5359829894396195,Dataset\IR_trans_bmp\p5_320\p5030.bmp,p5_320,p5030.bmp,SC320,320,0.5333333333333333,4,320,240,RGB,c2bdf01b0790d04797632f561afdf5533d7a34a7d2adac95214bf59a746886fc,0.400078125,0.11657879320445226,0.29506611824035645,0.27843138575553894,0.38823530077934265,0.40392157435417175,0.11804949442545573,0.540241619349118,0.5325506712572073,0.051758420833078835,0.14047798272548606,0.34313046638319705,0.053075168281793594,0.12863700091838837,2.814220079202349,8.0,0.057378116253335935,0.799362523595714,0.9969429764093137,0.5975737328622855,0.0,0.08956584000520731,3.1624031764629303,1.5994271952092691,1.826986916617848,1.2950595586799454,0.026557313024799845,0.0,8.0,0.0,0.0,0.0,0.0,0.0,0.0,0.0,0.0,0.0,0.0,0.0005207316279372519,7.999479268372062,0.0,0.0,0.0,0.9358912801478718
112,10,0.9998970592752746,1,4,0.9979359810342049,0.5384111363227618,Dataset\IR_trans_bmp\p5_320\p5034.bmp,p5_320,p5034.bmp,SC320,320,0.5333333333333333,4,320,240,RGB,94deecf594a4e1c2ed8e5d69bb435d9aa86727c675334137c96a288483469ff0,0.40001302083333334,0.10452133719605482,0.29824796319007874,0.2823529541492462,0.3921568691730499,0.40392157435417175,0.11930306752522786,0.5522828046744113,0.5337698656020641,0.06224062569900877,0.14123621378266699,0.35169682909908834,0.052342489361763,0.1264667809009552,2.783892002744966,8.0,0.051267862374271674,0.8010545442890189,0.99723648370481,0.6000662410960478,0.0,0.050779597018326225,3.0394843917841214,1.6916116011848572,1.7926499788418346,1.3937046320106767,0.03176979916018359,0.0,8.0,0.0,0.0,0.0,0.0,0.0,0.0,0.0,0.0,0.0,0.0,0.0,8.0,0.0,0.0,0.0,0.9526151555511861
121,10,0.9998487097629125,1,4,0.9997015853828609,0.5333168141130153,Dataset\IR_trans_bmp\p5_320\p5043.bmp,p5_320,p5043.bmp,SC320,320,0.5333333333333333,4,320,240,RGB,5782a020a25bd1d4318e1429147c76df44299fc5e6e2ac80922765c69af8fb1f,0.4115234375,0.10349628223382376,0.2892405390739441,0.2705882489681244,0.38823530077934265,0.4000000059604645,0.11902926127115886,0.5398121540505421,0.5342356798632426,0.052507993542341036,0.14376464502042863,0.373728306362109,0.05393673852086067,0.13333338499069214,2.883861943018893,7.0,0.04698623635500712,0.7961776989132332,0.9965112424364277,0.5937396479587929,0.0,0.20148710647049517,3.2840373358645785,1.5655750672361968,1.7587090650213575,1.161841480778358,0.028349944629014398,0.0,8.0,0.0,0.0,0.0,0.0,0.0,0.0,0.0,0.0,0.0,0.0,0.0005062490112324,7.999493750988767,0.0,0.0,0.0,0.9271069765462989
125,10,0.999860423394372,1,4,0.9966455889813304,0.5152929723169354,Dataset\IR_trans_bmp\p5_320\p5047.bmp,p5_320,p5047.bmp,SC320,320,0.5333333333333333,4,320,240,RGB,598a0197ddef643b3dd9e74d9f4d74bd84d7a30df73146b632666e31d19ccd46,0.4592578125,0.11683819568484023,0.2850647270679474,0.2666666805744171,0.3843137323856354,0.4000000059604645,0.13091819763183593,0.4895191675078257,0.5338419577355745,0.035427756817295514,0.1411144518613575,0.47992311551210975,0.04863107576966286,0.11699166893959045,2.860879543505799,6.0,0.07190042811374783,0.7938705529580569,0.9964804855047488,0.591470516429228,0.0,0.18190581497547562,3.4700462136032435,1.6602874883048397,1.6001814521845141,1.0562785291032293,0.0313005018286978,0.0,8.0,0.0,0.0,0.0,0.0,0.0,0.0,0.0,0.0,0.0,0.0,0.0,8.0,0.0,0.0,0.0,0.8234146364247414
129,10,0.9998844178597257,1,4,0.9908765841974629,0.5489394498479712,Dataset\IR_trans_bmp\p5_320\p5051.bmp,p5_320,p5051.bmp,SC320,320,0.5333333333333333,4,320,240,RGB,70b34f187be3fafbe63772bd3d47f5f324d9d2cb35a95dc6087a25f1a2bc6e28,0.4229427083333333,0.11255464564989841,0.28852301836013794,0.2705882489681244,0.3843137323856354,0.4000000059604645,0.12202870686848959,0.49019473755110454,0.5394067733852201,0.0406083360940314,0.14465349709174627,0.3779633455597039,0.05305243656039238,0.12863700091838837,2.890416257036403,8.0,0.05104365494735546,0.7957386890603177,0.9965299718520221,0.5929463106043199,0.0,0.2118096176343821,3.2958561664922112,1.5838926174496644,1.8395419001293023,1.038605997167662,0.030293701126777907,0.0,8.0,0.0,0.0,0.0,0.0,0.0,0.0,0.0,0.0,0.0,0.0,0.00098516101225294,7.999014838987747,0.0,0.0,0.0,0.8884335999145109
133,10,0.9984135033983498,1,5,0.9821072165498956,0.664953534932467,Dataset\IR_trans_bmp\p6_400\p6003.bmp,p6_400,p6003.bmp,SC400,400,0.6666666666666666,5,320,240,RGB,0a5b4559d1bfcc2359cf06e3158feb2fcc840eaeca682d8a3042af8a8d92d81b,0.40846354166666665,0.10739560089257252,0.3430519998073578,0.32549020648002625,0.4627451002597809,0.47058823704719543,0.14012423197428386,0.5453851822123139,0.5594136645952343,0.07476495372218148,0.1482994468024758,0.11436311992036137,0.07152268290519714,0.18839861452579498,3.1309517178475494,9.0,0.0385718839655722,0.8266246944832403,0.9737156288296569,0.6602867575252758,0.0,0.06681542875358623,1.9751354797577303,1.7040484539368823,0.9078737647433854,1.3067261715014344,1.9965572202741473,0.04284348103283392,7.729933057060887,0.2499203060248645,0.020146636914249283,0.0,0.0,0.0,0.0,0.0,0.004590372967803634,0.053299330570608865,0.2121772394007013,0.5919030921262353,7.138029964934651,0.0,0.0,0.0,0.8104522870568668
137,10,0.9980635602171881,1,5,0.994752406235654,0.6642234369766804,Dataset\IR_trans_bmp\p6_400\p6007.bmp,p6_400,p6007.bmp,SC400,400,0.6666666666666666,5,320,240,RGB,c53e729c4d793d26a768d976ccf91a5378f9d23cdcddafdfda559757af6c617e,0.41236979166666665,0.12478686454057468,0.33089447021484375,0.3137255012989044,0.45490196347236633,0.46666666865348816,0.1364508819580078,0.528287578185717,0.555802698575559,0.06256299423723057,0.14615588229564766,0.15171552299978153,0.07383883744478226,0.1931547224521637,3.165635717894297,6.0,0.08080202083991159,0.8202173669910964,0.9773827047909007,0.6484951842064951,0.0015156299336911904,0.16191979791600883,2.5530786233028104,1.312535522576571,0.8411746131986106,1.3223871171455637,1.7760656772971266,0.031323018629617935,7.81079886327755,0.17859172718661193,0.010609409535838332,0.0,0.0,0.0,0.0,0.0,0.0015156299336911904,0.03789074834227976,0.14979475844647933,0.4503946952952321,7.360404167982318,0.0,0.0,0.0,0.86110187360222
147,10,0.9998062221369967,1,5,0.9988841979962949,0.6735899427018457,Dataset\IR_trans_bmp\p6_400\p6017.bmp,p6_400,p6017.bmp,SC400,400,0.6666666666666666,5,320,240,RGB,1789e321515e740b3dc14775e3beb916ed23548b29675cd2e9d984f43f96489c,0.40859375,0.11424474187380497,0.32514604926109314,0.30980393290519714,0.45490196347236633,0.4627451002597809,0.13285264333089192,0.5066159797645697,0.5476279055199205,0.04808522197577616,0.14525756117416647,0.13475634421903548,0.07686964422464371,0.205805714428425,3.2575213635940194,8.0,0.07402804333970682,0.8178922344186452,0.9780052035462623,0.6435426599839155,0.0033142128744423197,0.32734225621414914,2.6248565965583173,1.1459528362014022,0.8413001912045889,1.3210962396430848,1.71421287444232,0.02192479286169535,7.839388145315487,0.15423836838750796,0.006373486297004461,0.0,0.0,0.0,0.0,0.0,0.0005098789037603569,0.030082855321861057,0.13001912045889102,0.44384958572339067,7.395538559592097,0.0,0.0,0.0,0.9804271035966591
150,10,0.9995979920979162,1,5,0.9987539682401861,0.6686300805927557,Dataset\IR_trans_bmp\p6_400\p6020.bmp,p6_400,p6020.bmp,SC400,400,0.6666666666666666,5,320,240,RGB,09526ac93397fd5f20b1d0d0c2b92c9da387d4ff2cb5e06a9e3dad3eed47d2f4,0.40325520833333334,0.12809170164675493,0.3216876685619354,0.30588236451148987,0.45098039507865906,0.4627451002597809,0.12972222646077475,0.5040073429480467,0.5487578604582793,0.0489222623554175,0.14389023324043396,0.12513471374795776,0.07724203169345856,0.20407240092754364,3.2666843542012205,6.0,0.08579270261543429,0.8160293834835457,0.9792351816214767,0.639684819240196,0.011365837907652568,0.46186632224733615,2.562996448175654,1.0898288666451406,0.8795608653535679,1.353309654504359,1.6232483048111075,0.017823700355182433,7.863093316112367,0.1319987084275105,0.0049079754601227,0.0,0.0,0.0,0.0,0.0,0.0,0.026089764288020664,0.11081691959961253,0.4068453341943817,7.456247981917985,0.0,0.0,0.0,0.9219239606192957
153,10,0.9998498875271046,1,5,0.9786117530464457,0.651905118135515,Dataset\IR_trans_bmp\p6_400\p6023.bmp,p6_400,p6023.bmp,SC400,400,0.6666666666666666,5,320,240,RGB,aed879b11ce5f171bcbf922188db5a7ea27ff55d4384d28f34dbcee81df5ad73,0.39697916666666666,0.12037522959853057,0.3214628994464874,0.30588236451148987,0.45098039507865906,0.4627451002597809,0.12761407216389975,0.5380973442434581,0.5577593033183933,0.06919208595085648,0.1438416882457121,0.13166742490913633,0.07844456285238266,0.20788013190031052,3.2806798600399993,7.0,0.07297953293098924,0.8149351833918907,0.9796827727673101,0.6389655019722733,0.009971136184728419,0.45368669640514303,2.555497244817633,1.0923642088690633,0.8958278667016532,1.3749672002099187,1.5922330097087378,0.02545263710312254,7.854106533718184,0.13670952505903963,0.009183941222776174,0.0,0.0,0.0,0.0,0.0,0.0,0.034374180005247966,0.11151928627656783,0.3783783783783784,7.475728155339806,0.0,0.0,0.0,0.8473067161868617
166,10,0.9998554948290319,1,6,0.9979360635442243,0.8112024030531848,Dataset\IR_trans_bmp\p7_480\p7036.bmp,p7_480,p7036.bmp,SC480,480,0.8,6,320,240,RGB,26747ec4d263ed0ab58955b9f6b3f8c7411545131ee7997b29fb68e9a567394b,0.41313802083333334,0.002426801979261874,0.4059089720249176,0.40392157435417175,0.5215686559677124,0.545098066329956,0.1676964314778646,0.6625758232712613,0.5368609790659294,0.16670221981133687,0.10777602387462179,0.2717917359303806,0.08080209046602249,0.21600690186023713,3.3421771732030234,2.0,0.001575845441079139,0.7348973791026536,0.9404119154986214,0.7226468553730085,0.0,0.0,0.058243247502284975,1.5312174981877777,1.9305997667748747,1.1051088909199787,2.1729017617952033,1.2019288348198809,5.9125720949289295,1.2642062466513284,0.6820259068990513,0.12556336474518578,0.015632386775505058,0.0,0.0,0.0,0.5264584449557187,0.8393583157363925,0.7216111443789593,0.5204071984619748,5.392164896466954,0.0,0.0,0.0,0.9817243700881783
167,10,0.9996259571026036,1,6,0.994223378487069,0.8047802981425848,Dataset\IR_trans_bmp\p7_480\p7037.bmp,p7_480,p7037.bmp,SC480,480,0.8,6,320,240,RGB,42ea8fb9aca7d82eb6ba46e4697f27f332a65be7467e9a7234dfffba47e6f7fd,0.4149348958333333,0.00269871654062196,0.4075091779232025,0.40392157435417175,0.5215686559677124,0.5490196347236633,0.16908977508544923,0.6773611910726208,0.534320260966609,0.18065124525315307,0.10833691669118535,0.28828849129118556,0.08164338022470474,0.21876588463783264,3.3466421682513143,2.0,0.0017259233690024164,0.7308963370722765,0.9404475791781557,0.723829740636489,0.0,0.0,0.051714940220290585,1.4650892773088147,1.97596259453353,1.1081055637493331,2.1552075815106537,1.2439200426773778,5.8849593623497665,1.2622462108136945,0.701415257162582,0.13355508833589608,0.017824081338061317,0.0,0.0,0.0,0.5575673894624533,0.8613299024068786,0.6961433457809019,0.5136347946151191,5.371324567734647,0.0,0.0,0.0,0.9056722155493115
168,10,0.9995716961142704,1,6,0.9977425430411974,0.7959373872024385,Dataset\IR_trans_bmp\p7_480\p7038.bmp,p7_480,p7038.bmp,SC480,480,0.8,6,320,240,RGB,a70775cf3899f31a0f50616c4540c8f33d6a9f888f6a3aadab62d7d81027ef13,0.41848958333333336,0.002924704418170504,0.4092947840690613,0.40784314274787903,0.5254902243614197,0.5490196347236633,0.17128560384114583,0.6728411407891174,0.5336630385042606,0.1760887847383326,0.1081732298961512,0.3031431091695645,0.08164032548666,0.21974784135818481,3.3569710793017724,2.0,0.001866832607342875,0.7267994800759427,0.9405975341796875,0.7251104616651348,0.0,0.0,0.038581207218419414,1.3988799004355943,2.0288736776602363,1.1081518357187305,2.1376477909147478,1.2878655880522714,5.852893590541381,1.2438083385189795,0.7362787803360299,0.14835096453018046,0.018668326073428748,0.0,0.0,0.0,0.5916614810205352,0.8744243932794026,0.6810205351586808,0.49931549471064096,5.35357809583074,0.0,0.0,0.0,0.9341211855574137
179,10,0.9998042075118138,1,6,0.9954244762266674,0.800755165923097,Dataset\IR_trans_bmp\p7_480\p7049.bmp,p7_480,p7049.bmp,SC480,480,0.8,6,320,240,RGB,c2706bd8247033f366ca6f3f8f8cc5706d863d43a0aadb8548635a4b85afa5b8,0.41963541666666665,0.0028236316246741965,0.4093042016029358,0.40784314274787903,0.5254902243614197,0.5490196347236633,0.17175853729248047,0.6512952411865929,0.5293925743097707,0.15412388987520625,0.10904543817590251,0.29146585228898536,0.07991329580545425,0.21234486997127533,3.344886100239702,2.0,0.0017376194613379669,0.7270238439464036,0.9399337469362745,0.7255131740196078,0.0,0.0,0.032766538413801664,1.4005212858384013,2.027305448678168,1.0713665135906665,2.1812088866823878,1.2868313267965743,5.860742211741343,1.2483554672955195,0.7206156137520169,0.15191758719126225,0.018369120019858506,0.0,0.0,0.0,0.5860742211741343,0.8588804766041951,0.6943030904803277,0.5247610773240661,5.335981134417277,0.0,0.0,0.0,0.9411088495139289
181,10,0.9996758554832476,1,6,0.9981669400323063,0.7804689271507412,Dataset\IR_trans_bmp\p7_480\p7051.bmp,p7_480,p7051.bmp,SC480,480,0.8,6,320,240,RGB,888d52de31f58b3142c9066fa3c2538fa006a2dc2e82821802860d569fb0696f,0.41790364583333334,0.002212182582956847,0.40457797050476074,0.40392157435417175,0.5215686559677124,0.545098066329956,0.16907460530598958,0.6659726857152138,0.550255603997888,0.1734144115600364,0.10171696312450398,0.27386482871345347,0.08248840272426605,0.21876588463783264,3.354445478620854,2.0,0.001589032559588721,0.7385132006426763,0.9408198337928921,0.7216728659237133,0.0,0.0004985200186945007,0.07303318273874436,1.5875369995326374,1.9001090512540895,1.0650880199408008,2.2086929428259854,1.1650412836890482,5.930643402399127,1.2687334475775043,0.6463312042374202,0.13908708521576568,0.015204860570182272,0.0,0.0,0.0,0.5279326997974763,0.7826764293503661,0.7587474684530301,0.5269356597600873,5.403707742639041,0.0,0.0,0.0,0.9447018485099444
190,10,0.9999367226059013,1,7,0.9978354561157329,0.926642274000608,Dataset\IR_trans_bmp\p8_560\p8060.bmp,p8_560,p8060.bmp,SC560,560,0.9333333333333333,7,320,240,RGB,767ae932731bf353f1278740de77880f63adff54405c744a01fb7769fad9dcba,0.4216015625,0.11927483862997622,0.4774645268917084,0.45098039507865906,0.6627451181411743,0.7098039388656616,0.20129979451497396,0.5136447003484641,0.5483391311761611,0.05022797477965325,0.1434264164056655,0.710545666428571,0.11163143813610077,0.27845898270606995,3.853028813965272,8.0,0.05009419685598691,0.5934552240638094,0.9581364051968444,0.7829965030445772,0.0,0.0,0.005929769294913369,0.2962413910250471,1.8028969393742857,1.5792952222119274,1.560023472003459,2.7556132060903673,4.629173229562371,0.7926124957534204,0.7402328669816857,0.9700114271595788,0.5806232434602675,0.2134716946168813,0.0696747892152321,0.004200253250563637,2.419345872324655,0.4197782513357423,0.5317026467772321,0.4022360171716236,4.226937212390747,0.0,0.0,0.0,0.8742213034519598
193,10,0.999939016880806,1,7,0.9929931127981453,0.9128948609596044,Dataset\IR_trans_bmp\p8_560\p8063.bmp,p8_560,p8063.bmp,SC560,560,0.9333333333333333,7,320,240,RGB,de4aadea4e416b0c3d031516b4b01b5ba9593ce4848dc91215c5f2e525dcf07d,0.4199609375,0.1306545127585031,0.482826828956604,0.45490196347236633,0.6705882549285889,0.7215686440467834,0.20276840209960936,0.48216238258233596,0.5432838184785299,0.04681527034228553,0.14272592237610907,0.7309419416756776,0.10985886305570602,0.27197715640068054,3.8495547915880723,7.0,0.0819148606331194,0.5879498273966699,0.9575784122242647,0.7876014859068627,0.0,0.0,0.0014882336526834713,0.22025858059715375,1.7382569063342945,1.6437540693888941,1.5673580752178091,2.828884134809165,4.545561653179549,0.8155520416705423,0.7332031128887235,0.9534616934858773,0.6334914581589309,0.23067621616593806,0.08086069512913527,0.007193129321303444,2.474436486528385,0.44547794003658575,0.5345239202554801,0.39983877468762596,4.145722878491923,0.0,0.0,0.0,0.9142910298223972
199,10,0.9999415952029646,1,7,0.995715727662927,0.9298878746906929,Dataset\IR_trans_bmp\p8_560\p8069.bmp,p8_560,p8069.bmp,SC560,560,0.9333333333333333,7,320,240,RGB,0f7788b75b97d7776b185a2ab4cf457b9af8b90bbb4ae43abec3ec3765c38892,0.42130208333333335,0.12547904561750525,0.4802962839603424,0.45098039507865906,0.6666666865348816,0.7176470756530762,0.2023498280843099,0.5228175580035164,0.5458466738515155,0.051210921261885846,0.14416667686222567,0.7652989642545005,0.11139038950204849,0.2749576270580292,3.8564005037711917,8.0,0.05263320558783533,0.5935101642288976,0.9580380308861826,0.7850472244561887,0.0,0.0,0.005192236370379528,0.2596118185189764,1.7309927061441464,1.6466806774632217,1.59129682284584,2.766225738657436,4.64284831252318,0.7672147360613178,0.723698850290518,0.9494375077265422,0.5879589566077389,0.22450241068117197,0.0939547533687724,0.010384472740759055,2.417851403140067,0.42551613302015084,0.5137841513166028,0.45642230189145755,4.186426010631722,0.0,0.0,0.0,0.9079177627863698
203,10,0.9999064453261723,1,7,0.9692499187394856,0.9358659166283253,Dataset\IR_trans_bmp\p8_560\p8073.bmp,p8_560,p8073.bmp,SC560,560,0.9333333333333333,7,320,240,RGB,c1ad582701d3d4dc398cb11ceb8308dc5fbcc3286ecfb6cf50b7de65ccb231fe,0.41768229166666665,0.13647983041336742,0.48163387179374695,0.45490196347236633,0.6705882549285889,0.7176470756530762,0.20116994222005208,0.5420984731383921,0.5475017820061724,0.06347204687376833,0.1408935840688565,0.7281651915384583,0.09828972816467285,0.24458768367767333,3.8547672934529555,5.0,0.08164474094394912,0.5914668077863129,0.9585062662760416,0.7861759559780943,0.0,0.0,0.0,0.24365608828480578,1.7569673919820437,1.6360122202132303,1.573165409314795,2.790198890205125,4.597294095641873,0.7823430388428206,0.7057796620736954,0.928736205499096,0.6623854355009664,0.23891763825674917,0.07756094519608454,0.006982978988715007,2.44778352765135,0.4117463682274456,0.5431760084793317,0.4479082237047197,4.149385871937153,0.0,0.0,0.0,0.8718896308678818
204,10,0.9999323770068058,1,7,0.9900000735301459,0.9306996924925552,Dataset\IR_trans_bmp\p8_560\p8074.bmp,p8_560,p8074.bmp,SC560,560,0.9333333333333333,7,320,240,RGB,1e74b1b71b491dd1ae402d6a64dd86f1df7c99938272acab6771dd85fd5d45ce,0.42,0.13922991071428573,0.4850534200668335,0.45490196347236633,0.6705882549285889,0.7215686440467834,0.2037224324544271,0.5210349671788398,0.5431940484318662,0.04804368495597808,0.1394296059976782,0.7370091611967156,0.09892712533473969,0.24078557640314102,3.837018636760381,4.0,0.09254092261904762,0.5908397908983284,0.9580596923828125,0.7899722828584559,0.0,0.0,0.00496031746031746,0.1884920634920635,1.5915178571428572,1.8236607142857142,1.5768849206349207,2.814484126984127,4.549355158730159,0.8097718253968254,0.6937003968253969,0.9424603174603174,0.6780753968253969,0.23139880952380953,0.09325396825396826,0.001984126984126984,2.4789186507936507,0.4174107142857143,0.5543154761904762,0.4412202380952381,4.108134920634921,0.0,0.0,0.0,0.8660502971061368
207,10,0.9999559619714148,1,7,0.9625207324827703,0.9489923485822228,Dataset\IR_trans_bmp\p8_560\p8077.bmp,p8_560,p8077.bmp,SC560,560,0.9333333333333333,7,320,240,RGB,049abde95138fa93f7332ba8248ccfe013b302a9c16ef15820ac56d628ee5e09,0.429296875,0.14200788595693054,0.48958316445350647,0.4588235318660736,0.6745098233222961,0.7254902124404907,0.21017651875813803,0.4777022396746829,0.5568313530809437,0.061049101619402815,0.14584261226817521,0.7377272289881884,0.1073356494307518,0.2645823687314987,3.8418185844251522,6.0,0.09099181073703366,0.5797195008347155,0.9565315994561887,0.7947255452473958,0.0,0.0,0.0016985138004246285,0.1543221110100091,1.518471337579618,1.7657264179557173,1.6259629966636335,2.9338186229905974,4.422929936305732,0.8456172277828329,0.7369123445556567,0.9710646041856233,0.6750379132544737,0.2421595389748256,0.09463148316651501,0.01164695177434031,2.5584470730967546,0.4493782226266303,0.5692447679708826,0.4066727327873825,4.01625720351835,0.0,0.0,0.0,0.9322979788537713
211,10,0.9999680103097891,1,7,0.9946773474040996,0.9335112878649826,Dataset\IR_trans_bmp\p8_560\p8081.bmp,p8_560,p8081.bmp,SC560,560,0.9333333333333333,7,320,240,RGB,df81fccccdff80b627e7a22b646bef720be2e586b14bec6e4b6124e1ec4d252d,0.427578125,0.12622571411169986,0.48168429732322693,0.4588235318660736,0.6666666865348816,0.7215686440467834,0.2059576670328776,0.5081376411561686,0.5554705111805204,0.056064238282659336,0.14732676767651487,0.7184515857807046,0.11137303709983826,0.27851420640945435,3.873903983828746,8.0,0.0466228150313661,0.5876335271909916,0.9572226730047487,0.7871486888212316,0.0,0.0,0.007552226079541994,0.26554601376454107,1.8079054753639077,1.4566051525671477,1.6356659967111273,2.826725135513734,4.566660576161764,0.780315488153968,0.7459650405018576,0.9861745538705159,0.5893172544003898,0.22973384493574517,0.09257567452341799,0.009257567452341799,2.4793227358548022,0.42000121810098057,0.5340154698824533,0.47968816614897375,4.08697241001279,0.0,0.0,0.0,0.9360344177987329
216,10,0.9999259403510394,1,8,0.9953950535658691,1.0,Dataset\IR_trans_bmp\p9_600\p9086.bmp,p9_600,p9086.bmp,SC600,600,1.0,8,320,240,RGB,5c95deeee5661fee4460681787974800dc3149461afb4e6c867ebe08bd255bbc,0.42173177083333335,0.22825650683874155,0.5215003490447998,0.47058823704719543,0.7490196228027344,0.8117647171020508,0.21993326822916667,0.5113461402176699,0.5501360613974785,0.05140388652904331,0.1384655297647428,0.8329468382725177,0.12550655007362366,0.3021898686885834,4.016678395099187,5.0,0.22668189817530643,0.544759739710632,0.9487006692325368,0.8200975006701899,0.0,0.0027169718114174565,0.004445953873228565,0.10373892370866653,0.8405322794776005,2.0713205100497083,1.6272191176016548,3.350026243477724,4.119423260983667,0.7990367099941338,0.6952977862854672,0.6273734910000309,0.8397912871653956,0.5258575442279786,0.2815770786378091,0.1116428417055173,2.71129087035722,0.6439223193059372,0.4836209824323073,0.4334805026397851,3.7101485072092375,0.007162925684646022,0.009138905183858717,0.0012349871870079349,0.9538216414364373
238,10,0.9996782973349773,1,8,0.9979091853518929,1.0,Dataset\IR_trans_bmp\p9_600\p9108.bmp,p9_600,p9108.bmp,SC600,600,1.0,8,320,240,RGB,ac712b9d81e4a8f39919918a1d53d685b3bb3d7f7be10be0944bb1e2c4e4c29d,0.4200260416666667,0.2380184760369521,0.5285965204238892,0.4745098054409027,0.7607843279838562,0.8274509906768799,0.22202430725097655,0.536943961266364,0.5418862164103129,0.05585079586919212,0.13919621987178654,0.8640193932689543,0.12937088310718536,0.31397053599357605,4.039480413736744,5.0,0.23622047244094488,0.5443754569112256,0.9437501795151655,0.825890993604473,0.0,0.003472006944013888,0.003968007936015872,0.08804017608035217,0.7338334676669354,2.046004092008184,1.7407154814309629,3.383966767933536,4.035216070432141,0.7990575981151963,0.7318494636989274,0.589001178002356,0.7983135966271933,0.5637051274102548,0.3072726145452291,0.17558435116870233,2.7240374480748963,0.6477772955545911,0.5170810341620683,0.47764895529791057,3.601711203422407,0.011904023808047616,0.013888027776055552,0.005952011904023808,0.9197174108876157
240,10,0.9997291335041838,1,8,0.9995396570868113,0.9882314866741322,Dataset\IR_trans_bmp\p9_600\p9110.bmp,p9_600,p9110.bmp,SC600,600,1.0,8,320,240,RGB,251c457661a9a71f07a117a2630c4c9b057b9573378b86b4607235a5ced08c87,0.4204557291666667,0.23802297853891177,0.5288142561912537,0.4745098054409027,0.7607843279838562,0.8274509906768799,0.22234298706054687,0.5346753975760883,0.5414364710874614,0.054031142253720806,0.13934321300603542,0.8671689429481133,0.13002443313598633,0.31298962235450745,4.037849346317801,7.0,0.23616487566194916,0.5425085994784392,0.9433474073223039,0.8260089350681679,0.0,0.002972964603140194,0.004954941005233656,0.08745470874237403,0.7410114273326933,2.0335077885478925,1.7305131460778544,3.3995850236908116,4.028862531355486,0.8103806014059645,0.7249078690656839,0.5926109442259453,0.7821374376761326,0.5735344213557957,0.30819733052553344,0.17936886438945837,2.7162986590690905,0.6708990121086371,0.505403982533833,0.4684896720448422,3.60546282245827,0.011891858412560775,0.01486482301570097,0.006689170357065437,0.9232724656939788
242,10,0.9998883417854366,1,8,0.9995672216395362,0.9865108373591567,Dataset\IR_trans_bmp\p9_600\p9112.bmp,p9_600,p9112.bmp,SC600,600,1.0,8,320,240,RGB,ceefe378a10890fee7c4b1a0e95b80ee3b2b16c900aaa01a7e83131611c0bb1e,0.41891927083333336,0.2354147887980605,0.5275350213050842,0.4745098054409027,0.7607843279838562,0.8274509906768799,0.22099459330240886,0.527568671696191,0.5410320961019459,0.049433435745572955,0.138793852551924,0.8821725167958302,0.1271660178899765,0.31491926312446566,4.030153333503542,5.0,0.23373636278867374,0.5496237557693566,0.9432712928921568,0.8250986136642157,0.0,0.0034811798713206728,0.0014919342305660026,0.08827277530848848,0.7529294750256427,2.033755011966556,1.7848506511671278,3.3352189724302987,4.0443850433593385,0.8551269698194138,0.6825599104839462,0.5970223479314953,0.7820221925216797,0.5592266807571566,0.3073384514965965,0.1723184036303733,2.6907033848257855,0.6370559164516831,0.5517670096043266,0.4719485282690455,3.617940509122556,0.011686818139433687,0.011686818139433687,0.007211015447735679,0.9548849534350945
244,10,0.9997790689692682,1,8,0.9996163661500249,0.994967185694215,Dataset\IR_trans_bmp\p9_600\p9114.bmp,p9_600,p9114.bmp,SC600,600,1.0,8,320,240,RGB,9b7e955775bc9ca84aa2a451b3e46c1b076d26e4b9bac0cd2f794713db587ec4,0.42009114583333335,0.2350060440752565,0.5264389514923096,0.47058823704719543,0.7607843279838562,0.8274509906768799,0.22115234375,0.5314527149393408,0.5407669073092145,0.05148994084880577,0.13891290164366762,0.8598863155737156,0.13102304935455322,0.3141174018383026,4.048792376809469,5.0,0.23320831912717355,0.5454547391923447,0.9442453421798407,0.8235894296683517,0.0,0.0037194309270681585,0.00570312742150451,0.09868890059820848,0.7984378390106314,2.004029383504324,1.7253200260360164,3.364101292502247,4.0650900412236926,0.8150512971515358,0.7054520658339274,0.5941171000836872,0.7981898769488268,0.5465083842172148,0.30871276694665717,0.16687846759445804,2.704770170163965,0.6506524501751232,0.508322226699315,0.454514459287729,3.651737284195518,0.009918482472181757,0.014381799584663546,0.00570312742150451,0.9440450905440245
245,10,0.9997255978396208,1,8,0.9983612561223698,0.9927436678176877,Dataset\IR_trans_bmp\p9_600\p9115.bmp,p9_600,p9115.bmp,SC600,600,1.0,8,320,240,RGB,39eaf964d0e5e38a9ec46a729a0670e7b008615020268e6ed32259b7d7feba45,0.42032552083333335,0.2359592329853474,0.5273509621620178,0.47058823704719543,0.7607843279838562,0.8274509906768799,0.2216590627034505,0.5377813916485833,0.5415715310327744,0.0561749565848748,0.13897302668628056,0.8678133229834235,0.13219156861305237,0.32166436314582825,4.047928438216446,7.0,0.2340695765310864,0.5458509562401798,0.9430220061657475,0.8246561686197916,0.0,0.0032217093646417397,0.004460828351042409,0.1003686378984542,0.7908057371209071,1.9788730212818686,1.757318546513429,3.364951519469657,4.046219138192745,0.8408661441714941,0.6976239893435767,0.5915554041076795,0.7898144419317865,0.5457080016108546,0.3107710417892878,0.1774418388525758,2.6812056627737677,0.6785415569530064,0.5177039125181996,0.47433474799417613,3.6162448499117126,0.011895542269446424,0.01363030885040736,0.006443418729283479,0.9085026559158097
246,10,0.9997004230543176,1,8,0.9989348507691937,0.9966902910547735,Dataset\IR_trans_bmp\p9_600\p9116.bmp,p9_600,p9116.bmp,SC600,600,1.0,8,320,240,RGB,7ce7aad30f061874bfb28a21d3c8b1cfe39206c0203d0118cc494f8cb2c1b60f,0.4192578125,0.23888940650330756,0.5300071239471436,0.4745098054409027,0.7647058963775635,0.8313725590705872,0.22220962524414062,0.5454866929401642,0.5428739041685802,0.0625076866736354,0.1390146305227111,0.872331403898477,0.13151147961616516,0.3163128077983856,4.041071074221386,6.0,0.2367775396751452,0.5424889932131635,0.9420417935240503,0.8273989808325674,0.0,0.003975278735364452,0.003726823814404174,0.0879530420199385,0.7192769961800056,2.0003105686512,1.7796825988384732,3.4050746917606136,4.012795428429454,0.8228826982204416,0.7292151930184168,0.5858567036243362,0.7694648902139818,0.5798937855212895,0.31727693406627533,0.18261436690580451,2.710891642597596,0.6755489300909966,0.5175316003602596,0.49690984192055654,3.5658250256219137,0.013416565731855026,0.010435106680331688,0.009441286996490574,0.8692865102011955
250,10,0.9988178286639041,1,8,0.978291577219633,1.0,Dataset\IR_trans_bmp\p9_600\p9120.bmp,p9_600,p9120.bmp,SC600,600,1.0,8,320,240,RGB,462a0943529d8cd40f8b2cea920276cde8c0d70b0cfb85772986a997b8218f65,0.4169921875,0.2388758782201405,0.5298339128494263,0.4745098054409027,0.7647058963775635,0.8313725590705872,0.22093660990397135,0.48485789791788675,0.5296479243748928,0.03329087976014607,0.13756398303663983,0.8516120484603312,0.1300780028104782,0.3178454160690309,4.0547126108785045,6.0,0.23740827478532397,0.5352946020371421,0.9429450539981618,0.8267537434895833,0.0,0.003747072599531616,0.00624512099921936,0.09217798594847776,0.78064012490242,1.9367369242779078,1.7179078844652615,3.4625448868071818,3.9998750975800155,0.7913817330210773,0.7676502732240437,0.5885402029664325,0.7436690085870413,0.6095238095238096,0.31675253708040596,0.18260733801717408,2.732615144418423,0.6874629195940671,0.49111631537861045,0.44864949258391884,3.6046838407494146,0.019484777517564403,0.011740827478532397,0.004246682279469165,0.8700669399110539
1,11,0.00031713398552066745,0,0,0.9992464038349702,0.0,Dataset\IR_trans_bmp\p1_Noload\p1002.bmp,p1_Noload,p1002.bmp,Healthy,0,0.0,0,320,240,RGB,f885527a57548cb28fa85cae9f77dce1fafc204d96b9af69f15981804bf11186,0.44408854166666667,0.10819210696065208,0.17565181851387024,0.16862745583057404,0.22745098173618317,0.23137255012989044,0.07800495783487955,0.596588525654582,0.6141762565855454,0.14955119810959103,0.2919570564473228,0.35138022689265797,0.0501536950469017,0.13147492706775665,2.069338872972047,36.0,0.04330616313845071,0.7370442651503579,0.9962106742110907,0.5107077804266238,1.15217263824547,4.480150120213453,2.3259250571746906,0.04175218436638715,0.0,0.0,0.0,0.0,8.0,0.0,0.0,0.0,0.0,0.0,0.0,0.0,0.0,0.0,0.0,3.4912332140972264,4.508766785902774,0.0,0.0,0.0,0.9002593478499906
9,11,0.00025366349769127166,0,0,0.9993325045801461,0.0031969595680653162,Dataset\IR_trans_bmp\p1_Noload\p1010.bmp,p1_Noload,p1010.bmp,Healthy,0,0.0,0,320,240,RGB,a6ea0b4f7f0f961523a13d00446d878732c9967c40f56a5ee6e017915255c239,0.442734375,0.12243397447208988,0.17685328423976898,0.16862745583057404,0.22745098173618317,0.239215686917305,0.07829902648925781,0.6210678181679982,0.6168536225619771,0.16826225275389742,0.29351975157419036,0.35999994876253066,0.05203646793961525,0.1373109072446823,2.058683652369058,30.0,0.04717369566496089,0.7376656132703386,0.9962429869408701,0.5119226193895527,1.0086465502029291,4.519263572731016,2.415857890712311,0.0562319863537439,0.0,0.0,0.0,0.0,8.0,0.0,0.0,0.0,0.0,0.0,0.0,0.0,0.0,0.0,0.0,3.4296806070231165,4.5703193929768835,0.0,0.0,0.0,0.9329790452302292
14,11,0.000843109754933361,0,0,0.9985713667539131,0.005764968930328962,Dataset\IR_trans_bmp\p1_Noload\p1015.bmp,p1_Noload,p1015.bmp,Healthy,0,0.0,0,320,240,RGB,9ad1825a44ed6d8696782307dd4a02d2b5d51696a8385a0c5c637b5e5664cf10,0.4383984375,0.12667438890373933,0.17373405396938324,0.16862745583057404,0.2235294133424759,0.23137255012989044,0.07616473515828451,0.5562239647476364,0.6208249025832102,0.133265866958444,0.2983955886408872,0.34224148387841924,0.04968678578734398,0.1305358111858368,2.062188084759814,33.0,0.04324452760699753,0.7359284981668994,0.9961543662875306,0.5086544261259192,1.4358608809290445,4.2831090914491075,2.2491906501529595,0.0318393774688883,0.0,0.0,0.0,0.0,8.0,0.0,0.0,0.0,0.0,0.0,0.0,0.0,0.0,0.0,0.0,3.600225726929817,4.399774273070183,0.0,0.0,0.0,0.8510602265784114
19,11,0.0009960336944815828,0,0,0.998142292751193,0.0,Dataset\IR_trans_bmp\p1_Noload\p1020.bmp,p1_Noload,p1020.bmp,Healthy,0,0.0,0,320,240,RGB,eb79fa66c33c514e84b095ed5ff489e4c319f36c657e400e1f675f1380f7e434,0.4332682291666667,0.1340045078888054,0.17456702888011932,0.16862745583057404,0.2235294133424759,0.23137255012989044,0.07563434600830078,0.6212833886556163,0.6109248414465258,0.1643593040071847,0.29384412833907003,0.3571157055167772,0.05062958225607872,0.13333332538604736,2.059543095125362,30.0,0.04916604057099925,0.736427349751222,0.9961653167126225,0.5095451205384498,1.2999549211119459,4.397054845980466,2.261878287002254,0.04111194590533433,0.0,0.0,0.0,0.0,8.0,0.0,0.0,0.0,0.0,0.0,0.0,0.0,0.0,0.0,0.0,3.4546055597295267,4.545394440270473,0.0,0.0,0.0,0.9204482226442452
20,11,0.00027607767692055613,0,0,0.9991495136999666,0.020140868134526202,Dataset\IR_trans_bmp\p1_Noload\p1021.bmp,p1_Noload,p1021.bmp,Healthy,0,0.0,0,320,240,RGB,68581c1876807a87affbca05210a0277525772ea4558fb9485fb44a059041183,0.41674479166666667,0.11769668187214898,0.18043138086795807,0.1764705926179886,0.22745098173618317,0.239215686917305,0.07519383748372396,0.6328525672991698,0.622930726711932,0.181002122108842,0.29391202371520997,0.36470665893218024,0.05278317257761955,0.13402360677719116,2.0549785215518503,38.0,0.038836468162219584,0.7395673357574634,0.9957919850068934,0.5162816066367953,0.33243766793726176,5.0897956633131285,2.5127788539648814,0.06498781478472786,0.0,0.0,0.0,0.0,8.0,0.0,0.0,0.0,0.0,0.0,0.0,0.0,0.0,0.0,0.0,2.8827094919702554,5.117290508029744,0.0,0.0,0.0,0.8565776878096804
24,11,0.9942439698926498,1,1,0.9964056905610211,0.12371131029333038,Dataset\IR_trans_bmp\p2_80\p2003.bmp,p2_80,p2003.bmp,SC80,80,0.13333333333333333,1,320,240,RGB,bfc00b0b9d34f3ca0047c0cfdb400832da7ac26ed4aa63190532f4c48ad6e762,0.4300130208333333,0.1403785011355034,0.1493901163339615,0.15294118225574493,0.1764705926179886,0.1882352977991104,0.06423969268798828,0.5429905716956197,0.6472431538461115,0.15339079375655465,0.2648833907883335,0.1315452338748263,0.04356702044606209,0.10768258571624756,1.7442577830357238,42.0,0.0424224072672218,0.7232694146353439,0.9962803260952818,0.4822989071116728,2.212142316426949,5.609810749432248,0.17804693414080242,0.0,0.0,0.0,0.0,0.0,8.0,0.0,0.0,0.0,0.0,0.0,0.0,0.0,0.0,0.0,0.007751703255109765,5.652929598788797,2.339318697956094,0.0,0.0,0.0,0.8130156653421223
26,11,0.9980936675479353,1,1,0.9994135039831338,0.13834551960527952,Dataset\IR_trans_bmp\p2_80\p2005.bmp,p2_80,p2005.bmp,SC80,80,0.13333333333333333,1,320,240,RGB,e6d083fa862e7e3c63732cb673bd9b9484f2904eb7fdd8b1f872ec9389f96e79,0.423046875,0.12259156663588797,0.14784277975559235,0.14509804546833038,0.1764705926179886,0.1882352977991104,0.06254442850748698,0.48500220750345413,0.6576513995687557,0.15836318248177803,0.2614027540432561,0.20846566894597965,0.043595846742391586,0.1065339669585228,1.6968427924772573,29.0,0.04056632810095414,0.722511589860117,0.9966495887905944,0.4804371852500766,2.3426285010772547,5.517020621729763,0.14035087719298245,0.0,0.0,0.0,0.0,0.0,8.0,0.0,0.0,0.0,0.0,0.0,0.0,0.0,0.0,0.0,0.007633117882425362,6.015635580178516,1.9767313019390582,0.0,0.0,0.0,0.9665953866621896
34,11,0.9995582443335111,1,1,0.9999070001407038,0.15106106064629143,Dataset\IR_trans_bmp\p2_80\p2013.bmp,p2_80,p2013.bmp,SC80,80,0.13333333333333333,1,320,240,RGB,d018f10471b8fd6ce49f014b41d0c1ab600b5afa56c4262a7256d3d865f4b9c5,0.42015625,0.12845543572579646,0.14212770760059357,0.14509804546833038,0.16862745583057404,0.18039216101169586,0.05971584320068359,0.5554251310355339,0.6525537307930159,0.16231015349994,0.25337002986670915,0.12867808231754144,0.04398825764656067,0.10980391502380371,1.6553058888899066,47.0,0.03725052683773398,0.7193549811507071,0.9969207763671875,0.4727181827320772,3.084913846535267,4.843436221643734,0.07164993182099913,0.0,0.0,0.0,0.0,0.0,8.0,0.0,0.0,0.0,0.0,0.0,0.0,0.0,0.0,0.0,0.02404859303334573,6.486674104375853,1.489277302590802,0.0,0.0,0.0,0.9242296450963341
41,11,0.9993659694791326,1,1,0.9999203741602891,0.12460392639531548,Dataset\IR_trans_bmp\p2_80\p2020.bmp,p2_80,p2020.bmp,SC80,80,0.13333333333333333,1,320,240,RGB,0f0e5f236400f3d9124c109861a61d08eaf2258bd6acb64adb142dec84797dcd,0.41682291666666665,0.13166937398475573,0.12954199314117432,0.12941177189350128,0.1568627506494522,0.16862745583057404,0.053996073404947914,0.6363820539408468,0.618296628182477,0.18053851909348115,0.2584362214004198,0.1455510462364622,0.04242883622646332,0.1059549666941166,1.65730248069883,24.0,0.060539797575909035,0.712191746887548,0.9965095071231618,0.45393063414330576,4.9801324503311255,3.0168686742471573,0.002998875421716856,0.0,0.0,0.0,0.0,0.0,8.0,0.0,0.0,0.0,0.0,0.0,0.0,0.0,0.0,0.0,0.10246157690865926,7.1928026989878795,0.7047357241034612,0.0,0.0,0.0,0.8270993347411539
42,11,0.9994865614863565,1,1,0.999424278436139,0.16009750358195185,Dataset\IR_trans_bmp\p2_80\p2021.bmp,p2_80,p2021.bmp,SC80,80,0.13333333333333333,1,320,240,RGB,2d5cca377344814d78d4ac3e488f4eb3f6f89a7a9136961b315cdc02e737b10a,0.4247135416666667,0.10816113802195107,0.13226020336151123,0.12941177189350128,0.16470588743686676,0.16862745583057404,0.05617270151774088,0.5524045442972432,0.6364575885314646,0.1461742444168063,0.2552053821636692,0.09961413435962106,0.04249180480837822,0.10595497488975525,1.6627644312227565,19.0,0.04843951192593047,0.7137716708902541,0.9966927921070772,0.4579808553059896,4.4439266662578945,3.5462627996811578,0.009810534060947942,0.0,0.0,0.0,0.0,0.0,8.0,0.0,0.0,0.0,0.0,0.0,0.0,0.0,0.0,0.0,0.08167269605739162,7.053038199767,0.8652891041756086,0.0,0.0,0.0,0.8674760979495242
58,11,0.9984853673931285,1,2,0.9993099264634737,0.2573165464272975,Dataset\IR_trans_bmp\p3_160\p3037.bmp,p3_160,p3037.bmp,SC160,160,0.26666666666666666,2,320,240,RGB,158d0ff2af40e0e35940f66edaa43ba7f5aed7c38f05fbc27da8713aa213fa88,0.41606770833333334,0.11673029980597108,0.19544051587581635,0.19607843458652496,0.22745098173618317,0.239215686917305,0.08131649017333985,0.4870399387113332,0.5724548646516089,0.0736048272893087,0.16304775547316624,0.12887260731381106,0.04369227960705757,0.10980391502380371,1.9075796788626802,33.0,0.060868748826438,0.7469515667281337,0.9939602122587317,0.5328083113128064,0.05583025599298992,4.26387932653189,3.5358327595919135,0.1444576578832071,0.0,0.0,0.0,0.0,8.0,0.0,0.0,0.0,0.0,0.0,0.0,0.0,0.0,0.0,0.0,0.7873818614257996,7.2126181385742,0.0,0.0,0.0,0.9323981161193916
59,11,0.9989050627873093,1,2,0.9995470213649928,0.26706609109610774,Dataset\IR_trans_bmp\p3_160\p3038.bmp,p3_160,p3038.bmp,SC160,160,0.26666666666666666,2,320,240,RGB,62de047a91f43129ea357928eeecf94a5ef8679d195e677a51019ecef87da7c7,0.4142578125,0.11133113311331133,0.19441308081150055,0.19607843458652496,0.22745098173618317,0.239215686917305,0.08053713480631511,0.4834850942041816,0.5740822294971769,0.0759007169973851,0.1641826835983057,0.14655077409989167,0.04476044327020645,0.11419779807329178,1.916347615839875,31.0,0.058085808580858087,0.7463980733349337,0.9939264035692402,0.531802308325674,0.06261197548326261,4.338582429671539,3.4552255225522552,0.1435800722929436,0.0,0.0,0.0,0.0,8.0,0.0,0.0,0.0,0.0,0.0,0.0,0.0,0.0,0.0,0.0,0.876064749332076,7.123935250667924,0.0,0.0,0.0,0.9499424868820403
63,11,0.9989528746216333,1,2,0.9995188745646221,0.2580066471512671,Dataset\IR_trans_bmp\p3_160\p3042.bmp,p3_160,p3042.bmp,SC160,160,0.26666666666666666,2,320,240,RGB,41864a82cff80b91797a464ffe1d92bc28fb82649d9b9d9249e645138be92e3d,0.40720052083333336,0.10072586576279859,0.2000730186700821,0.20392157137393951,0.23137255012989044,0.239215686917305,0.0814698346455892,0.5062183953335854,0.5697733407123365,0.070049893038352,0.15751148941129126,0.17139675463672868,0.03531162068247795,0.07998461276292801,1.8096354300244948,13.0,0.05301697950308573,0.7493309148863041,0.9939967136757046,0.5372772216796875,0.013046397851181531,3.847664119208263,3.968663063984907,0.17062641895564865,0.0,0.0,0.0,0.0,8.0,0.0,0.0,0.0,0.0,0.0,0.0,0.0,0.0,0.0,0.0,0.45380999584305953,7.546190004156941,0.0,0.0,0.0,0.8045078014161443
69,11,0.9996153793922284,1,2,0.9949656477012592,0.25574777228755524,Dataset\IR_trans_bmp\p3_160\p3048.bmp,p3_160,p3048.bmp,SC160,160,0.26666666666666666,2,320,240,RGB,cdc86a71307fca52ef4b6df77629062686b047750f363b565d63c9613e23bb99,0.4058072916666667,0.11233395366745813,0.20313678681850433,0.20392157137393951,0.239215686917305,0.24705882370471954,0.08243438720703125,0.5192751624651801,0.5682421421053089,0.07091207123741529,0.15236851982845676,0.21403482894871761,0.03570455312728882,0.08663027733564377,1.8831504854113685,20.0,0.05140216903035359,0.7509823591349511,0.9944663253484988,0.5396435307521447,0.002566899826734262,3.5936597574279663,4.139382660591671,0.26439068215362893,0.0,0.0,0.0,0.0,8.0,0.0,0.0,0.0,0.0,0.0,0.0,0.0,0.0,0.0,0.0,0.528267984341911,7.471732015658089,0.0,0.0,0.0,0.8455825100088512
70,11,0.9994160655695135,1,2,0.9994523217768768,0.2394932296899509,Dataset\IR_trans_bmp\p3_160\p3049.bmp,p3_160,p3049.bmp,SC160,160,0.26666666666666666,2,320,240,RGB,381dea1065136114302055c105e4de9ad48acfb818f40f95c0b15a95d4522ee2,0.4166015625,0.1517424597593374,0.20363490283489227,0.20392157137393951,0.23137255012989044,0.24705882370471954,0.0848346201578776,0.5060731772359789,0.5770880560171963,0.07732691550973697,0.1592229441561449,0.0969522594500865,0.03533204272389412,0.08318902552127838,1.8919847997883021,19.0,0.07207376152523833,0.7512121786618365,0.9945037841796875,0.5401297176585478,0.003500546960462572,3.3877793405219565,4.374683544303798,0.2340365682137834,0.0,0.0,0.0,0.0,8.0,0.0,0.0,0.0,0.0,0.0,0.0,0.0,0.0,0.0,0.0,0.5303328645100797,7.46966713548992,0.0,0.0,0.0,0.8022305870627935
73,11,0.9993104088014787,1,2,0.9991356499681523,0.2522829728941431,Dataset\IR_trans_bmp\p3_160\p3052.bmp,p3_160,p3052.bmp,SC160,160,0.26666666666666666,2,320,240,RGB,66f1df4a604fc14ef60afe8ee5592dfb0079093ee5c9279e2783193689f07909,0.405,0.13078703703703703,0.19612938165664673,0.19607843458652496,0.22745098173618317,0.239215686917305,0.0794323984781901,0.5180983225172641,0.5773609791842591,0.07944979784924741,0.15654321215425668,0.22887042590843676,0.03691732883453369,0.08663027733564377,1.9035138041726272,16.0,0.06481481481481481,0.7473509378273394,0.9940543380438113,0.5335588642195159,0.02109053497942387,4.350823045267489,3.469650205761317,0.15843621399176955,0.0,0.0,0.0,0.0,8.0,0.0,0.0,0.0,0.0,0.0,0.0,0.0,0.0,0.0,0.0,0.7662037037037037,7.233796296296297,0.0,0.0,0.0,0.907858248209083
86,11,0.9996052321793575,1,3,0.9996825074022213,0.4020023626733394,Dataset\IR_trans_bmp\p4_240\p4008.bmp,p4_240,p4008.bmp,SC240,240,0.4,3,320,240,RGB,2b226307a0f641380fe1e83834b843ef8402f01cde1eec759cd562de81902093,0.4111197916666667,0.12028884525242288,0.262778639793396,0.250980406999588,0.32549020648002625,0.3294117748737335,0.1080334981282552,0.5177429075578881,0.5721187436444883,0.07426926654725485,0.14542288963758848,0.24895846580094783,0.03971639648079872,0.09493111819028854,2.4278950665833072,12.0,0.05970101982643947,0.781171489694265,0.9955681894339767,0.5782041063495711,0.0,0.23614366250712612,3.8299866979160067,2.6208906061949704,1.3048710964717807,0.008107936910115918,0.0,0.0,8.0,0.0,0.0,0.0,0.0,0.0,0.0,0.0,0.0,0.0,0.0,0.0005067460568822449,7.999493253943117,0.0,0.0,0.0,0.9556422724884889
97,11,0.999225949349351,1,3,0.9982300162063775,0.4031490494302288,Dataset\IR_trans_bmp\p4_240\p4019.bmp,p4_240,p4019.bmp,SC240,240,0.4,3,320,240,RGB,e579886360a36330b98150b7755b0dc135cd96b309afb8cacaa5afa7c3e73c72,0.40553385416666665,0.13048643441965002,0.2632933557033539,0.250980406999588,0.32549020648002625,0.33725491166114807,0.1067743682861328,0.5167824281710762,0.5701019775294404,0.07208284920045471,0.14745312299923508,0.2407975141190249,0.04103832691907883,0.10044116526842117,2.4676704375185885,7.0,0.06424787285278535,0.7814341284043296,0.995403933057598,0.578222416896446,0.0,0.26328463637823085,3.7817948306309197,2.5699149141114144,1.368566383047038,0.016439235832396853,0.0,0.0,8.0,0.0,0.0,0.0,0.0,0.0,0.0,0.0,0.0,0.0,0.0,0.0012843152994060042,7.998715684700594,0.0,0.0,0.0,0.9564136258501231
99,11,0.9996515160744279,1,3,0.8753673689036585,0.40416655526527734,Dataset\IR_trans_bmp\p4_240\p4021.bmp,p4_240,p4021.bmp,SC240,240,0.4,3,320,240,RGB,51296f52e2bd56aa561a73b856c4ce915140bb66bd1f0e3903618c8f663cf949,0.4063671875,0.15178313947899644,0.26539063453674316,0.25882354378700256,0.32549020648002625,0.33725491166114807,0.1078460439046224,0.4876728774504441,0.5677469091653075,0.06885928878375226,0.1441902047107767,0.241854558761229,0.041893716901540756,0.10595500469207764,2.484886299307367,11.0,0.10298311384536511,0.7825804129659131,0.9954872280943627,0.5793108771829044,0.0,0.2053253869076228,3.744560863853376,2.5033804351308917,1.525713736422186,0.021019577685923933,0.0,0.0,8.0,0.0,0.0,0.0,0.0,0.0,0.0,0.0,0.0,0.0,0.0,0.0,8.0,0.0,0.0,0.0,0.8744752118701858
101,11,0.9993701212082202,1,3,0.9806712638645959,0.40054575404311654,Dataset\IR_trans_bmp\p4_240\p4023.bmp,p4_240,p4023.bmp,SC240,240,0.4,3,320,240,RGB,e57e11134c6c4c7f5f2492c5e8cbc97d6d105ce513f82062a0684b814ae46186,0.4122265625,0.11368015414258188,0.25971367955207825,0.24705882370471954,0.32549020648002625,0.3294117748737335,0.10706087748209635,0.5205820395126194,0.5625082991228462,0.06580963310739725,0.149279827331216,0.2499336739083388,0.0411967895925045,0.1022619903087616,2.4988844551755323,12.0,0.0546448087431694,0.7795846608763967,0.9952201693665748,0.5759950525620404,0.0,0.48794971414131844,3.7198900786506206,2.5436052939132634,1.2338987333775546,0.014656179917243122,0.0,0.0,8.0,0.0,0.0,0.0,0.0,0.0,0.0,0.0,0.0,0.0,0.0,0.0017688493003569284,7.998231150699643,0.0,0.0,0.0,0.9345157300427238
104,11,0.9985319857743706,1,3,0.995333474534517,0.39597906415798567,Dataset\IR_trans_bmp\p4_240\p4026.bmp,p4_240,p4026.bmp,SC240,240,0.4,3,320,240,RGB,b34b75b2d13782e5774b5a39834569c819a7a4421f9f4f18d9783f4490ffade6,0.413203125,0.12207726728430075,0.2603302001953125,0.250980406999588,0.32549020648002625,0.3294117748737335,0.10756924947102865,0.5007355290827044,0.5665187193853853,0.06652278580834647,0.1482704135411258,0.25963700157292946,0.04228930547833443,0.10595494508743286,2.4979681230013786,12.0,0.06050293061070146,0.7798920530180692,0.9952455408432904,0.5763220693550858,0.0,0.456797126110796,3.7300056721497445,2.5179302955820257,1.277872313606857,0.017394592550576668,0.0,0.0,8.0,0.0,0.0,0.0,0.0,0.0,0.0,0.0,0.0,0.0,0.0,0.0017646688094787924,7.998235331190521,0.0,0.0,0.0,0.9542207957860892
111,11,0.9998231885803434,1,4,0.9951102141788855,0.5391073914493398,Dataset\IR_trans_bmp\p5_320\p5033.bmp,p5_320,p5033.bmp,SC320,320,0.5333333333333333,4,320,240,RGB,8e8f59b3c4bef407e92f893e2acb1c067709f597768368354ca00321b9e07ace,0.394765625,0.11062735008905601,0.2945881187915802,0.27843138575553894,0.38823530077934265,0.4000000059604645,0.1162932586669922,0.552512136073379,0.5344644394084193,0.06281179840384826,0.1408604220907289,0.3289894228634608,0.053739696741104126,0.1276770368218422,2.822202585176475,10.0,0.05448908239329771,0.7990974980359636,0.996980495078891,0.5969530890969669,0.0,0.10845042548980803,3.1558809947885744,1.585064977900917,1.883765419882578,1.24308991358269,0.023748268355432416,0.0,8.0,0.0,0.0,0.0,0.0,0.0,0.0,0.0,0.0,0.0,0.0,0.000527739296787387,7.999472260703213,0.0,0.0,0.0,0.9512410327917562
117,11,0.9998025540082495,1,4,0.9967594060601257,0.5216756897827388,Dataset\IR_trans_bmp\p5_320\p5039.bmp,p5_320,p5039.bmp,SC320,320,0.5333333333333333,4,320,240,RGB,e699404db88d57af2a977c6375a2b8dab8672d9acdc91a5f235f00d6459b5b2c,0.40358072916666665,0.10114534602355219,0.2963258624076843,0.2823529541492462,0.3921568691730499,0.40392157435417175,0.1195914077758789,0.5387689187183644,0.5333508192318627,0.05114006454852719,0.14371842102054386,0.35728218070219825,0.052551500499248505,0.1257351040840149,2.8126455103940837,8.0,0.04584610421035651,0.8000755096947014,0.9969575171377144,0.5987755270565257,0.0,0.07149540248427165,3.124116793031134,1.6402645587998064,1.7930633973221488,1.3346668817551217,0.03639296660751734,0.0,8.0,0.0,0.0,0.0,0.0,0.0,0.0,0.0,0.0,0.0,0.0,0.0,8.0,0.0,0.0,0.0,0.9336395409700126
121,11,0.9998753653029759,1,4,0.9996458768572066,0.5301751900821933,Dataset\IR_trans_bmp\p5_320\p5043.bmp,p5_320,p5043.bmp,SC320,320,0.5333333333333333,4,320,240,RGB,5782a020a25bd1d4318e1429147c76df44299fc5e6e2ac80922765c69af8fb1f,0.4115234375,0.10349628223382376,0.2892405390739441,0.2705882489681244,0.38823530077934265,0.4000000059604645,0.11902926127115886,0.5398121540505421,0.5342356798632426,0.052507993542341036,0.14376464502042863,0.373728306362109,0.05393673852086067,0.13333338499069214,2.883861943018893,7.0,0.04698623635500712,0.7961776989132332,0.9965112424364277,0.5937396479587929,0.0,0.20148710647049517,3.2840373358645785,1.5655750672361968,1.7587090650213575,1.161841480778358,0.028349944629014398,0.0,8.0,0.0,0.0,0.0,0.0,0.0,0.0,0.0,0.0,0.0,0.0,0.0005062490112324,7.999493750988767,0.0,0.0,0.0,0.9271069765462989
122,11,0.9997825481989376,1,4,0.9938779873051374,0.5270388689825748,Dataset\IR_trans_bmp\p5_320\p5044.bmp,p5_320,p5044.bmp,SC320,320,0.5333333333333333,4,320,240,RGB,ea91064017a653365c6316adedfd735e43d0911f9f7d1122b825ae1e561a1ad6,0.40747395833333333,0.1190643573848022,0.2885988652706146,0.2705882489681244,0.3843137323856354,0.4000000059604645,0.11759652455647786,0.5291013185364051,0.5370997460357566,0.04715164786595429,0.14179739491459664,0.37010556789682164,0.054125066846609116,0.13413826674222945,2.891562827836976,10.0,0.05480283760465265,0.7957704000632856,0.9965157901539522,0.593065029967065,0.0,0.19888796574423212,3.284207835367802,1.5908480858950598,1.7902473317568863,1.1102447753562983,0.025564005879721352,0.0,8.0,0.0,0.0,0.0,0.0,0.0,0.0,0.0,0.0,0.0,0.0,0.0012782002939860676,7.998721799706014,0.0,0.0,0.0,0.886905521864235
129,11,0.9998954503646355,1,4,0.9835407735707555,0.5536221239394656,Dataset\IR_trans_bmp\p5_320\p5051.bmp,p5_320,p5051.bmp,SC320,320,0.5333333333333333,4,320,240,RGB,70b34f187be3fafbe63772bd3d47f5f324d9d2cb35a95dc6087a25f1a2bc6e28,0.4229427083333333,0.11255464564989841,0.28852301836013794,0.2705882489681244,0.3843137323856354,0.4000000059604645,0.12202870686848959,0.49019473755110454,0.5394067733852201,0.0406083360940314,0.14465349709174627,0.3779633455597039,0.05305243656039238,0.12863700091838837,2.890416257036403,8.0,0.05104365494735546,0.7957386890603177,0.9965299718520221,0.5929463106043199,0.0,0.2118096176343821,3.2958561664922112,1.5838926174496644,1.8395419001293023,1.038605997167662,0.030293701126777907,0.0,8.0,0.0,0.0,0.0,0.0,0.0,0.0,0.0,0.0,0.0,0.0,0.00098516101225294,7.999014838987747,0.0,0.0,0.0,0.8884335999145109
130,11,0.9998822799446891,1,4,0.9768307324401418,0.5427969054075383,Dataset\IR_trans_bmp\p5_320\p5052.bmp,p5_320,p5052.bmp,SC320,320,0.5333333333333333,4,320,240,RGB,0a6975e10f6130539aa0dd677cc1dc6c2140f0ff70ae06b0582f0a1f6c80019f,0.42313802083333335,0.11207188355848233,0.28830522298812866,0.2705882489681244,0.3843137323856354,0.4000000059604645,0.12199289957682291,0.49233965663646095,0.5409526960548032,0.04166298326577698,0.14517883516373417,0.38394046354344813,0.05324963480234146,0.13088883459568024,2.8902183924872173,9.0,0.05003538788195833,0.7956070713490747,0.9964841356464461,0.5928683411841299,0.0,0.20506508293073206,3.3145213404314244,1.5905468197064345,1.8310613287380373,1.0248330615133705,0.03397236668000123,0.0,8.0,0.0,0.0,0.0,0.0,0.0,0.0,0.0,0.0,0.0,0.0,0.0014770594208696186,7.9985229405791305,0.0,0.0,0.0,0.8932976261360526
131,11,0.9981419892548157,1,5,0.9964965838387587,0.6611506373509617,Dataset\IR_trans_bmp\p6_400\p6001.bmp,p6_400,p6001.bmp,SC400,400,0.6666666666666666,5,320,240,RGB,9bde9fe83e60a1ddf8e13ab85356e194a0b429863769c992511fdf8bdef83948,0.41278645833333333,0.12097028578638572,0.33901095390319824,0.32549020648002625,0.4588235318660736,0.46666666865348816,0.13993913014729817,0.5303867907979937,0.5562796484468642,0.06395901722434182,0.14731427630354488,0.13696048792020543,0.07150235772132874,0.18468886613845825,3.1271824986734402,7.0,0.07687212163270456,0.8246431830209061,0.975112974877451,0.6562343223422181,0.0,0.09715475364330327,2.212604882972683,1.5166235568733835,0.9112358841713457,1.304397198914895,1.9196265219859945,0.03835720143839506,7.747397640527412,0.23443315879124346,0.018169200681345025,0.0,0.0,0.0,0.0,0.0,0.003532900132483755,0.04920825184530944,0.19986120749479527,0.5208504195318907,7.226547220995521,0.0,0.0,0.0,0.840541766473179
141,11,0.9997207559041722,1,5,0.9977313313135626,0.6587657298545568,Dataset\IR_trans_bmp\p6_400\p6011.bmp,p6_400,p6011.bmp,SC400,400,0.6666666666666666,5,320,240,RGB,f5da8b555012c3a38a31e6458dc316993d033c94198b78c1fdcbfac15cf7f7e4,0.4203385416666667,0.11049501270057617,0.3244233727455139,0.30588236451148987,0.45490196347236633,0.4627451002597809,0.13636764526367187,0.517123723422696,0.5495575721841509,0.05243257446134335,0.14683812315682498,0.17880965089499595,0.0755777508020401,0.19857241213321686,3.2392955844804208,7.0,0.04875782169630134,0.816771778980447,0.9784033083448223,0.642811674230239,0.0039650579270181525,0.29044049315407966,2.6699708816058485,1.2175205997150114,0.822501703735828,1.3062387708320427,1.6621027197819218,0.0272597732482498,7.832476302583483,0.15959358156248063,0.007930115854036305,0.0,0.0,0.0,0.0,0.0,0.0004956322408772691,0.03593333746360201,0.13109472771203767,0.4235177498296264,7.408958552753857,0.0,0.0,0.0,0.9807370336588799
142,11,0.9999203562913225,1,5,0.995514944547667,0.6810192157012644,Dataset\IR_trans_bmp\p6_400\p6012.bmp,p6_400,p6012.bmp,SC400,400,0.6666666666666666,5,320,240,RGB,10f2661e6b6c1a86627e2d199e6629c3248e363109523999e38a68e2b23aa288,0.419453125,0.11358415595703732,0.32408273220062256,0.30980393290519714,0.45490196347236633,0.4627451002597809,0.13593751271565754,0.49807729180124805,0.5491771839605893,0.049214756213062705,0.14593117730134816,0.1725123110076059,0.07596681267023087,0.20187509059906006,3.2432535951961334,7.0,0.0724529707580555,0.8169146489830656,0.9781060910692402,0.6427115646063113,0.003725088470851183,0.32383435773266284,2.655491401254113,1.1925249891351586,0.8254796051406221,1.294592413236481,1.679021543428323,0.02533060160178804,7.8355994288197675,0.1559570373129695,0.008443533867262681,0.0,0.0,0.0,0.0,0.0,0.0,0.0340224747004408,0.1303780964797914,0.43856708263487926,7.397032346184888,0.0,0.0,0.0,0.9945092065972202
148,11,0.9996846778654886,1,5,0.9992885727972933,0.6664669601670759,Dataset\IR_trans_bmp\p6_400\p6018.bmp,p6_400,p6018.bmp,SC400,400,0.6666666666666666,5,320,240,RGB,549022d1d03b60e40e977fc2fcfad147d749f64f90e6ceb033a618ff0ec12cb0,0.4068359375,0.11317010721715474,0.32503044605255127,0.30980393290519714,0.45490196347236633,0.4627451002597809,0.13223406473795574,0.514136108674574,0.5497057143547042,0.0516767608115177,0.14475024083626387,0.12936165162203303,0.07592014223337173,0.20407232642173767,3.255442042375863,7.0,0.07345175228036485,0.8180482320945356,0.9782213398054534,0.643371342677696,0.0033285325652104335,0.33234117458793405,2.6282605216834694,1.1278604576732276,0.8497999679948792,1.3270603296527443,1.7116338614178268,0.019715154424707955,7.8502160345655305,0.14389502320371259,0.005888942230756921,0.0,0.0,0.0,0.0,0.0,0.0,0.029700752120339253,0.12008321331413026,0.44141462634021444,7.408801408225316,0.0,0.0,0.0,0.9783729894727977
153,11,0.9998980770858084,1,5,0.9816263897496927,0.6498632255690128,Dataset\IR_trans_bmp\p6_400\p6023.bmp,p6_400,p6023.bmp,SC400,400,0.6666666666666666,5,320,240,RGB,aed879b11ce5f171bcbf922188db5a7ea27ff55d4384d28f34dbcee81df5ad73,0.39697916666666666,0.12037522959853057,0.3214628994464874,0.30588236451148987,0.45098039507865906,0.4627451002597809,0.12761407216389975,0.5380973442434581,0.5577593033183933,0.06919208595085648,0.1438416882457121,0.13166742490913633,0.07844456285238266,0.20788013190031052,3.2806798600399993,7.0,0.07297953293098924,0.8149351833918907,0.9796827727673101,0.6389655019722733,0.009971136184728419,0.45368669640514303,2.555497244817633,1.0923642088690633,0.8958278667016532,1.3749672002099187,1.5922330097087378,0.02545263710312254,7.854106533718184,0.13670952505903963,0.009183941222776174,0.0,0.0,0.0,0.0,0.0,0.0,0.034374180005247966,0.11151928627656783,0.3783783783783784,7.475728155339806,0.0,0.0,0.0,0.8473067161868617
157,11,0.999582102904022,1,6,0.9965456079187357,0.7835975223448727,Dataset\IR_trans_bmp\p7_480\p7027.bmp,p7_480,p7027.bmp,SC480,480,0.8,6,320,240,RGB,97ce3999724b92a7d0c3dc45ab1812590b361f9cbd4b0829726a886fb89b0574,0.41765625,0.0019329093403167477,0.40617626905441284,0.40784314274787903,0.5176470875740051,0.545098066329956,0.16964205423990886,0.6620564306307594,0.5412187526238059,0.1672162440573422,0.10409133753246476,0.24935781514547317,0.0774988904595375,0.2052745297551155,3.32129582060745,2.0,0.00134056615538097,0.7378455646877182,0.9395758535347732,0.7232515222886029,0.0,0.0,0.05137797730390323,1.5134056615538096,1.9553560294301036,1.0527497194163862,2.2474123955605436,1.1796982167352539,5.914453173712433,1.2869435091657313,0.6729018580870433,0.11372989150766928,0.011971567527123082,0.0,0.0,0.0,0.5100386581868064,0.8330215737623144,0.7424865943384462,0.5364758698092031,5.37797730390323,0.0,0.0,0.0,0.9651372777261358
158,11,0.9998061202793603,1,6,0.9884872876111754,0.795510695922167,Dataset\IR_trans_bmp\p7_480\p7028.bmp,p7_480,p7028.bmp,SC480,480,0.8,6,320,240,RGB,473d8e679d443b8fdfb72b2c2d4d542bac903b51586fa28d5d107ea7287637bb,0.424765625,0.002820182698792226,0.4089224338531494,0.40784314274787903,0.5254902243614197,0.5490196347236633,0.17369618733723957,0.6452352001047116,0.5245339566029746,0.14729283205931054,0.11145724811961255,0.2878775844228746,0.08062512427568436,0.2153651863336563,3.349617451025006,2.0,0.0016553246275519589,0.7291259765625,0.940171843884038,0.7249265184589461,0.0,0.0,0.037275458279688554,1.424314879529152,2.0084605480963766,1.095457053522163,2.1676169456195207,1.2668751149530992,5.86303721414996,1.2629513825026055,0.7209858377781865,0.13585923609833855,0.0171663294709092,0.0,0.0,0.0,0.5762982036662375,0.8710686040095641,0.6895959781742382,0.5081233523389124,5.354913861811048,0.0,0.0,0.0,0.9041289779137069
165,11,0.9998266571752872,1,6,0.9974891305658826,0.8132066947541426,Dataset\IR_trans_bmp\p7_480\p7035.bmp,p7_480,p7035.bmp,SC480,480,0.8,6,320,240,RGB,09b002faf6a8e7be46079c138a853ad4c9af8cf054db9dfcc60583f6ae5a6775,0.4147005208333333,0.002449056485289962,0.4060906171798706,0.40392157435417175,0.5215686559677124,0.545098066329956,0.16840599060058595,0.659108400104528,0.5346599300890325,0.16283977934644586,0.10806852587561296,0.26750249909883744,0.08191344141960144,0.21939756572246552,3.343676212622906,2.0,0.0015699080033910013,0.734594675415721,0.9401889576631434,0.7228935092103248,0.0,0.0,0.05902854092750165,1.5347420641150429,1.923074507833841,1.0959213790071902,2.181292976231593,1.2059405318848315,5.90436120443342,1.273760557631323,0.6824704072341361,0.12333197274639707,0.016075857954723854,0.0,0.0,0.0,0.5274890891393764,0.8462432101478853,0.721906496279318,0.523721309931238,5.380639894502182,0.0,0.0,0.0,0.9852801143181201
168,11,0.9996361866737756,1,6,0.9976451229019735,0.7969043021568354,Dataset\IR_trans_bmp\p7_480\p7038.bmp,p7_480,p7038.bmp,SC480,480,0.8,6,320,240,RGB,a70775cf3899f31a0f50616c4540c8f33d6a9f888f6a3aadab62d7d81027ef13,0.41848958333333336,0.002924704418170504,0.4092947840690613,0.40784314274787903,0.5254902243614197,0.5490196347236633,0.17128560384114583,0.6728411407891174,0.5336630385042606,0.1760887847383326,0.1081732298961512,0.3031431091695645,0.08164032548666,0.21974784135818481,3.3569710793017724,2.0,0.001866832607342875,0.7267994800759427,0.9405975341796875,0.7251104616651348,0.0,0.0,0.038581207218419414,1.3988799004355943,2.0288736776602363,1.1081518357187305,2.1376477909147478,1.2878655880522714,5.852893590541381,1.2438083385189795,0.7362787803360299,0.14835096453018046,0.018668326073428748,0.0,0.0,0.0,0.5916614810205352,0.8744243932794026,0.6810205351586808,0.49931549471064096,5.35357809583074,0.0,0.0,0.0,0.9341211855574137
175,11,0.9998870007381879,1,6,0.9862922926843886,0.8251260584750645,Dataset\IR_trans_bmp\p7_480\p7045.bmp,p7_480,p7045.bmp,SC480,480,0.8,6,320,240,RGB,b806a325a7abfce5dbc9aca1e64f2c330a0d747c447ae96e25e65759f26a6539,0.4126692708333333,0.0036285615120058056,0.4151742458343506,0.4156862795352936,0.529411792755127,0.5568627715110779,0.17132965087890625,0.6885626020596117,0.546160034912512,0.19413037814472986,0.1009234055150405,0.3213433331128733,0.0808379054069519,0.21572190523147583,3.348905535069267,3.0,0.002398005868803837,0.7137784904607848,0.9394648533241422,0.7304533715341606,0.0,0.0,0.019184046950430696,1.1023254346385638,2.1965733758243147,1.1202473732369924,2.1322058498722116,1.4294639194774872,5.748903543369198,1.2434291483923894,0.8077493452812924,0.1769475909506831,0.022970372006436753,0.0,0.0,0.0,0.6724513299466759,0.9016502066702426,0.6769949200138832,0.510649039220017,5.2382545041491815,0.0,0.0,0.0,0.8355803358369256
184,11,0.9999365990096755,1,7,0.9987580888540226,0.9335435185897228,Dataset\IR_trans_bmp\p8_560\p8054.bmp,p8_560,p8054.bmp,SC560,560,0.9333333333333333,7,320,240,RGB,9eadb20506408f3549ea91e82b3b6eee938a4553c32c33d39502ac81cdce763c,0.41768229166666665,0.11652846187418169,0.4784262478351593,0.45098039507865906,0.6627451181411743,0.7098039388656616,0.19983016967773437,0.5027405165863861,0.5475136682140501,0.04759263701787383,0.14477905100615882,0.7417922680370446,0.10831456631422043,0.26902073323726655,3.8384810437316705,8.0,0.042833094332564374,0.5944170392425366,0.9578423593558517,0.7839703129787071,0.0,0.0,0.003242097387617682,0.24465365671176506,1.7966207369536755,1.6060851674044516,1.5961094831348588,2.7532888584076316,4.654155495978553,0.7526653781407818,0.7693746492923499,0.9751231373527028,0.5531516927489245,0.21347964336928738,0.07506702412868632,0.006982978988715007,2.4225949248706278,0.4187293472161606,0.5045202319346592,0.464368102749548,4.189787393229004,0.0,0.0,0.0,0.8486163095945022
201,11,0.9999938636301056,1,7,0.9947622833912906,0.913995064336564,Dataset\IR_trans_bmp\p8_560\p8071.bmp,p8_560,p8071.bmp,SC560,560,0.9333333333333333,7,320,240,RGB,70b02bdb8c021dbd43fb29679e44f4a4c4ef0a6979176a1d31839461b9f3c2d2,0.4183072916666667,0.13207370976778932,0.48222610354423523,0.45490196347236633,0.6705882549285889,0.7176470756530762,0.20171869913736978,0.5137841314109266,0.5445554477987894,0.04663893445721439,0.14190762748156102,0.7412599928442171,0.09862567484378815,0.24078558385372162,3.848212086860564,5.0,0.07809873622610969,0.5916810701679251,0.9578476849724264,0.7870840633616728,0.0,0.0,0.0004980389715495238,0.22660773205503332,1.6547344829732926,1.7563344331693955,1.5683247214094502,2.793500591421279,4.565523252194485,0.8192741081989666,0.7134408267446928,0.9520014941169147,0.6282761626097242,0.23084106331320425,0.08342152773454523,0.0072215650874680945,2.444873311336612,0.43005665193301373,0.5595467845358899,0.4173566581585009,4.148166594035984,0.0,0.0,0.0,0.8426103648964659
202,11,0.9999577493042665,1,7,0.9649971378842348,0.9081824994602045,Dataset\IR_trans_bmp\p8_560\p8072.bmp,p8_560,p8072.bmp,SC560,560,0.9333333333333333,7,320,240,RGB,2392b5714990016f3c893d2895004bccfd15e4b4880386fdbf89e0009986a0d7,0.41821614583333333,0.12649833431925028,0.4781646132469177,0.45098039507865906,0.6666666865348816,0.7176470756530762,0.19997615814208985,0.5283183140433512,0.5469896352409248,0.05486303610203342,0.14218083147245603,0.7217178972227684,0.10067810863256454,0.24857918918132782,3.854489746463955,5.0,0.07500233506647155,0.5938381003267938,0.9584995643765318,0.7829770555683211,0.0,0.0,0.0007472212708988449,0.2894237055948193,1.888228151561381,1.5151156636258911,1.5524767271708335,2.754008530776176,4.6320246583019395,0.7860767769855849,0.7121018711665992,0.952458046639061,0.6092344095395249,0.22640804508235002,0.07522027460381706,0.006475917681123323,2.416015442572932,0.40773374015380304,0.5442261589713254,0.4398642548024534,4.192160403499487,0.0,0.0,0.0,0.8654934057331888
203,11,0.9999220993066947,1,7,0.9490109537863451,0.9209810625459243,Dataset\IR_trans_bmp\p8_560\p8073.bmp,p8_560,p8073.bmp,SC560,560,0.9333333333333333,7,320,240,RGB,c1ad582701d3d4dc398cb11ceb8308dc5fbcc3286ecfb6cf50b7de65ccb231fe,0.41768229166666665,0.13647983041336742,0.48163387179374695,0.45490196347236633,0.6705882549285889,0.7176470756530762,0.20116994222005208,0.5420984731383921,0.5475017820061724,0.06347204687376833,0.1408935840688565,0.7281651915384583,0.09828972816467285,0.24458768367767333,3.8547672934529555,5.0,0.08164474094394912,0.5914668077863129,0.9585062662760416,0.7861759559780943,0.0,0.0,0.0,0.24365608828480578,1.7569673919820437,1.6360122202132303,1.573165409314795,2.790198890205125,4.597294095641873,0.7823430388428206,0.7057796620736954,0.928736205499096,0.6623854355009664,0.23891763825674917,0.07756094519608454,0.006982978988715007,2.44778352765135,0.4117463682274456,0.5431760084793317,0.4479082237047197,4.149385871937153,0.0,0.0,0.0,0.8718896308678818
207,11,0.9999671437124014,1,7,0.9611227274677335,0.9517397078337216,Dataset\IR_trans_bmp\p8_560\p8077.bmp,p8_560,p8077.bmp,SC560,560,0.9333333333333333,7,320,240,RGB,049abde95138fa93f7332ba8248ccfe013b302a9c16ef15820ac56d628ee5e09,0.429296875,0.14200788595693054,0.48958316445350647,0.4588235318660736,0.6745098233222961,0.7254902124404907,0.21017651875813803,0.4777022396746829,0.5568313530809437,0.061049101619402815,0.14584261226817521,0.7377272289881884,0.1073356494307518,0.2645823687314987,3.8418185844251522,6.0,0.09099181073703366,0.5797195008347155,0.9565315994561887,0.7947255452473958,0.0,0.0,0.0016985138004246285,0.1543221110100091,1.518471337579618,1.7657264179557173,1.6259629966636335,2.9338186229905974,4.422929936305732,0.8456172277828329,0.7369123445556567,0.9710646041856233,0.6750379132544737,0.2421595389748256,0.09463148316651501,0.01164695177434031,2.5584470730967546,0.4493782226266303,0.5692447679708826,0.4066727327873825,4.01625720351835,0.0,0.0,0.0,0.9322979788537713
214,11,0.9999192449579697,1,7,0.9993105972922147,0.9294212001589313,Dataset\IR_trans_bmp\p8_560\p8084.bmp,p8_560,p8084.bmp,SC560,560,0.9333333333333333,7,320,240,RGB,ad37f6f6fba2c8d66ba76668af39904c999c85a5deeff7ab82d1efa40e271e1c,0.4276302083333333,0.13957737044028987,0.48906591534614563,0.4627451002597809,0.6745098233222961,0.7254902124404907,0.20913935343424478,0.48897994356355434,0.5477159338206484,0.048971950994818936,0.14792303627953107,0.7392457377664066,0.11116296052932739,0.2797317445278175,3.865283059835442,8.0,0.0828512270872663,0.579987509956573,0.9559836593328738,0.7943567014208027,0.0,0.0,0.0021923147189574325,0.18439802691675294,1.634005237196273,1.5728640155897935,1.6771207600024358,2.9294196455757873,4.4180013397478834,0.8459898909932404,0.7400280129102977,0.9777723646550149,0.6460020705194568,0.2491931063881615,0.11180805066682906,0.011205164119115766,2.5633030875098957,0.43432190487790023,0.5838864868156629,0.46647585408927594,3.9520126667072653,0.0,0.0,0.0,0.9405097927058006
215,11,0.9999783628991367,1,8,0.9901733614324617,0.9967972762130679,Dataset\IR_trans_bmp\p9_600\p9085.bmp,p9_600,p9085.bmp,SC600,600,1.0,8,320,240,RGB,db54701db50de00a05e4b28984634a2e871ed8863bb8a49f6582f70da88d2cfb,0.41825520833333335,0.23308013199676234,0.5243147611618042,0.47058823704719543,0.7529411911964417,0.8117647171020508,0.21929738362630208,0.5086069779665062,0.5410385774602449,0.041931431047323456,0.13810689327381825,0.8168211473894205,0.11782078444957733,0.28246182203292847,4.00037790895321,5.0,0.23183487952182305,0.5419507586090259,0.9489996816597733,0.823263609643076,0.0,0.005479110889732893,0.0029886059398543056,0.0906543801755806,0.7486457879335036,2.1258950252163626,1.6382541560301351,3.388082933814831,4.083431915820933,0.7857543116866945,0.7242388394246934,0.606687005790424,0.8355644106842662,0.5645974721374759,0.2978643920054791,0.10186165245003424,2.759977585455451,0.661478114687753,0.4609924662225266,0.44330988107838865,3.663283730776415,0.007222464354647905,0.003735757424817882,0.0,0.874078545172285
226,11,0.9999472506604697,1,8,0.9743459718381529,1.0,Dataset\IR_trans_bmp\p9_600\p9096.bmp,p9_600,p9096.bmp,SC600,600,1.0,8,320,240,RGB,ace8f20f36ba2d99f89d0fc7b0e6e23c86b0730b60c1a4a94b750f8fcc6ee748,0.4206640625,0.23029064908533756,0.523551344871521,0.47058823704719543,0.7529411911964417,0.8156862854957581,0.2202392323811849,0.4994198194668103,0.548900734115285,0.0489041757569319,0.13810520792431924,0.8258929311606363,0.12781260907649994,0.30809656381607076,4.022728736049893,5.0,0.22852632556411923,0.5402172664024311,0.9482613357843137,0.8220394358915442,0.0,0.0032191166001176216,0.003961989661683226,0.10796421828086793,0.7767975980437676,2.1030736372922276,1.6070820565202588,3.397901383601077,4.079115981056737,0.7916550592750797,0.7168725044108089,0.627480112669081,0.8330083263688984,0.5420497105890364,0.29170148884142755,0.1181168167889312,2.7478874547311727,0.6435756956696691,0.48460086049462964,0.4363141114928653,3.6700405484879437,0.005695360138669638,0.01188596898504968,0.0,0.9899821173966551
234,11,0.9998091018489647,1,8,0.9996286232312247,1.0,Dataset\IR_trans_bmp\p9_600\p9104.bmp,p9_600,p9104.bmp,SC600,600,1.0,8,320,240,RGB,a02440c2f7ffd324b35770b974c0bc056a17a5858313f8b072a06f1526661441,0.42041666666666666,0.23513379583746283,0.5266634821891785,0.4745098054409027,0.7607843279838562,0.8235294222831726,0.22141810099283854,0.5286407112174406,0.5434728553189601,0.05205938425129577,0.13903061631326602,0.8586672611937809,0.12903182208538055,0.3141174018383026,4.0352099693131205,5.0,0.23324454905847375,0.5457457643647433,0.9445717605890013,0.8243243647556678,0.0,0.001734390485629336,0.002973240832507433,0.09762140733399405,0.7822101090188305,2.020564915758176,1.730426164519326,3.364469772051536,4.038404360753221,0.8337462834489594,0.6974727452923687,0.6124876114965312,0.8037661050545094,0.5530227948463825,0.3002973240832507,0.160802775024777,2.7093657086223986,0.653617443012884,0.5270069375619425,0.4581268582755203,3.626858275520317,0.009167492566897919,0.009167492566897919,0.006689791873141724,0.9547868218330186
236,11,0.9999121310000317,1,8,0.9994055140362438,1.0,Dataset\IR_trans_bmp\p9_600\p9106.bmp,p9_600,p9106.bmp,SC600,600,1.0,8,320,240,RGB,b045a1d43770a31ced4d0117655efec58e91c8856429f2c41ddce5b3c328c6c4,0.42028645833333333,0.2344631018030857,0.5269039273262024,0.4745098054409027,0.7607843279838562,0.8235294222831726,0.22145057678222657,0.5255929462252553,0.5423401313942091,0.04947409042082232,0.13914874406615918,0.8667577310042869,0.1313687264919281,0.31747750341892245,4.038902896116171,5.0,0.2326042505731458,0.5458575626991314,0.9438149246515012,0.8245899275237438,0.0,0.0027263151372451827,0.004709089782514406,0.09690811078753331,0.7608897701220646,2.0328397050622713,1.7374062829171573,3.364520726191214,4.0399033397360435,0.8389615217795402,0.6966974409814735,0.6087118160976517,0.794101245430324,0.5564161348286759,0.29369849433050377,0.17151000681578785,2.7027696883326104,0.6429146787285458,0.5395625503438874,0.4696697440981473,3.61360679100316,0.011648801040956688,0.014375116178201872,0.005452630274490365,0.9525884156037341
242,11,0.9999094541124232,1,8,0.9995841653384127,0.9933365423411655,Dataset\IR_trans_bmp\p9_600\p9112.bmp,p9_600,p9112.bmp,SC600,600,1.0,8,320,240,RGB,ceefe378a10890fee7c4b1a0e95b80ee3b2b16c900aaa01a7e83131611c0bb1e,0.41891927083333336,0.2354147887980605,0.5275350213050842,0.4745098054409027,0.7607843279838562,0.8274509906768799,0.22099459330240886,0.527568671696191,0.5410320961019459,0.049433435745572955,0.138793852551924,0.8821725167958302,0.1271660178899765,0.31491926312446566,4.030153333503542,5.0,0.23373636278867374,0.5496237557693566,0.9432712928921568,0.8250986136642157,0.0,0.0034811798713206728,0.0014919342305660026,0.08827277530848848,0.7529294750256427,2.033755011966556,1.7848506511671278,3.3352189724302987,4.0443850433593385,0.8551269698194138,0.6825599104839462,0.5970223479314953,0.7820221925216797,0.5592266807571566,0.3073384514965965,0.1723184036303733,2.6907033848257855,0.6370559164516831,0.5517670096043266,0.4719485282690455,3.617940509122556,0.011686818139433687,0.011686818139433687,0.007211015447735679,0.9548849534350945
244,11,0.9998453286899253,1,8,0.9996559604649098,0.9995778906088907,Dataset\IR_trans_bmp\p9_600\p9114.bmp,p9_600,p9114.bmp,SC600,600,1.0,8,320,240,RGB,9b7e955775bc9ca84aa2a451b3e46c1b076d26e4b9bac0cd2f794713db587ec4,0.42009114583333335,0.2350060440752565,0.5264389514923096,0.47058823704719543,0.7607843279838562,0.8274509906768799,0.22115234375,0.5314527149393408,0.5407669073092145,0.05148994084880577,0.13891290164366762,0.8598863155737156,0.13102304935455322,0.3141174018383026,4.048792376809469,5.0,0.23320831912717355,0.5454547391923447,0.9442453421798407,0.8235894296683517,0.0,0.0037194309270681585,0.00570312742150451,0.09868890059820848,0.7984378390106314,2.004029383504324,1.7253200260360164,3.364101292502247,4.0650900412236926,0.8150512971515358,0.7054520658339274,0.5941171000836872,0.7981898769488268,0.5465083842172148,0.30871276694665717,0.16687846759445804,2.704770170163965,0.6506524501751232,0.508322226699315,0.454514459287729,3.651737284195518,0.009918482472181757,0.014381799584663546,0.00570312742150451,0.9440450905440245
248,11,0.9997462582636104,1,8,0.9960931913101184,1.0,Dataset\IR_trans_bmp\p9_600\p9118.bmp,p9_600,p9118.bmp,SC600,600,1.0,8,320,240,RGB,47e5001d2dde1ed4657b8f4711fbe596186f19435e40980872ee340b9f2ad881,0.4180598958333333,0.24502444949699442,0.5343124866485596,0.47843137383461,0.772549033164978,0.8352941274642944,0.2233746337890625,0.5586127836594695,0.544737418797123,0.07373530395231957,0.13920042766696672,0.8623281058512279,0.12988321483135223,0.31764224767684945,4.032849260170529,7.0,0.24287538542996853,0.5296660694996072,0.9416994581035539,0.8312053605621936,0.0,0.0027408353318590963,0.0019933347868066153,0.06652754850967078,0.6722521568505311,1.990843118323107,1.7351979319151587,3.530445074282867,3.947550378422151,0.7781480673996325,0.791852244058928,0.5793129224156726,0.7564705515931105,0.6171862833649983,0.3343819104868097,0.19509764225869747,2.7891737004391564,0.6921855047185972,0.4781511819852369,0.46295200423583643,3.5366742454916373,0.02043168156476781,0.01121250817578721,0.009219173388980597,0.8039302014249766
249,11,0.9999722374673521,1,8,0.999512233598706,1.0,Dataset\IR_trans_bmp\p9_600\p9119.bmp,p9_600,p9119.bmp,SC600,600,1.0,8,320,240,RGB,00abec21db4f96869e87900d69af98af54a7e5278c5c4982247e39ce8e3c6813,0.42022135416666667,0.24549933380844668,0.5348564982414246,0.47843137383461,0.7764706015586853,0.843137264251709,0.22475812276204427,0.5192173494945279,0.5398808730129082,0.04426952172620056,0.13981292034338733,0.8696035003346732,0.13213853538036346,0.316166889667511,4.034375767120142,9.0,0.24323738109255416,0.5309950759290983,0.9404775582107843,0.8319005031211704,0.0,0.002478852291389087,0.003966163666222539,0.0713909459920057,0.6499550708022186,1.9783720137576302,1.7716357326557803,3.5222012208347535,3.947076503578843,0.7870356025160351,0.7882750286617296,0.5750937316022682,0.7456387692498373,0.6164905648684659,0.33836333777461036,0.20202646174821057,2.7760666811266383,0.692095559755833,0.48734236048709445,0.5027112446937068,3.4974126979208626,0.019582933101973787,0.01512099897747343,0.00966752393641744,0.8730001278583566
5,12,0.0007270651217849929,0,0,0.9989110534725419,0.0032675130319809176,Dataset\IR_trans_bmp\p1_Noload\p1006.bmp,p1_Noload,p1006.bmp,Healthy,0,0.0,0,320,240,RGB,224f60c41563f15087fee7177fdbd601265c5ba4de26dda5e3e220c15bc537cf,0.4397916666666667,0.12026290857413548,0.17694790661334991,0.16862745583057404,0.22745098173618317,0.239215686917305,0.07782021204630533,0.5943389862736871,0.6136241850371905,0.14768310586019184,0.29239006834348175,0.37548626630988363,0.05284281447529793,0.14117646217346191,2.0461188789821287,32.0,0.04686759829464709,0.7377613429916637,0.9962142645143995,0.5121681961358763,0.8827569872098532,4.6686404547607765,2.400521080056845,0.04808147797252487,0.0,0.0,0.0,0.0,8.0,0.0,0.0,0.0,0.0,0.0,0.0,0.0,0.0,0.0,0.0,3.4471814306016104,4.552818569398389,0.0,0.0,0.0,0.9227838779644217
10,12,0.0010437783320323415,0,0,0.9990081467806319,0.02495690557365504,Dataset\IR_trans_bmp\p1_Noload\p1011.bmp,p1_Noload,p1011.bmp,Healthy,0,0.0,0,320,240,RGB,cbfcb6f6c9cc29df4cc9a7b300f6b0ec7b837c1b36376c6084158ca322685779,0.4297786458333333,0.10518980822249825,0.18129228055477142,0.1764705926179886,0.23137255012989044,0.239215686917305,0.07791554768880209,0.6267564744150722,0.6250682514177109,0.17807097270139963,0.29245955381222616,0.3562866830107008,0.051408346742391586,0.1335638165473938,2.0629606116958636,42.0,0.04023388978095555,0.739976254255412,0.995988494274663,0.5169073366651348,0.3032084103372012,4.961856575877844,2.6612536734632046,0.07368134032174993,0.0,0.0,0.0,0.0,8.0,0.0,0.0,0.0,0.0,0.0,0.0,0.0,0.0,0.0,0.0,3.0502620656224435,4.9497379343775565,0.0,0.0,0.0,0.8328701666465052
13,12,0.00029475039653120304,0,0,0.9993206468665593,0.006239488555652928,Dataset\IR_trans_bmp\p1_Noload\p1014.bmp,p1_Noload,p1014.bmp,Healthy,0,0.0,0,320,240,RGB,adce5d21d2265705f4c11dc55c815ff9073e633105eedb18375e16fe97b867a1,0.4408463541666667,0.1315237617036359,0.17477025091648102,0.16862745583057404,0.2235294133424759,0.23137255012989044,0.0770468266805013,0.6025776237967164,0.6121368742518686,0.15197647012205565,0.29315262464829495,0.3252008085084539,0.047406382858753204,0.12401088327169418,2.0627888787716175,38.0,0.05910151519626665,0.7365036436965345,0.9960692760991116,0.5098824295343137,1.314469681306672,4.348642821277727,2.300499158224296,0.0363883391913046,0.0,0.0,0.0,0.0,8.0,0.0,0.0,0.0,0.0,0.0,0.0,0.0,0.0,0.0,0.0,3.4828838940248694,4.517116105975131,0.0,0.0,0.0,0.9030286616268929
15,12,0.0022555520559522195,0,0,0.9971080958826196,0.017900552275615378,Dataset\IR_trans_bmp\p1_Noload\p1016.bmp,p1_Noload,p1016.bmp,Healthy,0,0.0,0,320,240,RGB,e87eb041b0d885599f83a3b435b150afc7bedfa5d137b8b202b06d33360a6e65,0.42515625,0.112550532892319,0.1714686006307602,0.16470588743686676,0.22745098173618317,0.239215686917305,0.07290095011393229,0.6268810399671836,0.5604797893785345,0.14055818448751367,0.27964741151456324,0.42239809601609796,0.05060550570487976,0.1264667809009552,2.1329502741521416,28.0,0.061251990689697416,0.7345517973660091,0.9967403037875306,0.5052569819431679,1.9054269263751071,3.9083670219282127,2.148964841357344,0.03724121033933603,0.0,0.0,0.0,0.0,8.0,0.0,0.0,0.0,0.0,0.0,0.0,0.0,0.0,0.0,0.0004900159255175794,3.8025235820164154,4.196986402058067,0.0,0.0,0.0,0.8750809353643627
21,12,9.315540978062977e-05,0,0,0.9995781427262455,0.0,Dataset\IR_trans_bmp\p1_Noload\p1022.bmp,p1_Noload,p1022.bmp,Healthy,0,0.0,0,320,240,RGB,eef020d2bf21502c08b87446b3176d44acb110208e3bf20f42332f68fe121cab,0.42658854166666665,0.1030462120749649,0.18300196528434753,0.1764705926179886,0.23137255012989044,0.24313725531101227,0.0780665397644043,0.6228133804483725,0.6340798993029212,0.18182559174725152,0.29811307003580295,0.38233681696045557,0.051099248230457306,0.13402357697486877,2.0928960373642855,35.0,0.03778768084976497,0.7407682621279242,0.9957722383386949,0.5189837287454044,0.09694157865820158,5.081985226787132,2.7260850985898295,0.09498809596483732,0.0,0.0,0.0,0.0,8.0,0.0,0.0,0.0,0.0,0.0,0.0,0.0,0.0,0.0,0.0,2.711189793052927,5.288810206947073,0.0,0.0,0.0,0.8092151194526183
23,12,0.9975325462225586,1,1,0.9968587009084758,0.12378952020449108,Dataset\IR_trans_bmp\p2_80\p2002.bmp,p2_80,p2002.bmp,SC80,80,0.13333333333333333,1,320,240,RGB,ab03e34602da0754337c2ce7979ca498fcf3db869d30af09eedd40d583463203,0.42302083333333335,0.10677788721989658,0.152095764875412,0.15294118225574493,0.18039216101169586,0.1882352977991104,0.0643396759033203,0.5329196174437032,0.6575524312954925,0.16095486889112934,0.2616316160127612,0.12119772642477938,0.04180892929434776,0.1022619977593422,1.6952725827901005,23.0,0.03552080768283674,0.7247131177166987,0.9961842854817708,0.4860440721698836,1.8549618320610688,5.943856193055898,0.20118197488303374,0.0,0.0,0.0,0.0,0.0,8.0,0.0,0.0,0.0,0.0,0.0,0.0,0.0,0.0,0.0,0.005663629647869982,5.351883772469835,2.642452597882295,0.0,0.0,0.0,0.926190822567084
28,12,0.9996306705627577,1,1,0.9997859919335054,0.13581554300577714,Dataset\IR_trans_bmp\p2_80\p2007.bmp,p2_80,p2007.bmp,SC80,80,0.13333333333333333,1,320,240,RGB,2e06bb8ed46f0d507e4295d0c21a203ebb11a702038e18ef50a68911acd89aa6,0.41813802083333335,0.11029801015165198,0.14750108122825623,0.14509804546833038,0.1764705926179886,0.1882352977991104,0.06167580922444661,0.5317968604268377,0.677906533965586,0.18072569037259753,0.24781678706443042,0.1678890376528505,0.04358754679560661,0.10595494508743286,1.6922481765282218,44.0,0.03808426493943263,0.7223032519804032,0.9966227213541666,0.47997457466873467,2.4062529193784448,5.453492355120979,0.14025472550057608,0.0,0.0,0.0,0.0,0.0,8.0,0.0,0.0,0.0,0.0,0.0,0.0,0.0,0.0,0.0,0.009715691464515928,5.982374739202192,2.007909569333292,0.0,0.0,0.0,0.8735524373345493
35,12,0.9995160696207985,1,1,0.9998428440750178,0.13565446216684712,Dataset\IR_trans_bmp\p2_80\p2014.bmp,p2_80,p2014.bmp,SC80,80,0.13333333333333333,1,320,240,RGB,edc6008f8cb207ffba63252e157c106e7213178a14605a8b0b2d5bce96c8eabd,0.4183072916666667,0.1255680757019237,0.14158163964748383,0.1411764770746231,0.16862745583057404,0.18039216101169586,0.05922463099161784,0.5577159690495213,0.6568490222939265,0.16713093333636939,0.25463070551632205,0.1337140591320464,0.044434111565351486,0.11050199717283249,1.6570760381622545,42.0,0.03806885388781672,0.7190258516279678,0.9969293930951286,0.4719387877221201,3.137396501276225,4.790387847849094,0.07221565087468095,0.0,0.0,0.0,0.0,0.0,8.0,0.0,0.0,0.0,0.0,0.0,0.0,0.0,0.0,0.0,0.034115669551142376,6.620681068293594,1.3452032621552636,0.0,0.0,0.0,0.9086822042454306
38,12,0.9997834308939669,1,1,0.9997972204214035,0.15347787196577845,Dataset\IR_trans_bmp\p2_80\p2017.bmp,p2_80,p2017.bmp,SC80,80,0.13333333333333333,1,320,240,RGB,12b3b49bffcf0cbcea75666eb1e627675ef837281a442e7290aac81c73af83a9,0.4180598958333333,0.13062572024792102,0.14227953553199768,0.14509804546833038,0.16862745583057404,0.18039216101169586,0.059481366475423174,0.5645687875589467,0.6530528263655536,0.16611530930446083,0.25569889652687894,0.11765260931188734,0.044065698981285095,0.1098039448261261,1.6639304295343547,45.0,0.03896346591086056,0.7194308488728614,0.9968944474762561,0.4729880538641238,3.0473105553306135,4.881926059737752,0.07076338493163485,0.0,0.0,0.0,0.0,0.0,8.0,0.0,0.0,0.0,0.0,0.0,0.0,0.0,0.0,0.0,0.03064752234715171,6.575263961129972,1.3940885165228767,0.0,0.0,0.0,0.8981168088844071
46,12,0.9997705371799507,1,1,0.9998856943525941,0.16341749818615148,Dataset\IR_trans_bmp\p2_80\p2025.bmp,p2_80,p2025.bmp,SC80,80,0.13333333333333333,1,320,240,RGB,2987d28a4392e8281deaad01a8148c5dca89415d1b9742ba77294e08030aabc8,0.42380208333333336,0.100374831018803,0.12669314444065094,0.12941177189350128,0.1568627506494522,0.16862745583057404,0.05369281768798828,0.5818053271601911,0.6729406226291442,0.1913127557355807,0.24660663914471187,0.20865325192438539,0.043918807059526443,0.110083669424057,1.6725003306890052,26.0,0.03437999262627504,0.7105189914809925,0.9964183134191177,0.44948263729319854,5.392896644955143,2.600221211748802,0.0068821432960550575,0.0,0.0,0.0,0.0,0.0,8.0,0.0,0.0,0.0,0.0,0.0,0.0,0.0,0.0,0.0,0.15853508664126828,7.278603908074229,0.5628610052845029,0.0,0.0,0.0,0.7623549732507896
48,12,0.9995301383710737,1,2,0.9780053248296936,0.26159766630587517,Dataset\IR_trans_bmp\p3_160\p3027.bmp,p3_160,p3027.bmp,SC160,160,0.26666666666666666,2,320,240,RGB,362ffccd10fd1ff2612ad096c8fc7196ddce0b5d7ef9a4e0f81e19f87bf6eb52,0.4201953125,0.12302066871184655,0.20953059196472168,0.21176470816135406,0.239215686917305,0.24705882370471954,0.0880437723795573,0.5169368643761746,0.5809039304586262,0.08265774820639113,0.18764160483754336,0.05034805571659504,0.04203953593969345,0.10595494508743286,1.7701812891264117,27.0,0.054507142635803044,0.7541949735673447,0.9948018391927084,0.545562504787071,0.014378234328034457,2.666418766074804,5.053453565120387,0.2657494344767748,0.0,0.0,0.0,0.0,8.0,0.0,0.0,0.0,0.0,0.0,0.0,0.0,0.0,0.0,0.0,0.1127947692975117,7.887205230702488,0.0,0.0,0.0,0.9570455860157536
56,12,0.9964987543059332,1,2,0.9983623201152462,0.2577110197177161,Dataset\IR_trans_bmp\p3_160\p3035.bmp,p3_160,p3035.bmp,SC160,160,0.26666666666666666,2,320,240,RGB,541b470829ab6fd231a6975f74787b941abc6f245ba1e31ec8b4f3750bc11e23,0.415625,0.11159147869674185,0.1945549100637436,0.19607843458652496,0.22745098173618317,0.239215686917305,0.08086188634236653,0.46959531893756906,0.5718782339428332,0.07804437933156241,0.1633922951289126,0.15146660334367787,0.043224677443504333,0.10938294529914856,1.904493562375474,28.0,0.056265664160401005,0.7464967866183659,0.993908811083027,0.5319981593711703,0.05363408521303258,4.358395989974937,3.4543859649122806,0.13358395989974936,0.0,0.0,0.0,0.0,8.0,0.0,0.0,0.0,0.0,0.0,0.0,0.0,0.0,0.0,0.0,0.8531328320802005,7.146867167919799,0.0,0.0,0.0,0.9381742124308646
65,12,0.999725563611461,1,2,0.9996534743308823,0.27368780425455025,Dataset\IR_trans_bmp\p3_160\p3044.bmp,p3_160,p3044.bmp,SC160,160,0.26666666666666666,2,320,240,RGB,534a0ee6cb4af3fcca4c416766b7f6d0b8c4e86e7d35fdad2217320d93693670,0.40782552083333334,0.10682928386705405,0.20016378164291382,0.20392157137393951,0.23137255012989044,0.239215686917305,0.0816318957010905,0.4939690079242814,0.5756483013455309,0.07588832823222313,0.15626318208328455,0.17666544986767516,0.034529782831668854,0.07998461276292801,1.812189553295497,17.0,0.05753328437789343,0.7494316740408956,0.9940329159007353,0.5373766132429534,0.009705948085948725,3.893106861211328,3.929887296063344,0.16729989463937933,0.0,0.0,0.0,0.0,8.0,0.0,0.0,0.0,0.0,0.0,0.0,0.0,0.0,0.0,0.0,0.4566903994125347,7.543309600587465,0.0,0.0,0.0,0.8819030201238037
74,12,0.9987065233873561,1,2,0.9995649792763699,0.2815601923746337,Dataset\IR_trans_bmp\p3_160\p3053.bmp,p3_160,p3053.bmp,SC160,160,0.26666666666666666,2,320,240,RGB,2252442bd1ac2a1ab861f9f914ca41864eae68905669d0a234ba45631a1df21f,0.419765625,0.14644208697810038,0.19617879390716553,0.19607843458652496,0.22745098173618317,0.239215686917305,0.08234911600748698,0.49755925970258846,0.5660196224064252,0.06606472399008696,0.16837730377076388,0.15152194577040065,0.04117380827665329,0.1022619903087616,1.976256549730015,27.0,0.0678391959798995,0.7474123139621159,0.9943442550359988,0.5333806654986213,0.0297785222408338,4.270240089335567,3.529251194242819,0.17073019418078045,0.0,0.0,0.0,0.0,8.0,0.0,0.0,0.0,0.0,0.0,0.0,0.0,0.0,0.0,0.0,0.8941001302810349,7.105899869718965,0.0,0.0,0.0,0.8274846990191354
75,12,0.9950521326322392,1,2,0.9990569973912116,0.2475046959952707,Dataset\IR_trans_bmp\p3_160\p3054.bmp,p3_160,p3054.bmp,SC160,160,0.26666666666666666,2,320,240,RGB,9c737d6dfb1424c3971057505f869a59b22f4253f32e79e709c94d1f13717893,0.41609375,0.1497058455376142,0.19072292745113373,0.1882352977991104,0.2235294133424759,0.23137255012989044,0.07935861587524413,0.49825833540188,0.575181552401183,0.0752017234976976,0.16556146576683498,0.18901626884304576,0.04023970291018486,0.10044116526842117,1.9746435122557193,26.0,0.07394542495931906,0.7446624926348638,0.9941417020909926,0.5281808890548407,0.06508949805983227,4.817874577544123,2.9951182876455125,0.12191763675053198,0.0,0.0,0.0,0.0,8.0,0.0,0.0,0.0,0.0,0.0,0.0,0.0,0.0,0.0,0.0,1.2179246463887845,6.782075353611216,0.0,0.0,0.0,0.8386842836985736
78,12,0.9984723864661814,1,2,0.9976865592999223,0.27331747534943496,Dataset\IR_trans_bmp\p3_160\p3057.bmp,p3_160,p3057.bmp,SC160,160,0.26666666666666666,2,320,240,RGB,25d2eed648647f396496e4d6d1887186d2f1e881864d748214edec680960b2ae,0.4208854166666667,0.10821680485088479,0.19269311428070068,0.19607843458652496,0.22745098173618317,0.239215686917305,0.08110172271728516,0.45862962817308867,0.5641827830005678,0.07636057424348558,0.1549801143044572,0.024729978431229385,0.04075128212571144,0.10044116526842117,2.0025501118574525,28.0,0.05788268778616508,0.7455293452939508,0.9943416221469057,0.5298361385569853,0.08390050736295013,4.379903477292414,3.39982675411459,0.13636926123004578,0.0,0.0,0.0,0.0,8.0,0.0,0.0,0.0,0.0,0.0,0.0,0.0,0.0,0.0,0.0,1.2399455512931568,6.7600544487068435,0.0,0.0,0.0,0.9360382666356191
81,12,0.9999121922186656,1,3,0.99798903074846,0.40058961798905085,Dataset\IR_trans_bmp\p4_240\p4003.bmp,p4_240,p4003.bmp,SC240,240,0.4,3,320,240,RGB,db710d52d01af0177a60a8741a18ef3cf4ceeb859df919f19d86bd98995ecce9,0.413671875,0.11514006924771797,0.262905478477478,0.250980406999588,0.32549020648002625,0.3294117748737335,0.10875659942626953,0.5416816312338841,0.5685472087816967,0.0802251719479555,0.14895264248238912,0.27271729266497075,0.03949796408414841,0.09493107795715332,2.4371489712246825,14.0,0.04431853950267548,0.7812357641465171,0.9956733254825367,0.5783349729051777,0.0,0.23393138180673592,3.8431224425558703,2.6641485678312873,1.2462071136292099,0.012590494176896443,0.0,0.0,8.0,0.0,0.0,0.0,0.0,0.0,0.0,0.0,0.0,0.0,0.0,0.0005036197670758578,7.999496380232924,0.0,0.0,0.0,0.9062508043980058
85,12,0.9998256686719494,1,3,0.9986562309458571,0.40379350946821363,Dataset\IR_trans_bmp\p4_240\p4007.bmp,p4_240,p4007.bmp,SC240,240,0.4,3,320,240,RGB,9262e4874a999c23c4c9acae161bb2c7946689c380c2a11bfc6649bd36af0e95,0.4031119791666667,0.10614037921121483,0.26209214329719543,0.250980406999588,0.32549020648002625,0.3294117748737335,0.10565247853597005,0.52536629841478,0.5693612743516728,0.07385415001850403,0.1480527124038558,0.22616050935794296,0.03994462266564369,0.09685557037591934,2.4291682752413655,9.0,0.03633838302270745,0.7807987149201292,0.995526003370098,0.5778994092754289,0.0,0.2622823734616751,3.80167318065829,2.7525436868115896,1.1778158209244485,0.005684938143996899,0.0,0.0,8.0,0.0,0.0,0.0,0.0,0.0,0.0,0.0,0.0,0.0,0.0,0.0005168125585451726,7.999483187441455,0.0,0.0,0.0,0.9035291765811385
93,12,0.9998361585675194,1,3,0.9981168574597729,0.4192203692075883,Dataset\IR_trans_bmp\p4_240\p4015.bmp,p4_240,p4015.bmp,SC240,240,0.4,3,320,240,RGB,a7d9ae92a1976247ac4886a0eca34a5b379692c7df053a1353fc8503f3d638b9,0.38602864583333335,0.10277599757142375,0.25813940167427063,0.250980406999588,0.3176470696926117,0.32549020648002625,0.0996492067972819,0.5290970855939648,0.5668505171753081,0.07290838111403022,0.15116096896743006,0.16248114410563172,0.04105277359485626,0.1022619903087616,2.468196108462665,15.0,0.036698485512868084,0.7787383521735335,0.995279110179228,0.5756844913258272,0.0,0.5081121192700779,3.613991297601781,3.055688602556751,0.8200492461294566,0.0021587344419334163,0.0,0.0,8.0,0.0,0.0,0.0,0.0,0.0,0.0,0.0,0.0,0.0,0.0,0.01376193206732553,7.986238067932675,0.0,0.0,0.0,0.8962834415548049
94,12,0.999404987878008,1,3,0.9985417957965017,0.40477180260955864,Dataset\IR_trans_bmp\p4_240\p4016.bmp,p4_240,p4016.bmp,SC240,240,0.4,3,320,240,RGB,9688bdefc2e67d7e2c8d1cf05070515e2421aaf618798c9ae0a09f8544ead0e3,0.39697916666666666,0.12470480188926791,0.2584051191806793,0.250980406999588,0.3176470696926117,0.32549020648002625,0.10258145014444987,0.5171013125063151,0.5693814001237253,0.0714579146950645,0.14739058297598612,0.19215609136444017,0.041506897658109665,0.10464049130678177,2.4704779617893653,13.0,0.061991603253739175,0.7789235887580743,0.9951877967984069,0.5755837234796263,0.0,0.5875098399370244,3.5646811860404095,2.850170558908423,0.9929152453424298,0.004723169771713461,0.0,0.0,8.0,0.0,0.0,0.0,0.0,0.0,0.0,0.0,0.0,0.0,0.0,0.008921542902125426,7.991078457097875,0.0,0.0,0.0,0.975650872044434
103,12,0.9993166282230049,1,3,0.9907235537752752,0.40800584391443545,Dataset\IR_trans_bmp\p4_240\p4025.bmp,p4_240,p4025.bmp,SC240,240,0.4,3,320,240,RGB,4ac19587dd29db5a4e17b65f7a45a2b8ac72c869b52d00368dcc4eada0423b7f,0.398046875,0.13895976447497546,0.2590849697589874,0.250980406999588,0.3176470696926117,0.3294117748737335,0.10312796274820964,0.5055595402156976,0.5646279691886813,0.0648666546760591,0.1468546916578262,0.221075234281447,0.042162541300058365,0.10768258571624756,2.490659320140758,12.0,0.08976120379456984,0.7792811899877793,0.9951848048789829,0.5757710774739583,0.0,0.6233562315996075,3.529735034347399,2.7352306182531896,1.100163559044815,0.011514556754988551,0.0,0.0,8.0,0.0,0.0,0.0,0.0,0.0,0.0,0.0,0.0,0.0,0.0,0.005757278377494276,7.994242721622506,0.0,0.0,0.0,0.8984415390989702
105,12,0.9997133547739303,1,4,0.992621851887683,0.5120758744894744,Dataset\IR_trans_bmp\p5_320\p5027.bmp,p5_320,p5027.bmp,SC320,320,0.5333333333333333,4,320,240,RGB,2a9be2ef5b478484613ea951bd1376ef5cdd84646dd99bbc7cdeec23d942d7c3,0.405546875,0.11035124895652733,0.2886084020137787,0.2705882489681244,0.3843137323856354,0.3960784375667572,0.11704423268636067,0.5502773500716651,0.5295814302225158,0.058334149040149164,0.14156301098226112,0.36101625201532594,0.051882658153772354,0.1254901885986328,2.8699518239533273,8.0,0.05172413793103448,0.7957661378317039,0.9966872271369486,0.5926489138135723,0.0,0.186219739292365,3.3239581326655108,1.5722083092531947,1.8562897322288576,1.0394914274706222,0.021832659089449688,0.0,8.0,0.0,0.0,0.0,0.0,0.0,0.0,0.0,0.0,0.0,0.0,0.0010274192512682205,7.998972580748732,0.0,0.0,0.0,0.9678666197002996
113,12,0.9998629245145136,1,4,0.9967167445437584,0.5288748448331837,Dataset\IR_trans_bmp\p5_320\p5035.bmp,p5_320,p5035.bmp,SC320,320,0.5333333333333333,4,320,240,RGB,63c8f16cf533988e4d83b91bf4ad16fbb371cbaf5713990261ad33a21b57234e,0.4025390625,0.10606501698204755,0.29830750823020935,0.2823529541492462,0.3921568691730499,0.40392157435417175,0.12008042653401693,0.5566069894609239,0.5347587828112288,0.06642683372212863,0.1411248509248966,0.3592662459114014,0.05225427821278572,0.12573504447937012,2.7896363953290852,9.0,0.05172246482290151,0.8010972518494676,0.9972518023322611,0.6002629897173714,0.0,0.049943393174834226,3.0349021510593563,1.7112728448972991,1.7578521753194243,1.4126475820798965,0.03338185346918971,0.0,8.0,0.0,0.0,0.0,0.0,0.0,0.0,0.0,0.0,0.0,0.0,0.0,8.0,0.0,0.0,0.0,0.9377954177949588
115,12,0.99994735145755,1,4,0.9924837863887066,0.5563523203408539,Dataset\IR_trans_bmp\p5_320\p5037.bmp,p5_320,p5037.bmp,SC320,320,0.5333333333333333,4,320,240,RGB,7e29cd7c0f58bb80a40b7de5d63d5fee57da9c1298138d2eeb2f83967efa7454,0.404296875,0.11468599033816425,0.2999610900878906,0.2823529541492462,0.3921568691730499,0.40784314274787903,0.12127333323160808,0.5220016623153376,0.5345728914736853,0.04097997034514991,0.14087439408083746,0.35926551114794647,0.05191933736205101,0.1254902482032776,2.8010283687009023,8.0,0.05603864734299517,0.8019847337094099,0.9971946566712623,0.6017590691061581,0.0,0.03684380032206119,2.9008695652173913,1.8241545893719806,1.7285668276972626,1.4696296296296296,0.03993558776167472,0.0,8.0,0.0,0.0,0.0,0.0,0.0,0.0,0.0,0.0,0.0,0.0,0.0,8.0,0.0,0.0,0.0,0.8951262829299099
116,12,0.9998179650648629,1,4,0.9807898172805869,0.5545291471251346,Dataset\IR_trans_bmp\p5_320\p5038.bmp,p5_320,p5038.bmp,SC320,320,0.5333333333333333,4,320,240,RGB,c3bf7a27305048fb09007d3fcea025ed5d388711c4abf823c4a85c6b9964fd72,0.4090885416666667,0.11289706537653574,0.28872281312942505,0.2705882489681244,0.3843137323856354,0.4000000059604645,0.11811319986979167,0.5280159999808467,0.5350361641365969,0.044860105353569595,0.14158889491831111,0.3764454251611576,0.05345102399587631,0.12947121262550354,2.8732118532819557,8.0,0.05356801833343943,0.7958482284119676,0.9966092577167586,0.5930033964269301,0.0,0.19657521166210454,3.317843274555987,1.569291488955376,1.8305430008275512,1.0605385447832452,0.025208479215736202,0.0,8.0,0.0,0.0,0.0,0.0,0.0,0.0,0.0,0.0,0.0,0.0,0.0007638933095677638,7.999236106690432,0.0,0.0,0.0,0.9041607243564297
126,12,0.999940426594462,1,4,0.6500904392995878,0.5602510916683776,Dataset\IR_trans_bmp\p5_320\p5048.bmp,p5_320,p5048.bmp,SC320,320,0.5333333333333333,4,320,240,RGB,caac11f9172e5ac8a4acdd48186f3466d039b3887bcf9c36afb76d0112154b7c,0.39421875,0.10969084423305589,0.30546826124191284,0.29411765933036804,0.3960784375667572,0.4117647111415863,0.12042132059733072,0.5310284093381981,0.5399941816948832,0.05061913428242436,0.1480329306392607,0.27559277058222137,0.053108930587768555,0.12994548678398132,2.821777817033166,9.0,0.04901572202404545,0.8050296719513792,0.9970248951631434,0.6054285984413297,0.0,0.03672876205575373,2.628352490421456,1.8731668648434403,1.7920465054828907,1.6097238736953363,0.059981503501123,0.0,8.0,0.0,0.0,0.0,0.0,0.0,0.0,0.0,0.0,0.0,0.0,0.0,8.0,0.0,0.0,0.0,0.9499946091063995
134,12,0.9982463815035957,1,5,0.986070351455839,0.6639422184538536,Dataset\IR_trans_bmp\p6_400\p6004.bmp,p6_400,p6004.bmp,SC400,400,0.6666666666666666,5,320,240,RGB,8518767dc2b9e7f4fa1c77aaf21c6525667a5de0ae67952b458d19d4b94f37ec,0.41170572916666665,0.11967487902843227,0.3381175100803375,0.32549020648002625,0.4588235318660736,0.46666666865348816,0.13920491536458332,0.5472902181105745,0.5610812702150242,0.07724821227722045,0.14691466756792976,0.13221449982197692,0.07299700379371643,0.19147538542747497,3.129971176019494,7.0,0.07656788639741928,0.8240489426937849,0.975210391773897,0.6556695676317402,0.0005060248584711724,0.11512065530219172,2.2730636642525064,1.470508238717227,0.8777001170182486,1.3149055947373414,1.9092317910117333,0.03896391410228028,7.7614092792308425,0.2198678010057244,0.01872291976343338,0.0,0.0,0.0,0.0,0.0,0.0035421740092982067,0.04857838641323255,0.18647016034662703,0.5280369398146684,7.2333723394161735,0.0,0.0,0.0,0.8001928375069833
135,12,0.998415488453209,1,5,0.9815165412517582,0.6569000161136784,Dataset\IR_trans_bmp\p6_400\p6005.bmp,p6_400,p6005.bmp,SC400,400,0.6666666666666666,5,320,240,RGB,1cb8d77bf2605b06d07ce3efe9618481a8ded5dd39beb80c232e392729c28bac,0.41423177083333335,0.1005249426335146,0.33930522203445435,0.32549020648002625,0.4627451002597809,0.46666666865348816,0.14055100758870442,0.5504815351670617,0.5607479738964156,0.07898545261845928,0.14989639667160462,0.13935616392402267,0.07274282723665237,0.19227686524391174,3.1311686074965572,8.0,0.03677741803665168,0.8246431830209061,0.9746100930606618,0.6569758396522671,0.0,0.09882752333951529,2.172696696319115,1.5731933486310627,0.8964888567566718,1.2807342910131079,1.937321220884544,0.0407380630559834,7.749284883538176,0.23084902398390594,0.019866092477917832,0.0,0.0,0.0,0.0,0.0,0.00603526860088643,0.05029390500738692,0.19438594285355043,0.5585138151070317,7.190771068431144,0.0,0.0,0.0,0.7836015194717085
139,12,0.9998673903897296,1,5,0.9959136020663997,0.6709179367536431,Dataset\IR_trans_bmp\p6_400\p6009.bmp,p6_400,p6009.bmp,SC400,400,0.6666666666666666,5,320,240,RGB,e02e786132001be2487cdd1c01bb019315a159cce32d403e1f74c8d7c90243d1,0.42303385416666667,0.10742097325248545,0.3223056495189667,0.30588236451148987,0.45490196347236633,0.4627451002597809,0.13634620666503905,0.5026419925614093,0.5517002533077684,0.051767715004450016,0.14754421838540457,0.18360770841272764,0.07501056045293808,0.19748513400554657,3.254380677272799,8.0,0.044938286804764686,0.8161176969219186,0.9787404378255208,0.6407649021522671,0.003939795007541014,0.36270737788174456,2.6738896241804917,1.1624857644125703,0.8485333497491458,1.281664563390686,1.6441257040844595,0.02265382129336083,7.838468404690818,0.15242081935424298,0.009110775954938595,0.0,0.0,0.0,0.0,0.0,0.0,0.031025885684385485,0.13050570962479607,0.41737203361137615,7.421096371079442,0.0,0.0,0.0,0.9543854388887494
149,12,0.9997452238539093,1,5,0.9986696481056714,0.6920700378303676,Dataset\IR_trans_bmp\p6_400\p6019.bmp,p6_400,p6019.bmp,SC400,400,0.6666666666666666,5,320,240,RGB,46018781bd7234ed1c6aa80b632e9f7293368ad4631d733012fb5869ceeae596,0.4058203125,0.1149292520935605,0.3257043659687042,0.30980393290519714,0.45490196347236633,0.4627451002597809,0.1321774419148763,0.5227223854746958,0.5458797105783828,0.05119818985488491,0.14554910050343506,0.1247297283241385,0.0770568996667862,0.2063952386379242,3.2590968839052725,7.0,0.07379600218179484,0.8181796793165154,0.977918976428462,0.6441349403530944,0.003850226200789296,0.30981486829017874,2.616870407803125,1.158661404690859,0.8167613180607695,1.358616485385183,1.7133506593512369,0.022074630217858632,7.839060544807007,0.15246895755125614,0.008470497641736453,0.0,0.0,0.0,0.0,0.0,0.0,0.03259858183334938,0.12834087335964323,0.4435460583309269,7.39551448647608,0.0,0.0,0.0,0.974779211975834
154,12,0.9990954262088371,1,5,0.9980015025022122,0.6489554640864678,Dataset\IR_trans_bmp\p6_400\p6024.bmp,p6_400,p6024.bmp,SC400,400,0.6666666666666666,5,320,240,RGB,5f83ac56647ae380ac9c08f5a678aac41bcccaf843381a4ebb6d25ff7180a408,0.402578125,0.11705155572805485,0.3209874629974365,0.30588236451148987,0.45098039507865906,0.4627451002597809,0.12922252655029298,0.5101664498666055,0.5576608709036333,0.05855025820827491,0.14412050006608038,0.15185149040736146,0.07698967307806015,0.20392155647277832,3.2520045125666637,8.0,0.07752765379390646,0.8159669844131896,0.9803611007391237,0.6384736902573529,0.011384953748625396,0.4383207193220778,2.6089656510770425,1.1149492205187916,0.8844039071091274,1.3452357849796235,1.583026068956595,0.013713694288116954,7.870884274532635,0.12549324018371175,0.003622485283653535,0.0,0.0,0.0,0.0,0.0,0.0,0.020441166957759233,0.10867455850960606,0.3801022058347888,7.490782068697846,0.0,0.0,0.0,0.9161378414375556
159,12,0.9996040938543094,1,6,0.9923221674237446,0.8025238245827208,Dataset\IR_trans_bmp\p7_480\p7029.bmp,p7_480,p7029.bmp,SC480,480,0.8,6,320,240,RGB,652aa597dd8ce8085edc932d250c0cb29e8594e6f30bad2d22288f097e2334ea,0.41506510416666664,0.0020704583241835804,0.40475162863731384,0.40392157435417175,0.5176470875740051,0.545098066329956,0.16799827575683593,0.6571477227028082,0.5252603729881212,0.1591649873375979,0.11055005152690606,0.24603183157734335,0.08037608861923218,0.21657563745975494,3.3334293596313307,2.0,0.0012234526461084795,0.7428257265570444,0.9399995093252145,0.7219951554840687,0.0,0.0,0.07378360573454215,1.5737992910248768,1.891520532045048,1.0731248235404838,2.2571760203281364,1.1305957273269127,5.940082190921354,1.293973711453399,0.6331838002321423,0.11870627725319195,0.01405402013991279,0.0,0.0,0.0,0.495906139222637,0.805345546946074,0.7586661229099351,0.547353891520532,5.392728299400822,0.0,0.0,0.0,0.972771540657365
160,12,0.9997520591863602,1,6,0.9940082465896077,0.7969180408911383,Dataset\IR_trans_bmp\p7_480\p7030.bmp,p7_480,p7030.bmp,SC480,480,0.8,6,320,240,RGB,e3c50a5c5288cd2c55cae076cebab0a4b656539a47fd45df3fbebebf4d5940b8,0.41908854166666665,0.0016777480892313428,0.39947086572647095,0.4000000059604645,0.5137255191802979,0.5411764979362488,0.16741366068522134,0.6630614016414392,0.5388050803283324,0.1676151990857604,0.10796796734234701,0.23743995036483362,0.08144181221723557,0.2184845507144928,3.3408763407329256,3.0,0.0011184987261542286,0.7527260380750261,0.9414552576401655,0.7173209994446997,0.0,0.0004971105449574349,0.10339899335114647,1.8472627850618282,1.7120487168334058,1.053128689492326,2.265084198098552,1.018579506617784,6.03492201578326,1.2840365376250544,0.5667060212514758,0.10464176971354004,0.00969365562666998,0.0,0.0,0.0,0.44789660100664885,0.7498912570682905,0.7672901261418008,0.5624805816193376,5.4724414341639225,0.0,0.0,0.0,0.9693465534931069
161,12,0.9994124093681405,1,6,0.9899056074589255,0.7796175907011131,Dataset\IR_trans_bmp\p7_480\p7031.bmp,p7_480,p7031.bmp,SC480,480,0.8,6,320,240,RGB,c07b98bc7a8096671c535f1619462cc1930f1044d3f81abde47f2e3f7b88e500,0.41540364583333333,0.001974735918252202,0.40225252509117126,0.4000000059604645,0.5137255191802979,0.545098066329956,0.16709716796875,0.6804977989591425,0.5275420710461284,0.18258702337955185,0.11022755419336888,0.237983084227227,0.0807543694972992,0.21513610184192575,3.3284636405171613,3.0,0.0011911105538664076,0.7466727315380587,0.9403942033356312,0.7199764476102941,0.0,0.0007522803498103627,0.0865122402281917,1.708679434535937,1.8160047644422155,1.0238535560919035,2.279409459925399,1.084788264426543,5.975613578660314,1.2936714415572204,0.6090963232297903,0.11033445130551986,0.01128420524715544,0.0,0.0,0.0,0.4721812995643043,0.7831238441525875,0.7690812776227941,0.5524245368774097,5.423189041782904,0.0,0.0,0.0,0.9084450040318929
163,12,0.9995379348018969,1,6,0.9910489825136141,0.7987069185198137,Dataset\IR_trans_bmp\p7_480\p7033.bmp,p7_480,p7033.bmp,SC480,480,0.8,6,320,240,RGB,90d3243eda4b8e91f945629b30d67ce014f269ec75a0004f6ffe116993bf9481,0.41727864583333335,0.002371516834649109,0.40740495920181274,0.40784314274787903,0.5215686559677124,0.545098066329956,0.17000138600667317,0.6547750006001368,0.5321710372636639,0.15808313145112102,0.10882788874062843,0.2622644897856974,0.07829117029905319,0.21176474988460542,3.33187003501698,2.0,0.0014665959372172123,0.7314842692966568,0.9394105799057905,0.7242339489506741,0.0,0.0,0.04468436983180953,1.471838237588542,1.9800917402564984,1.0654351421349892,2.1980216556932004,1.2399288544949605,5.878116516366586,1.2841139576247387,0.7032171498112147,0.1218210752956595,0.01273130090180048,0.0,0.0,0.0,0.5419540050550754,0.8717196617468094,0.7082098168315287,0.5294723375042906,5.348644178862296,0.0,0.0,0.0,0.9424836069616255
167,12,0.9995769065159764,1,6,0.9936958266897981,0.8041159659443522,Dataset\IR_trans_bmp\p7_480\p7037.bmp,p7_480,p7037.bmp,SC480,480,0.8,6,320,240,RGB,42ea8fb9aca7d82eb6ba46e4697f27f332a65be7467e9a7234dfffba47e6f7fd,0.4149348958333333,0.00269871654062196,0.4075091779232025,0.40392157435417175,0.5215686559677124,0.5490196347236633,0.16908977508544923,0.6773611910726208,0.534320260966609,0.18065124525315307,0.10833691669118535,0.28828849129118556,0.08164338022470474,0.21876588463783264,3.3466421682513143,2.0,0.0017259233690024164,0.7308963370722765,0.9404475791781557,0.723829740636489,0.0,0.0,0.051714940220290585,1.4650892773088147,1.97596259453353,1.1081055637493331,2.1552075815106537,1.2439200426773778,5.8849593623497665,1.2622462108136945,0.701415257162582,0.13355508833589608,0.017824081338061317,0.0,0.0,0.0,0.5575673894624533,0.8613299024068786,0.6961433457809019,0.5136347946151191,5.371324567734647,0.0,0.0,0.0,0.9056722155493115
170,12,0.9999128028583364,1,6,0.9963246889127781,0.7965105784959282,Dataset\IR_trans_bmp\p7_480\p7040.bmp,p7_480,p7040.bmp,SC480,480,0.8,6,320,240,RGB,ce687404459aac765817351cd414b9ec26bc50e20927ddca9f2640ad909f58c8,0.4154817708333333,0.002444451408693472,0.40517687797546387,0.40392157435417175,0.5215686559677124,0.545098066329956,0.16834360758463543,0.6624901165846138,0.5417535123532601,0.16776887012051794,0.10628493704567044,0.27593191102913317,0.08043409883975983,0.21572184562683105,3.3494165948805934,2.0,0.0015982951518380393,0.7352926584595408,0.9408106186810662,0.7220539766199449,0.0,0.0,0.06292895421354477,1.5674574571437525,1.9159484784856937,1.0865899902848726,2.1726785546397567,1.1943965652323796,5.930113761007866,1.2565733805509418,0.6736657369394214,0.12385220470713591,0.015794916794634743,0.0,0.0,0.0,0.5332664765426682,0.8243442289009371,0.7122755335485287,0.5224858190479175,5.407627941959949,0.0,0.0,0.0,0.9840928688220336
194,12,0.9999057767226519,1,7,0.99614688236937,0.9199845165061297,Dataset\IR_trans_bmp\p8_560\p8064.bmp,p8_560,p8064.bmp,SC560,560,0.9333333333333333,7,320,240,RGB,794a541c4afdd647fa06207d08a24c277c89fdcb6b73cdf179a687b3b7835f4a,0.4199609375,0.11983381390878368,0.4770008623600006,0.45098039507865906,0.6627451181411743,0.7098039388656616,0.2003217315673828,0.5117425591742939,0.5462351328892244,0.0477029895210566,0.14387179845084086,0.7210758235325256,0.11254671216011047,0.28341846466064446,3.85659437800856,7.0,0.0501038663070102,0.5929431595615835,0.9582371730430453,0.7822785620595895,0.0,0.0,0.006200973552847797,0.29094967909961866,1.902458686013704,1.4768238613462314,1.5666139583914676,2.7569528415961306,4.651970359346417,0.7624717080581651,0.7475893715313304,0.9656156016494589,0.5801630856044399,0.2063683998387747,0.07838030570799616,0.007441168263417356,2.4111865562893375,0.42464266889901714,0.512200415465228,0.42885933091495365,4.223111028431464,0.0,0.0,0.0,0.858318890561833
195,12,0.9998900584581308,1,7,0.9983692162069271,0.922532628639798,Dataset\IR_trans_bmp\p8_560\p8065.bmp,p8_560,p8065.bmp,SC560,560,0.9333333333333333,7,320,240,RGB,dadc24c55799bea2cf6bc2fa99a5c54bb6424775e47ae11fd75c4924a8282f87,0.4181901041666667,0.12364168508889373,0.4797185957431793,0.45490196347236633,0.6666666865348816,0.7176470756530762,0.20061356862386068,0.49187519927666334,0.545967939910956,0.04668044436861326,0.14398089959332436,0.738699496276415,0.11099860072135925,0.2749576270580292,3.850469979902031,8.0,0.05193511224585111,0.5915123710419212,0.9581188127106312,0.7847712498085172,0.0,0.0,0.005479963882056232,0.240869321543108,1.8250770619920915,1.5632842419902233,1.5832113833795187,2.7820780272130023,4.627331319861756,0.7629604259426472,0.7517514089111685,0.9557555188840801,0.591836099262073,0.22094218015381262,0.08095401189401252,0.008469035090450541,2.4385839275150234,0.41572998723417504,0.5183547653890463,0.4503533953980758,4.17697792446368,0.0,0.0,0.0,0.8821821594439316
196,12,0.9999273312170243,1,7,0.9968810702072318,0.9427990637899684,Dataset\IR_trans_bmp\p8_560\p8066.bmp,p8_560,p8066.bmp,SC560,560,0.9333333333333333,7,320,240,RGB,656f8e7f6d540380586fe549ec95059a3a0717a38720034ad1fad9e5b09640f1,0.4195833333333333,0.125,0.48010700941085815,0.45098039507865906,0.6666666865348816,0.7176470756530762,0.20144490559895833,0.5048881225768544,0.5448852877622449,0.04515066776722005,0.14409267040666204,0.7493755877542386,0.11156624555587769,0.27729679346084596,3.8543192256277914,9.0,0.04704568023833168,0.5929913654007726,0.9580654967064951,0.7850504557291667,0.0,0.0,0.0029791459781529296,0.2529791459781529,1.7547169811320755,1.6166832174776564,1.6017874875868918,2.7708540218470703,4.637785501489573,0.7646474677259185,0.7375868917576961,0.9515888778550149,0.5908639523336644,0.2236842105263158,0.08465739821251242,0.009185700099304866,2.432472691161867,0.4183217477656405,0.5114200595829196,0.45357497517378353,4.184210526315789,0.0,0.0,0.0,0.8771238230278411
200,12,0.9998013644774048,1,7,0.9852350575112159,0.918115707141739,Dataset\IR_trans_bmp\p8_560\p8070.bmp,p8_560,p8070.bmp,SC560,560,0.9333333333333333,7,320,240,RGB,fe365a6124a8c8b526938fcb024c4434301d4a185318baaf297d7f2d13a7abe1,0.4208072916666667,0.1327124203230398,0.4841320812702179,0.45490196347236633,0.6705882549285889,0.7254902124404907,0.20372631072998046,0.5301621360633287,0.5489148647445031,0.057466672470883426,0.14337796081266063,0.7770279314963463,0.10996987670660019,0.27061665058135986,3.8562125045823437,7.0,0.08301875116034409,0.5905511099532996,0.9573367249731924,0.7884617225796569,0.0,0.0,0.002970480846587041,0.2066959589083483,1.6902036017080264,1.6906986818491243,1.5981186954638282,2.811312581224086,4.565133981063185,0.8032675289312458,0.7267776471316294,0.9394145677331518,0.6121665944674795,0.24085648864409925,0.10025372857231264,0.012129463456897084,2.4650040225261463,0.43393774367225696,0.5349340924562164,0.4440868865647627,4.122037254780618,0.0,0.0,0.0,0.9718082975232386
204,12,0.999923826847944,1,7,0.9961161545079613,0.926398373852608,Dataset\IR_trans_bmp\p8_560\p8074.bmp,p8_560,p8074.bmp,SC560,560,0.9333333333333333,7,320,240,RGB,1e74b1b71b491dd1ae402d6a64dd86f1df7c99938272acab6771dd85fd5d45ce,0.42,0.13922991071428573,0.4850534200668335,0.45490196347236633,0.6705882549285889,0.7215686440467834,0.2037224324544271,0.5210349671788398,0.5431940484318662,0.04804368495597808,0.1394296059976782,0.7370091611967156,0.09892712533473969,0.24078557640314102,3.837018636760381,4.0,0.09254092261904762,0.5908397908983284,0.9580596923828125,0.7899722828584559,0.0,0.0,0.00496031746031746,0.1884920634920635,1.5915178571428572,1.8236607142857142,1.5768849206349207,2.814484126984127,4.549355158730159,0.8097718253968254,0.6937003968253969,0.9424603174603174,0.6780753968253969,0.23139880952380953,0.09325396825396826,0.001984126984126984,2.4789186507936507,0.4174107142857143,0.5543154761904762,0.4412202380952381,4.108134920634921,0.0,0.0,0.0,0.8660502971061368
210,12,0.9999798703315689,1,7,0.9822524299244615,0.9095876993186307,Dataset\IR_trans_bmp\p8_560\p8080.bmp,p8_560,p8080.bmp,SC560,560,0.9333333333333333,7,320,240,RGB,ebee614bd5cb5dcb6a4e15c0f350cfd0bf3b5107718ae8ec20b7aa2ac409bd1d,0.4256510416666667,0.1272560416029367,0.4819493889808655,0.45490196347236633,0.6666666865348816,0.7215686440467834,0.2051422627766927,0.5112921593291211,0.5623625863861469,0.0633766916388343,0.14652371813537574,0.744324108300966,0.10657867789268494,0.27061671018600464,3.8787184721330497,8.0,0.05191189966350566,0.5876132815909785,0.9567522834329044,0.787367098939185,0.0,0.0004894463138574488,0.006852248394004282,0.2552462526766595,1.7436524931171613,1.534414193943102,1.6313245640868768,2.828020801468339,4.542795962067911,0.805383909452432,0.7515448149281125,0.9710614866931784,0.5981033955338024,0.22147445702049556,0.09397369226063017,0.01566228204343836,2.471948608137045,0.4189660446619761,0.5640868767207097,0.45542979504435604,4.089568675435913,0.0,0.0,0.0,0.8948002712333738
218,12,0.9998619980978715,1,8,0.9906855283163251,0.9964661446493777,Dataset\IR_trans_bmp\p9_600\p9088.bmp,p9_600,p9088.bmp,SC600,600,1.0,8,320,240,RGB,88aa76bb10aed507b501eec250d7bbe7e4b54f96521a57b06faa6fd651003d3c,0.42223958333333333,0.22816701615887505,0.521755576133728,0.47058823704719543,0.7490196228027344,0.8156862854957581,0.22030586242675781,0.5031122429184155,0.5476273234417964,0.04772890103713597,0.13887986299300928,0.8462500993451193,0.1290692687034607,0.3098287880420685,4.02918010071579,5.0,0.22650178857777228,0.5476629587525096,0.9474611768535539,0.8202016194661458,0.0,0.0027137042062415195,0.004440606882940668,0.1117552732206735,0.8229924756383372,2.0685827063031947,1.6630072776612803,3.326507956087332,4.119156284692242,0.803749845812261,0.6974219810040706,0.6182311582582953,0.8205254718144813,0.5321327248057235,0.2837054397434316,0.1250770938694955,2.691254471444431,0.640187492290613,0.4953743678302701,0.4460342913531516,3.7071666461083015,0.008634513383495744,0.009127914148266929,0.002220303441470334,0.9823681503709558
220,12,0.9994675601605556,1,8,0.9986758936574447,1.0,Dataset\IR_trans_bmp\p9_600\p9090.bmp,p9_600,p9090.bmp,SC600,600,1.0,8,320,240,RGB,2466726e2bfe4e47ae3c28c4e2e3f0b307846fdff7946bbf84b1d4c801655366,0.41889322916666666,0.23291162848528177,0.5251075029373169,0.47058823704719543,0.7529411911964417,0.8156862854957581,0.2199639892578125,0.5273833031825447,0.5512813138088177,0.05813448579927065,0.13863564532200287,0.8392285344902781,0.1289488822221756,0.31225141882896423,4.013851533579106,5.0,0.23123309813185788,0.540404804592026,0.9473444919960171,0.8237779804304535,0.0,0.002238040471231855,0.002238040471231855,0.09747909608032078,0.7462621615740884,2.083615678716857,1.6641074259426192,3.404059556743651,4.069503590189923,0.7877902458736129,0.720400360573187,0.6276460165988001,0.8290696590096671,0.5488172577787448,0.29094526126014114,0.12582760871592427,2.7423455907494327,0.6607192813403375,0.4781946473532063,0.44760809424637094,3.653476733704268,0.005968107923284946,0.010444188865748655,0.0012433558173510304,0.9375971939450519
223,12,0.9992250987491923,1,8,0.99933806649371,0.996468443526635,Dataset\IR_trans_bmp\p9_600\p9093.bmp,p9_600,p9093.bmp,SC600,600,1.0,8,320,240,RGB,6ae3eef32d4a59b33d8b0e455163386a0c65da913706f86aefb29318ddbf0082,0.4218359375,0.23036083587986542,0.5229710340499878,0.47058823704719543,0.7529411911964417,0.8156862854957581,0.2206079864501953,0.5326811797689194,0.5512815256574428,0.060809985897411545,0.138630914960037,0.8359185965050694,0.12983442842960358,0.31382349133491516,4.034381007522376,5.0,0.22866314782232922,0.5443263986257202,0.9474421482460171,0.8210101557712929,0.0,0.0029632373367904437,0.0029632373367904437,0.1155662561348273,0.8136555853937093,2.0495724912800566,1.6554619254869278,3.359817267030898,4.095193999444393,0.7983455258202921,0.7059912954903231,0.6185757940550051,0.8190881871778251,0.5454826064141741,0.2891625767818008,0.1281600148161867,2.710868290273791,0.6474673580887119,0.49140352501774853,0.46349970676297186,3.667993950057104,0.006420347563045961,0.010865203568231627,0.0014816186683952218,0.9321710363964678
229,12,0.999914248248875,1,8,0.9997091727170626,0.9791020085427626,Dataset\IR_trans_bmp\p9_600\p9099.bmp,p9_600,p9099.bmp,SC600,600,1.0,8,320,240,RGB,b9e4a69adc50676f4a0173dc57b70441cacbb10135d2513e7aab59fd98954135,0.42236979166666666,0.22865158147851286,0.5218061804771423,0.47058823704719543,0.7490196228027344,0.8156862854957581,0.22039517720540364,0.5080814560348885,0.5424557937503326,0.04321810216349876,0.13869151971588467,0.838192551172022,0.1304354965686798,0.3142983675003049,4.039393859830041,5.0,0.22698686725445466,0.5459026144869501,0.9472272087545955,0.8201086904488358,0.0,0.0029594919538812503,0.003945989271841667,0.12528515938097293,0.8488809421049387,2.0277452370676365,1.649916764288797,3.3412664159319316,4.108021456316665,0.8138602873173438,0.691287995560762,0.6192736913496516,0.8264381281213392,0.5235834515074912,0.28929033849189223,0.1282446513348542,2.6985634132807204,0.6407300080152907,0.49719464825205006,0.44836303101300945,3.694679080091251,0.007398729884703126,0.01109809482705469,0.0019729946359208334,0.9521490295557761
232,12,0.9995303525976132,1,8,0.9994283254277552,0.9882143650759936,Dataset\IR_trans_bmp\p9_600\p9102.bmp,p9_600,p9102.bmp,SC600,600,1.0,8,320,240,RGB,fed465aee5d81b22be25f524591dba3e2b4dc88ca40266b1583d9fd07cade29a,0.42096354166666666,0.22817816269718527,0.5208455920219421,0.47058823704719543,0.7490196228027344,0.8196078538894653,0.21925699869791668,0.5307301186989447,0.5409975219335525,0.05123609079490114,0.13878757360565458,0.8343058101531984,0.1323547512292862,0.3260802924633026,4.059448199739179,5.0,0.226322301268172,0.5435192598310928,0.946882719152114,0.8187202004825368,0.0,0.0032168264769563875,0.005443860191772348,0.13733374574698423,0.9056603773584906,1.9798329724713888,1.6126198577172906,3.3558923600371173,4.111599133931333,0.8178162697185277,0.6844416950201052,0.6280235075781009,0.8284565419115373,0.51023816888339,0.2818434890194865,0.13758119393751933,2.6867924528301885,0.6515310856789359,0.49316424373646767,0.45555211877513146,3.6899474172595115,0.007918342097123415,0.012619857717290442,0.0024744819053510673,0.951076200064626
239,12,0.9995727430316272,1,8,0.9985363508988465,0.9909485302990706,Dataset\IR_trans_bmp\p9_600\p9109.bmp,p9_600,p9109.bmp,SC600,600,1.0,8,320,240,RGB,e9ecaaeda6d22bfc0e5230da729efca56b8a5f4a47c3dbb224a18a56e0e12805,0.4198828125,0.2378515830930009,0.5292379856109619,0.4745098054409027,0.7607843279838562,0.8313725590705872,0.22221794128417968,0.541394061146255,0.5435284245740922,0.0600682282415782,0.13927179297218434,0.8686847617863236,0.13169121742248535,0.31767117977142334,4.041239069069369,6.0,0.23592892362080192,0.5435086894967702,0.9431132597081802,0.8264287013633579,0.0,0.003225106211430521,0.0017365956523087418,0.09501659069060688,0.7239123019195584,2.041244146742333,1.7410611839861072,3.3938040747976554,4.016001488510559,0.8211616584488479,0.7189506000558191,0.6025986913511334,0.7779948522343164,0.5753093311005675,0.3053927497131516,0.18259062858560487,2.726455174124725,0.6504791143362173,0.5259403975563618,0.477811889478091,3.5850776816448042,0.013396595032096009,0.013892765218469934,0.006946382609234967,0.8839910750201407
246,12,0.9996106282306112,1,8,0.9985523814954527,0.9954991256259733,Dataset\IR_trans_bmp\p9_600\p9116.bmp,p9_600,p9116.bmp,SC600,600,1.0,8,320,240,RGB,7ce7aad30f061874bfb28a21d3c8b1cfe39206c0203d0118cc494f8cb2c1b60f,0.4192578125,0.23888940650330756,0.5300071239471436,0.4745098054409027,0.7647058963775635,0.8313725590705872,0.22220962524414062,0.5454866929401642,0.5428739041685802,0.0625076866736354,0.1390146305227111,0.872331403898477,0.13151147961616516,0.3163128077983856,4.041071074221386,6.0,0.2367775396751452,0.5424889932131635,0.9420417935240503,0.8273989808325674,0.0,0.003975278735364452,0.003726823814404174,0.0879530420199385,0.7192769961800056,2.0003105686512,1.7796825988384732,3.4050746917606136,4.012795428429454,0.8228826982204416,0.7292151930184168,0.5858567036243362,0.7694648902139818,0.5798937855212895,0.31727693406627533,0.18261436690580451,2.710891642597596,0.6755489300909966,0.5175316003602596,0.49690984192055654,3.5658250256219137,0.013416565731855026,0.010435106680331688,0.009441286996490574,0.8692865102011955
252,12,0.9999487416489681,1,8,0.999560240354222,1.0,Dataset\IR_trans_bmp\p9_600\p9122.bmp,p9_600,p9122.bmp,SC600,600,1.0,8,320,240,RGB,b48861945fdc78772b9a05244bd37a2ab10c5936e12e7a739189448ac0e991fd,0.42020833333333335,0.24287307882994547,0.5335848927497864,0.47843137383461,0.772549033164978,0.8352941274642944,0.22421681722005207,0.5262815093722696,0.540585715675548,0.04835202220984267,0.1398343770018085,0.8676746080931506,0.13086850941181183,0.3184931844472885,4.0631368234827505,6.0,0.2407350024789291,0.5256744043787098,0.9399737189797794,0.8301447251263787,0.0,0.002974714923153198,0.0034705007436787306,0.09890927119484383,0.6923648983639068,1.9791769955379277,1.6641051065939514,3.5589985126425385,3.943480416460089,0.7518591968269708,0.8346554288547348,0.5917203767972236,0.7501239464551314,0.5949429846306395,0.3341596430342092,0.19905800694100148,2.799206742687159,0.702776400594943,0.4402578086266733,0.45290034705007437,3.541398116013882,0.021318790282597918,0.02454139811601388,0.01760039662865642,0.9119849524176151
0,13,0.004524617901208305,0,0,0.99031737621227,0.035350859058621675,Dataset\IR_trans_bmp\p1_Noload\p1001.bmp,p1_Noload,p1001.bmp,Healthy,0,0.0,0,320,240,RGB,58f27d307e5e28f038f75d47a28528409021f6ce0103395399370a2057938778,0.4160026041666667,0.12579423456133212,0.174331396818161,0.16862745583057404,0.2235294133424759,0.23137255012989044,0.07252231597900391,0.6410813349321292,0.5943771540662468,0.16973800480704282,0.2725616590924568,0.3463163326339116,0.044494595378637314,0.11091870814561844,2.0080920818743615,22.0,0.07377382703683996,0.7362949648382944,0.9960854324640013,0.5094796573414522,1.3323734702181602,4.467119471657955,2.1817271276096277,0.0187799305142571,0.0,0.0,0.0,0.0,8.0,0.0,0.0,0.0,0.0,0.0,0.0,0.0,0.0,0.0,0.0,3.385896272183793,4.614103727816207,0.0,0.0,0.0,0.8841032791276826
2,13,0.0008794096347627515,0,0,0.9985357901498251,0.009301999138274675,Dataset\IR_trans_bmp\p1_Noload\p1003.bmp,p1_Noload,p1003.bmp,Healthy,0,0.0,0,320,240,RGB,dad65b1160d08b161543a60d2ee1aded4ad5b5d6ab8d5456bd05d25fe858f8e3,0.4438020833333333,0.10741110198333528,0.1748281717300415,0.16862745583057404,0.22745098173618317,0.23137255012989044,0.07758910497029622,0.5881162271935451,0.6151266267496814,0.14497796274463548,0.2937365412102384,0.35625581408718576,0.05016033351421356,0.1335638165473938,2.0579129074773754,34.0,0.0418378124633259,0.7365696230414194,0.9962831384995404,0.5097707711014093,1.3120525759887338,4.358643351719282,2.2931580800375544,0.03614599225443023,0.0,0.0,0.0,0.0,8.0,0.0,0.0,0.0,0.0,0.0,0.0,0.0,0.0,0.0,0.0,3.5540429527050814,4.445957047294918,0.0,0.0,0.0,0.8781028051733979
4,13,0.00016583942056081716,0,0,0.9995125339035639,0.0061714842242183154,Dataset\IR_trans_bmp\p1_Noload\p1005.bmp,p1_Noload,p1005.bmp,Healthy,0,0.0,0,320,240,RGB,eec8dca1b26e806164c42cee1d69b219c986e489dbfc0602c914fb62de799827,0.4381380208333333,0.10044875033433386,0.17387647926807404,0.16862745583057404,0.22745098173618317,0.23137255012989044,0.07618189493815104,0.6020082966180206,0.618722186245073,0.15652683503386847,0.293879028400429,0.38217809664024505,0.0519721694290638,0.1390913426876068,2.0461708552615354,43.0,0.03768314065796903,0.7360460505139228,0.9962878657322304,0.508781702378217,1.3601592915094058,4.396683408125056,2.2117744955273557,0.03138280483818241,0.0,0.0,0.0,0.0,8.0,0.0,0.0,0.0,0.0,0.0,0.0,0.0,0.0,0.0,0.0,3.6487265594817084,4.351273440518292,0.0,0.0,0.0,0.8975292338701653
16,13,0.0016147161013290625,0,0,0.9923999384982338,0.0,Dataset\IR_trans_bmp\p1_Noload\p1017.bmp,p1_Noload,p1017.bmp,Healthy,0,0.0,0,320,240,RGB,9ca6770e988d8b8765e16963ffef2303841229edd7b7d495613bc4055737775f,0.40899739583333333,0.10786030371525898,0.17048130929470062,0.16470588743686676,0.21960784494876862,0.22745098173618317,0.06972640991210938,0.53679198814209,0.629041382232053,0.13418393614664345,0.2893348230696618,0.4472715374930978,0.04927799478173256,0.12994541227817535,1.959576452661322,35.0,0.03708891789500494,0.7341733112015538,0.9960166183172487,0.5055873496859682,1.5133551940403043,4.596606284422655,1.8681353665913216,0.021903154945719653,0.0,0.0,0.0,0.0,8.0,0.0,0.0,0.0,0.0,0.0,0.0,0.0,0.0,0.0,0.0,3.6428002928910255,4.3571997071089745,0.0,0.0,0.0,0.8209859982743752
27,13,0.9987321541353401,1,1,0.9993969434090345,0.12017069629887667,Dataset\IR_trans_bmp\p2_80\p2006.bmp,p2_80,p2006.bmp,SC80,80,0.13333333333333333,1,320,240,RGB,8b4103d2a0516075fab0cd1e96b4bf5f907363874c81642b61f63ebc7bf20c16,0.42302083333333335,0.1238303373553312,0.14830853044986725,0.14509804546833038,0.1764705926179886,0.1882352977991104,0.06273759841918945,0.48011999684283707,0.6533548028990669,0.1546379969404042,0.2634629406149694,0.1868195435400683,0.04350714012980461,0.10653393715620041,1.6917198677623673,31.0,0.04063038660428466,0.7227579468455394,0.9966103946461397,0.4810719807942708,2.3119921201674463,5.542477222359025,0.1455306574735287,0.0,0.0,0.0,0.0,0.0,8.0,0.0,0.0,0.0,0.0,0.0,0.0,0.0,0.0,0.0,0.009603545924649102,5.921201674464418,2.069194779610933,0.0,0.0,0.0,0.8755341345535775
30,13,0.998820308031287,1,1,0.9973940043840769,0.14369221228585116,Dataset\IR_trans_bmp\p2_80\p2009.bmp,p2_80,p2009.bmp,SC80,80,0.13333333333333333,1,320,240,RGB,f633870b61c12ec9f9f3b184c8a2285868500bcb218783b4b18c2cc3b258ee9a,0.41639322916666666,0.10991588229775791,0.15389414131641388,0.15294118225574493,0.18039216101169586,0.19607843458652496,0.06408047993977864,0.5234530460776405,0.6816205525985471,0.1831285627544801,0.24513889019692003,0.18834053085971142,0.04402587562799454,0.10710979998111725,1.6772859024222326,44.0,0.0368366740673567,0.7256275368802374,0.995849848728554,0.48830868590111826,1.6670940304574877,6.073235560836799,0.2596704087057131,0.0,0.0,0.0,0.0,0.0,8.0,0.0,0.0,0.0,0.0,0.0,0.0,0.0,0.0,0.0,0.005003283404734357,4.971512555114294,3.023484161480972,0.0,0.0,0.0,0.8528729319962686
39,13,0.9989869714037946,1,1,0.9992693554680662,0.1174970664762025,Dataset\IR_trans_bmp\p2_80\p2018.bmp,p2_80,p2018.bmp,SC80,80,0.13333333333333333,1,320,240,RGB,4c7e6fbbc3666b3d5791166fd1060f58d5b2604242205aa3aab89508d6a658b9,0.415625,0.11914160401002506,0.14107635617256165,0.1411764770746231,0.16862745583057404,0.18039216101169586,0.058634859720865885,0.5781724678040667,0.6621319965610296,0.17999366386471377,0.2536032849459144,0.11915903322652872,0.043925706297159195,0.1098039448261261,1.6422768253614484,46.0,0.03775062656641604,0.7187520458711593,0.9970055075252757,0.4713164086435355,3.216541353383459,4.722305764411027,0.061152882205513785,0.0,0.0,0.0,0.0,0.0,8.0,0.0,0.0,0.0,0.0,0.0,0.0,0.0,0.0,0.0,0.035839598997493734,6.67719298245614,1.286967418546366,0.0,0.0,0.0,0.897592716527671
40,13,0.9982484410949628,1,1,0.9978937846308606,0.08508375073181795,Dataset\IR_trans_bmp\p2_80\p2019.bmp,p2_80,p2019.bmp,SC80,80,0.13333333333333333,1,320,240,RGB,295a82ea72720532e07fe8b70833ce70511ee2dbb0a8e379d432674317a7b53a,0.4219791666666667,0.13249814860528264,0.13167919218540192,0.12941177189350128,0.1568627506494522,0.16862745583057404,0.05556587855021159,0.5905409702649476,0.632522853959898,0.16049914055282222,0.26799950134268014,0.1243711145796917,0.042409785091876984,0.10226199254393578,1.6121119776033739,43.0,0.03829301407059985,0.7135438972345277,0.9968533385033701,0.45735790776271446,4.586521846457665,3.4070599851888423,0.006418168353492965,0.0,0.0,0.0,0.0,0.0,8.0,0.0,0.0,0.0,0.0,0.0,0.0,0.0,0.0,0.0,0.08368304122438903,7.193532461120711,0.7227844976549,0.0,0.0,0.0,0.8366732614345468
43,13,0.9983754192047801,1,1,0.9995320924504719,0.12313850214196376,Dataset\IR_trans_bmp\p2_80\p2022.bmp,p2_80,p2022.bmp,SC80,80,0.13333333333333333,1,320,240,RGB,f0890e69f087fdb9bcf26a5a1c3527265a8913a8f7480e9c6fecb1354fc73a28,0.4173828125,0.12834191233816877,0.13517405092716217,0.1411764770746231,0.16470588743686676,0.1764705926179886,0.056419328053792316,0.5536498274224051,0.6240426985080746,0.13514767861720356,0.2619508710216779,0.0748088425085796,0.041474469006061554,0.10464049577713012,1.6364181869458378,16.0,0.054624863515832164,0.715468763639141,0.996900790345435,0.4625324623257506,3.9876462330369677,3.992637654032132,0.019716112930900014,0.0,0.0,0.0,0.0,0.0,8.0,0.0,0.0,0.0,0.0,0.0,0.0,0.0,0.0,0.0,0.07262517547964437,6.900639525815006,1.0267352987053502,0.0,0.0,0.0,0.7477564719189411
44,13,0.9997465460435271,1,1,0.9999054113966779,0.13277257600950254,Dataset\IR_trans_bmp\p2_80\p2023.bmp,p2_80,p2023.bmp,SC80,80,0.13333333333333333,1,320,240,RGB,32732f6c49c9450825fc073fe5d96e069d3b7dfc681c3135dc165149758ba452,0.41270833333333334,0.13225643614336194,0.12551458179950714,0.12941177189350128,0.15294118225574493,0.16470588743686676,0.05180091540018717,0.5303990807973485,0.6497723659480712,0.15282625989994875,0.25809687779247104,0.229111758918556,0.042612213641405106,0.1065339669585228,1.6370416392673104,26.0,0.04019434628975265,0.7098273165399136,0.996388334386489,0.4478366926604626,5.781171125694094,2.2170620898536093,0.0017667844522968198,0.0,0.0,0.0,0.0,0.0,8.0,0.0,0.0,0.0,0.0,0.0,0.0,0.0,0.0,0.0,0.14462392730943968,7.355123674911661,0.5002523977788995,0.0,0.0,0.0,0.7974956724949417
49,13,0.9997033510700966,1,2,0.9974454896360101,0.28453915255002304,Dataset\IR_trans_bmp\p3_160\p3028.bmp,p3_160,p3028.bmp,SC160,160,0.26666666666666666,2,320,240,RGB,d8d6bd473fbd56cc9b552859623458e5570d5c5509f31e6a62ac513eb0cb6472,0.4205078125,0.1278526087629664,0.20965099334716797,0.21176470816135406,0.239215686917305,0.24705882370471954,0.08815987904866536,0.5287494426872349,0.5862604194758746,0.09092519135520391,0.1848502107393098,0.06689441494359123,0.042358726263046265,0.10667819529771805,1.7799801189257094,25.0,0.057872735717603346,0.7542588217964385,0.9948412128523284,0.5456285663679534,0.012633534602879703,2.686979408577179,5.024678742839449,0.27570831398049234,0.0,0.0,0.0,0.0,8.0,0.0,0.0,0.0,0.0,0.0,0.0,0.0,0.0,0.0,0.0,0.10973834958971977,7.89026165041028,0.0,0.0,0.0,0.8691934234067019
52,13,0.9995576189104101,1,2,0.9969196837159613,0.2824902260557385,Dataset\IR_trans_bmp\p3_160\p3031.bmp,p3_160,p3031.bmp,SC160,160,0.26666666666666666,2,320,240,RGB,37c7d2f37d197c5659591fa9f7f8355ba6c97427bbef891f686aeb63cd74a18b,0.41139322916666665,0.1336920398797278,0.1982056200504303,0.19607843458652496,0.22745098173618317,0.239215686917305,0.08154045104980469,0.47995952397234654,0.5808185375666962,0.08326617977206857,0.1710301551399312,0.10411541395778719,0.043183840811252594,0.10938294231891632,1.842651500997135,35.0,0.06671941762937174,0.7483846142305343,0.9939181458716299,0.5354562796798407,0.04734926412407026,3.9826554834625734,3.8155404336129135,0.1544548188004431,0.0,0.0,0.0,0.0,8.0,0.0,0.0,0.0,0.0,0.0,0.0,0.0,0.0,0.0,0.0,0.5383130242126919,7.461686975787308,0.0,0.0,0.0,0.9017651594660686
53,13,0.9995085312250677,1,2,0.9981164517793959,0.2906124423613059,Dataset\IR_trans_bmp\p3_160\p3032.bmp,p3_160,p3032.bmp,SC160,160,0.26666666666666666,2,320,240,RGB,c66fa3d10afb5fe2c3abd5ce6679d80cdda4c6d51ee4f5380ba7eab611e37f4d,0.4110286458333333,0.1276332879272658,0.1913338601589203,0.1882352977991104,0.2235294133424759,0.23137255012989044,0.07864369710286458,0.4744656670853019,0.5778464107636203,0.08192719832983998,0.16958689555116288,0.16796916874601056,0.04351574555039406,0.10980391502380371,1.8791474556406378,35.0,0.0643393417176165,0.7448028052985335,0.9936985389859069,0.5290740966796875,0.07248075521905788,4.713023093737131,3.115151899135173,0.09934425190863877,0.0,0.0,0.0,0.0,8.0,0.0,0.0,0.0,0.0,0.0,0.0,0.0,0.0,0.0,0.0,1.0474229416796021,6.952577058320398,0.0,0.0,0.0,0.9267109269080192
54,13,0.998603842493795,1,2,0.9977912823939576,0.2845653583796055,Dataset\IR_trans_bmp\p3_160\p3033.bmp,p3_160,p3033.bmp,SC160,160,0.26666666666666666,2,320,240,RGB,e259bd41c8384e02ae8a11f2ed4552792cdc680c05d4cfe700225f2d2a148dbc,0.40984375,0.12139407802770365,0.19088619947433472,0.1882352977991104,0.2235294133424759,0.23137255012989044,0.07823351542154948,0.46885102074630575,0.5748609868749625,0.08108283581893505,0.1679168959434887,0.16160003565086486,0.04281112924218178,0.10653393715620041,1.8688442939713212,36.0,0.06255559791587241,0.7445877330929207,0.9936473173253676,0.5286613913143382,0.07980683695514043,4.764773160503241,3.067225822849155,0.0881941796924641,0.0,0.0,0.0,0.0,8.0,0.0,0.0,0.0,0.0,0.0,0.0,0.0,0.0,0.0,0.0,1.0387596899224807,6.961240310077519,0.0,0.0,0.0,0.9592928284366515
60,13,0.9994097772717226,1,2,0.9983905292868045,0.2603924212759253,Dataset\IR_trans_bmp\p3_160\p3039.bmp,p3_160,p3039.bmp,SC160,160,0.26666666666666666,2,320,240,RGB,caab808f93d7a28be48bd46f9c35e67de8b682023fcf0241c13e32886e0a2bbb,0.41630208333333335,0.11594520205179532,0.19523417949676514,0.19607843458652496,0.22745098173618317,0.239215686917305,0.08127639770507812,0.4818664732147656,0.5747722681811263,0.07693969640322919,0.16771987550008946,0.14012498003333734,0.04503520205616951,0.11379307508468628,1.925837677470321,30.0,0.058488677592893785,0.746853194423228,0.9939883961397059,0.5325640510110294,0.05604904291254848,4.2772425872638555,3.5138245965219568,0.15288377330163894,0.0,0.0,0.0,0.0,8.0,0.0,0.0,0.0,0.0,0.0,0.0,0.0,0.0,0.0,0.0,0.8402352058050795,7.1597647941949205,0.0,0.0,0.0,0.9360147286715992
67,13,0.9998702046981303,1,2,0.9992015049486452,0.2378835795500014,Dataset\IR_trans_bmp\p3_160\p3046.bmp,p3_160,p3046.bmp,SC160,160,0.26666666666666666,2,320,240,RGB,21970042015af833aaa11f4ba96e516c76206611dc2acb8654f8ba7a781535ef,0.41151041666666666,0.12400329072269332,0.20174972712993622,0.20392157137393951,0.23137255012989044,0.24313725531101227,0.08302211125691732,0.4930009697854363,0.5787883413524076,0.07909860401428008,0.15959752336419242,0.2278581138298541,0.036126647144556046,0.08663027733564377,1.8298108925707144,31.0,0.06435894190608783,0.7503264869391585,0.9942638322418811,0.5387338675704657,0.006581445386659917,3.798506518162258,3.9949373497025693,0.19997468674851285,0.0,0.0,0.0,0.0,8.0,0.0,0.0,0.0,0.0,0.0,0.0,0.0,0.0,0.0,0.0,0.3771674471585875,7.6228325528414125,0.0,0.0,0.0,0.9168530759902018
80,13,0.9999664255681309,1,3,0.9975444760987978,0.4001065538379442,Dataset\IR_trans_bmp\p4_240\p4002.bmp,p4_240,p4002.bmp,SC240,240,0.4,3,320,240,RGB,cca5685667c24c610a2fe29ff621247fbad88f2b0710d83dfc178caad42f9809,0.41305989583333336,0.10799735207893327,0.263411283493042,0.250980406999588,0.32549020648002625,0.3294117748737335,0.1088046391805013,0.5435806445228859,0.5623940409892912,0.07610708855292982,0.14812644446448822,0.24942253804056844,0.03658554330468178,0.08768893778324127,2.422838030654719,10.0,0.04268196576616335,0.7815475890090345,0.9958140055338541,0.5789572921453737,0.0,0.22292973552312204,3.8271285817860856,2.757368470825584,1.1827380764744821,0.009835135390725972,0.0,0.0,8.0,0.0,0.0,0.0,0.0,0.0,0.0,0.0,0.0,0.0,0.0,0.0,8.0,0.0,0.0,0.0,0.8790322316672051
83,13,0.9998671969619986,1,3,0.9988670084778858,0.39642338190550164,Dataset\IR_trans_bmp\p4_240\p4005.bmp,p4_240,p4005.bmp,SC240,240,0.4,3,320,240,RGB,cb83868565f0c9f31ccf8721a9d9737f3e9458e15ac54b2798002a99e9c73c22,0.3819270833333333,0.13732442383744717,0.26331424713134766,0.25882354378700256,0.3176470696926117,0.3294117748737335,0.10056683858235677,0.5191763515171741,0.5722333638131434,0.07473547554724033,0.14575949559981027,0.1628097246438749,0.039478600025177,0.09920870512723923,2.439313234429874,9.0,0.06624164734760671,0.7814686524801414,0.9955329446231618,0.5787679036458333,0.0,0.24710214100640937,3.673257875357971,2.9810445929360427,1.0942315559798172,0.004363834719759989,0.0,0.0,8.0,0.0,0.0,0.0,0.0,0.0,0.0,0.0,0.0,0.0,0.0,0.0038183553797899905,7.99618164462021,0.0,0.0,0.0,0.9184502343005756
87,13,0.9999436855583114,1,3,0.9975597202579084,0.41295715199949096,Dataset\IR_trans_bmp\p4_240\p4009.bmp,p4_240,p4009.bmp,SC240,240,0.4,3,320,240,RGB,130714a2f195d027126521c25b6c594c36b9db0816a7133590c998c94506e6c5,0.3996875,0.11060072973677353,0.26257917284965515,0.250980406999588,0.32549020648002625,0.3294117748737335,0.1049496078491211,0.5375487781388391,0.5703620913670743,0.07975421394050766,0.1459849680504515,0.20208852238318553,0.037222787737846375,0.09411764144897461,2.424996906389219,9.0,0.0539809747198332,0.7810420030988129,0.9954818426393995,0.5781596464269302,0.0,0.24967422465467815,3.778472765181131,2.7500651550690645,1.216836069846234,0.0049517852488923635,0.0,0.0,8.0,0.0,0.0,0.0,0.0,0.0,0.0,0.0,0.0,0.0,0.0,0.0010424811050299713,7.99895751889497,0.0,0.0,0.0,0.8756521876072461
100,13,0.9999369908660074,1,4,0.6576410444275436,0.43236412169266003,Dataset\IR_trans_bmp\p4_240\p4022.bmp,p4_240,p4022.bmp,SC240,240,0.4,3,320,240,RGB,8ce48e2dcc5ea23281ce8bbd467a767b28244d06f76a84fc8a761a353ca091eb,0.4305338541666667,0.11571147739301377,0.25761595368385315,0.24705882370471954,0.3176470696926117,0.32549020648002625,0.11091238657633463,0.4851801910013176,0.5590260685387525,0.06085806031988641,0.16240249738492285,0.2805793038598551,0.04325404390692711,0.110083669424057,2.4830721115133625,11.0,0.0489339180402238,0.7785926690980709,0.9954883650237438,0.5754364013671875,0.0,0.546075911084228,3.775593527899592,2.75263874187207,0.9075457432330258,0.018146075911084227,0.0,0.0,8.0,0.0,0.0,0.0,0.0,0.0,0.0,0.0,0.0,0.0,0.0,0.006532587327990322,7.993467412672009,0.0,0.0,0.0,0.903743849641271
102,13,0.9998388168490604,1,3,0.9917907341263208,0.3868434234827429,Dataset\IR_trans_bmp\p4_240\p4024.bmp,p4_240,p4024.bmp,SC240,240,0.4,3,320,240,RGB,de40d5f1f87a2cc805ba9169c6c46914ba8de3fb46d6d0114be0c448b3c15b24,0.4083984375,0.11002710027100271,0.2595457136631012,0.24705882370471954,0.32549020648002625,0.3294117748737335,0.10599806467692058,0.5121601827426439,0.5629227290518649,0.06408697118501465,0.15079762141680456,0.24971145976004377,0.04198628291487694,0.10595494508743286,2.4918739047319582,11.0,0.052223816355810616,0.7794949835239176,0.9951993456073835,0.5759495753867954,0.0,0.5414952973059143,3.6705882352941175,2.5835166586959986,1.190371433126096,0.014028375577873425,0.0,0.0,8.0,0.0,0.0,0.0,0.0,0.0,0.0,0.0,0.0,0.0,0.0,0.0033157978638609915,7.996684202136139,0.0,0.0,0.0,0.8973102724292032
107,13,0.9997428112547666,1,4,0.9984185437323095,0.5186747825947159,Dataset\IR_trans_bmp\p5_320\p5029.bmp,p5_320,p5029.bmp,SC320,320,0.5333333333333333,4,320,240,RGB,6c14e34245561bcf69db7c171789c9cee62e209d721f5e93054875df8a4071ed,0.397421875,0.10569425332547015,0.29800206422805786,0.2823529541492462,0.3921568691730499,0.40392157435417175,0.11843254089355469,0.5482448385316694,0.5304034132202948,0.05702571332645344,0.14295981123659543,0.3383344551282955,0.0531267374753952,0.12994541227817535,2.795596828219724,10.0,0.04911211585086167,0.8009779093651798,0.9971412209903493,0.5998475916245405,0.0,0.06211912718694712,3.053010942926414,1.6523163619684162,1.821898958128563,1.378153463075814,0.03250114671384575,0.0,8.0,0.0,0.0,0.0,0.0,0.0,0.0,0.0,0.0,0.0,0.0,0.0005242120437717057,7.999475787956229,0.0,0.0,0.0,0.9790926376632115
112,13,0.9999381389762491,1,4,0.9970431258085848,0.5379535680203333,Dataset\IR_trans_bmp\p5_320\p5034.bmp,p5_320,p5034.bmp,SC320,320,0.5333333333333333,4,320,240,RGB,94deecf594a4e1c2ed8e5d69bb435d9aa86727c675334137c96a288483469ff0,0.40001302083333334,0.10452133719605482,0.29824796319007874,0.2823529541492462,0.3921568691730499,0.40392157435417175,0.11930306752522786,0.5522828046744113,0.5337698656020641,0.06224062569900877,0.14123621378266699,0.35169682909908834,0.052342489361763,0.1264667809009552,2.783892002744966,8.0,0.051267862374271674,0.8010545442890189,0.99723648370481,0.6000662410960478,0.0,0.050779597018326225,3.0394843917841214,1.6916116011848572,1.7926499788418346,1.3937046320106767,0.03176979916018359,0.0,8.0,0.0,0.0,0.0,0.0,0.0,0.0,0.0,0.0,0.0,0.0,0.0,8.0,0.0,0.0,0.0,0.9526151555511861
114,13,0.9996466702012449,1,4,0.9984325877572235,0.530983142081652,Dataset\IR_trans_bmp\p5_320\p5036.bmp,p5_320,p5036.bmp,SC320,320,0.5333333333333333,4,320,240,RGB,eff8538bb307271e92a6ed16cc2b1a8410f2c09fbcafc6e88d24fcad877a1308,0.39815104166666665,0.10465040224998365,0.2983839511871338,0.2823529541492462,0.3921568691730499,0.40392157435417175,0.1188018798828125,0.5464793712225962,0.5326553785737049,0.05680409931545334,0.14204064229502208,0.3484415222576908,0.052704107016325,0.12767700254917144,2.7861168207275404,8.0,0.050951664595460786,0.8011476314267633,0.9972211052389706,0.6001488779105392,0.0,0.056772843220616126,3.0220419909739027,1.6921970043822356,1.79213813853097,1.4031002681666558,0.033749754725619724,0.0,8.0,0.0,0.0,0.0,0.0,0.0,0.0,0.0,0.0,0.0,0.0,0.0,8.0,0.0,0.0,0.0,0.977075783773212
124,13,0.9997981482666336,1,4,0.9955748072049303,0.5340895151216284,Dataset\IR_trans_bmp\p5_320\p5046.bmp,p5_320,p5046.bmp,SC320,320,0.5333333333333333,4,320,240,RGB,165fb9e6cb155a2be91eb662bac513c5bee87103abbd38f6adaeaa45bf66b870,0.39938802083333336,0.10409806670361556,0.2955383062362671,0.2823529541492462,0.3921568691730499,0.40392157435417175,0.11803446451822917,0.5065832492263753,0.5281094564460974,0.028870066021254935,0.14547429601134623,0.32244930687910267,0.054334498941898346,0.1364119529724121,2.854184859604947,9.0,0.04521892217911518,0.7996913973845583,0.9965653961780024,0.598213285558364,0.0,0.11710624979623774,3.0867538225801194,1.5954096436605483,1.8173638053010792,1.3218139732011867,0.061552505460828744,0.0,8.0,0.0,0.0,0.0,0.0,0.0,0.0,0.0,0.0,0.0,0.0,0.000521631402210413,7.9994783685977895,0.0,0.0,0.0,0.8313093812583698
127,13,0.9996899278557294,1,4,0.9471059787037375,0.5302964810374237,Dataset\IR_trans_bmp\p5_320\p5049.bmp,p5_320,p5049.bmp,SC320,320,0.5333333333333333,4,320,240,RGB,a6ade9b1d73ad3f971e97b3372255d8cbaa1327c6ef32418b83a6df50dfac1fc,0.4158854166666667,0.1160926737633062,0.2991763949394226,0.2823529541492462,0.3921568691730499,0.40784314274787903,0.12442310333251953,0.5413372780119764,0.539648913163682,0.05727832808751164,0.1450082165262559,0.36497437321390963,0.05157224088907242,0.12573504447937012,2.7968851438297526,7.0,0.05309956167814652,0.8016191194843314,0.9970682779947917,0.6013769411573223,0.0,0.03907326236693801,3.0103944896681276,1.747025673137132,1.6911709455228554,1.471008140262993,0.041327489041953665,0.0,8.0,0.0,0.0,0.0,0.0,0.0,0.0,0.0,0.0,0.0,0.0,0.0,8.0,0.0,0.0,0.0,0.9634092102142756
133,13,0.9986716689465372,1,5,0.9844039779035255,0.6648545154508412,Dataset\IR_trans_bmp\p6_400\p6003.bmp,p6_400,p6003.bmp,SC400,400,0.6666666666666666,5,320,240,RGB,0a5b4559d1bfcc2359cf06e3158feb2fcc840eaeca682d8a3042af8a8d92d81b,0.40846354166666665,0.10739560089257252,0.3430519998073578,0.32549020648002625,0.4627451002597809,0.47058823704719543,0.14012423197428386,0.5453851822123139,0.5594136645952343,0.07476495372218148,0.1482994468024758,0.11436311992036137,0.07152268290519714,0.18839861452579498,3.1309517178475494,9.0,0.0385718839655722,0.8266246944832403,0.9737156288296569,0.6602867575252758,0.0,0.06681542875358623,1.9751354797577303,1.7040484539368823,0.9078737647433854,1.3067261715014344,1.9965572202741473,0.04284348103283392,7.729933057060887,0.2499203060248645,0.020146636914249283,0.0,0.0,0.0,0.0,0.0,0.004590372967803634,0.053299330570608865,0.2121772394007013,0.5919030921262353,7.138029964934651,0.0,0.0,0.0,0.8104522870568668
140,13,0.9998082494155505,1,5,0.9991895123202644,0.6597210483922133,Dataset\IR_trans_bmp\p6_400\p6010.bmp,p6_400,p6010.bmp,SC400,400,0.6666666666666666,5,320,240,RGB,c2af62265426685801b823df06e8a458140a97c550d313671be0cbb20dacfae3,0.41802083333333334,0.10802392225267879,0.32278749346733093,0.30588236451148987,0.45490196347236633,0.4627451002597809,0.13493189493815105,0.509417718729976,0.5484798547710502,0.04938612907182603,0.1473524096689421,0.17110130425104667,0.07508125901222229,0.20003843307495117,3.259276608967481,8.0,0.04513456267131821,0.8160695337050454,0.9787229650160846,0.641116512522978,0.00398704211313232,0.3573386493894842,2.647894343384002,1.172439571392973,0.8497383503613257,1.3010216795414902,1.6426613506105159,0.024919013207076998,7.839770745078495,0.15325193122352354,0.00697732369798156,0.0,0.0,0.0,0.0,0.0,0.0,0.03314228756541241,0.1270869673560927,0.4134064291054074,7.426364315973087,0.0,0.0,0.0,0.9785549355832894
147,13,0.9998575258491297,1,5,0.999143104898208,0.6733654759940861,Dataset\IR_trans_bmp\p6_400\p6017.bmp,p6_400,p6017.bmp,SC400,400,0.6666666666666666,5,320,240,RGB,1789e321515e740b3dc14775e3beb916ed23548b29675cd2e9d984f43f96489c,0.40859375,0.11424474187380497,0.32514604926109314,0.30980393290519714,0.45490196347236633,0.4627451002597809,0.13285264333089192,0.5066159797645697,0.5476279055199205,0.04808522197577616,0.14525756117416647,0.13475634421903548,0.07686964422464371,0.205805714428425,3.2575213635940194,8.0,0.07402804333970682,0.8178922344186452,0.9780052035462623,0.6435426599839155,0.0033142128744423197,0.32734225621414914,2.6248565965583173,1.1459528362014022,0.8413001912045889,1.3210962396430848,1.71421287444232,0.02192479286169535,7.839388145315487,0.15423836838750796,0.006373486297004461,0.0,0.0,0.0,0.0,0.0,0.0005098789037603569,0.030082855321861057,0.13001912045889102,0.44384958572339067,7.395538559592097,0.0,0.0,0.0,0.9804271035966591
151,13,0.9996396135246125,1,5,0.9990373916656026,0.6848488934147667,Dataset\IR_trans_bmp\p6_400\p6021.bmp,p6_400,p6021.bmp,SC400,400,0.6666666666666666,5,320,240,RGB,b7a302fb522b34fb1b349b39e99745f45c2d181a524e7447e4d89f9b4b5d6cdc,0.4063671875,0.10503380435130892,0.32439979910850525,0.30980393290519714,0.45490196347236633,0.4627451002597809,0.13182543436686198,0.5318542439311734,0.5543369817602828,0.06298571618425881,0.1465502115484389,0.14963080141410282,0.07601702958345413,0.19748519361019135,3.237605638398488,10.0,0.04453843442596687,0.8173929566111644,0.9791007846009497,0.6423285390816483,0.005126726264859495,0.29811913230157966,2.6707680476785542,1.159921817424461,0.8502675510269474,1.341920599826973,1.6538818930436734,0.019994232432952033,7.856451664583934,0.13893428177769232,0.004614053638373546,0.0,0.0,0.0,0.0,0.0,0.0,0.0284533307699702,0.11509500464609568,0.3986029670928258,7.457848697491109,0.0,0.0,0.0,0.9019352997567222
152,13,0.9988207003055907,1,5,0.9887571532010188,0.6220788636746853,Dataset\IR_trans_bmp\p6_400\p6022.bmp,p6_400,p6022.bmp,SC400,400,0.6666666666666666,5,320,240,RGB,06ec14a80014a5100d3d047ff24abfa2d4edfd3b33206bfcb96bfcdf7fa95d99,0.4061458333333333,0.11393947165939984,0.3162926435470581,0.29411765933036804,0.45098039507865906,0.4627451002597809,0.1284609349568685,0.5064851554336026,0.5441873075985784,0.04466066942858522,0.14143125600301826,0.17814784835347544,0.07965412735939026,0.20964808762073517,3.2799508940183015,6.0,0.08040523211079764,0.8133771672595147,0.980648624195772,0.6346265007467831,0.015388561169530648,0.7422416004103616,2.4572967427545525,1.073865093613747,0.8538086688894588,1.3272634008720186,1.517312131315722,0.012823800974608874,7.884329315209028,0.11438830469351116,0.0012823800974608873,0.0,0.0,0.0,0.0,0.0,0.0,0.017696845344960247,0.0979738394460118,0.38086688894588355,7.503462426263145,0.0,0.0,0.0,0.9036850250017716
164,13,0.9997238535557661,1,6,0.9971538687882149,0.8065258854024469,Dataset\IR_trans_bmp\p7_480\p7034.bmp,p7_480,p7034.bmp,SC480,480,0.8,6,320,240,RGB,2c4812ca641879176e6764c4edd3211c3166a9e97694e14714d5633febe89c41,0.41596354166666666,0.002379014587115758,0.4063080847263336,0.40392157435417175,0.5215686559677124,0.545098066329956,0.1690093485514323,0.6612389581893066,0.5319642751314962,0.1643767517706045,0.10813319440981287,0.26692750697797424,0.08090955764055252,0.21693044900894165,3.343666733917248,2.0,0.0015025355287046891,0.7343534331081966,0.9400197347005208,0.723121373793658,0.0,0.0,0.0555938145620735,1.5233206035184375,1.9420271708508108,1.0745633256119702,2.1949539848494335,1.2095411006072747,5.895698992049083,1.2831653415138045,0.6801477493269893,0.1252112940587241,0.015776623051399236,0.0,0.0,0.0,0.5271395479872284,0.8464283478369748,0.7307331121267139,0.5243848995179365,5.371314092531146,0.0,0.0,0.0,0.9928833321032786
171,13,0.999926829877885,1,6,0.9962460825040362,0.7987782914577954,Dataset\IR_trans_bmp\p7_480\p7041.bmp,p7_480,p7041.bmp,SC480,480,0.8,6,320,240,RGB,9f66f4a6c4177dab1531599190f82af292c19e5524765cb109f1ed1024e87576,0.41725260416666665,0.002746138243095647,0.4082203209400177,0.40784314274787903,0.5254902243614197,0.5490196347236633,0.17033098856608073,0.654583484465262,0.5385725078350624,0.15932323129445958,0.10813856676612672,0.28888683805869675,0.08209367841482162,0.21880807578563705,3.358062819699949,2.0,0.0017475425183335934,0.7285688176501397,0.9404909021714154,0.7244961009306066,0.0,0.0,0.0486815415821501,1.4591980028085505,1.965735684194102,1.0994538929630207,2.15946325479794,1.2674676236542362,5.873989701981588,1.2467467623654236,0.7164924325167733,0.14454673115930722,0.018224371976907475,0.0,0.0,0.0,0.5731939460134187,0.869027929474177,0.6837884225308161,0.514526447183648,5.359463254797941,0.0,0.0,0.0,0.9542603833184599
174,13,0.9998133872986309,1,6,0.9951497375157223,0.7810461051853117,Dataset\IR_trans_bmp\p7_480\p7044.bmp,p7_480,p7044.bmp,SC480,480,0.8,6,320,240,RGB,33da5477e56af9fdd36adce3ae3a7ecf07cb22ea80fd1ab35bd9adc96d18b540,0.41388020833333333,0.002737054048952369,0.40798306465148926,0.40784314274787903,0.5215686559677124,0.5490196347236633,0.16885611216227214,0.6858906134572427,0.5461844052544547,0.19154195221991893,0.10425559412364042,0.2882038586891069,0.08185505867004395,0.21974784135818481,3.35464319031655,2.0,0.0018876234820361165,0.729323744107891,0.9401057224647672,0.7245217117608762,0.0,0.0,0.05008494305669162,1.469074435285975,1.9651418863650665,1.0799723148555969,2.175297300698421,1.2604291197382496,5.8695022966085695,1.2722582268923426,0.6946454413892909,0.1462278990750645,0.017366136034732273,0.0,0.0,0.0,0.5615050651230101,0.8761089787956963,0.6928836594727238,0.5139369533757,5.35556534323287,0.0,0.0,0.0,0.8648685839583177
176,13,0.9998435839657885,1,6,0.8921105434357642,0.793542221215679,Dataset\IR_trans_bmp\p7_480\p7046.bmp,p7_480,p7046.bmp,SC480,480,0.8,6,320,240,RGB,8e1ada1ae4892f3719f2ba833558331c874518acd0958d66a3a273f7f596c55c,0.41106770833333334,0.0018371872030408616,0.40758588910102844,0.40392157435417175,0.5215686559677124,0.5490196347236633,0.16754539489746093,0.624513247931708,0.5145501382246626,0.12536050188500278,0.12667891114519098,0.2817712563282534,0.08192058652639389,0.21407587379217147,3.3505230267545687,3.0,0.0009502692429521698,0.7319748521517109,0.9406972249348958,0.7233935187844669,0.0,0.0,0.03978460563826418,1.4786189420335762,1.9963256255939184,1.0888818498574595,2.161292366170415,1.2350966107063668,5.894963573012354,1.2541019955654102,0.6882483370288248,0.15102945834653153,0.01165663604687995,0.0,0.0,0.0,0.5509027557808046,0.8400380107697181,0.7140956604371238,0.5187203040861578,5.376243268926196,0.0,0.0,0.0,0.8041133582429166
181,13,0.9997223045139164,1,6,0.9979494299428819,0.7744013675939303,Dataset\IR_trans_bmp\p7_480\p7051.bmp,p7_480,p7051.bmp,SC480,480,0.8,6,320,240,RGB,888d52de31f58b3142c9066fa3c2538fa006a2dc2e82821802860d569fb0696f,0.41790364583333334,0.002212182582956847,0.40457797050476074,0.40392157435417175,0.5215686559677124,0.545098066329956,0.16907460530598958,0.6659726857152138,0.550255603997888,0.1734144115600364,0.10171696312450398,0.27386482871345347,0.08248840272426605,0.21876588463783264,3.354445478620854,2.0,0.001589032559588721,0.7385132006426763,0.9408198337928921,0.7216728659237133,0.0,0.0004985200186945007,0.07303318273874436,1.5875369995326374,1.9001090512540895,1.0650880199408008,2.2086929428259854,1.1650412836890482,5.930643402399127,1.2687334475775043,0.6463312042374202,0.13908708521576568,0.015204860570182272,0.0,0.0,0.0,0.5279326997974763,0.7826764293503661,0.7587474684530301,0.5269356597600873,5.403707742639041,0.0,0.0,0.0,0.9447018485099444
182,13,0.9994271845510287,1,6,0.9985846550334933,0.7868131155237181,Dataset\IR_trans_bmp\p7_480\p7052.bmp,p7_480,p7052.bmp,SC480,480,0.8,6,320,240,RGB,8b2eb6c5544c03828360accd8d830622167d3b7f7b4661f21144f5ea92241a51,0.41703125,0.002466591732234295,0.4072982668876648,0.40784314274787903,0.5215686559677124,0.5490196347236633,0.16985610961914063,0.6737783984023789,0.5518986271288716,0.18136261811398058,0.09884229997195056,0.2860376631455472,0.0801582783460617,0.21600688993930817,3.351004109103921,2.0,0.0018109154489821407,0.732839573695007,0.9403907327090992,0.7239365521599265,0.0,0.0,0.0469589109529162,1.4817035094292494,1.9722742600224803,1.0783064818284,2.1935806169601597,1.227176220806794,5.889097040089921,1.266142125640065,0.6799050830523292,0.1488697389783939,0.01598601223929062,0.0,0.0,0.0,0.5580117397277382,0.8110403397027601,0.7418508804795804,0.5207943049831397,5.368302735106782,0.0,0.0,0.0,0.916199214296021
186,13,0.9999528450027316,1,7,0.9981862332017871,0.9254812230386044,Dataset\IR_trans_bmp\p8_560\p8056.bmp,p8_560,p8056.bmp,SC560,560,0.9333333333333333,7,320,240,RGB,7ff00accd2ade2793bf27e6e119015936d7e222cf77c989078af376c84a9605f,0.421640625,0.11561978877153975,0.4763132631778717,0.45098039507865906,0.658823549747467,0.7098039388656616,0.20083302815755208,0.5124504441606338,0.547469140034577,0.049074767604333526,0.14489863850827012,0.732645972400015,0.11059547960758209,0.2749576270580292,3.8590981282039043,8.0,0.0425853869433636,0.5961369349303858,0.9579905790441177,0.7818507175819547,0.0,0.0,0.005929219937002038,0.3115310975233154,1.828176147242295,1.5546908776480761,1.5724785374590822,2.727194120190229,4.6628373787906865,0.7722808967945155,0.7544932369835093,0.9696745105305417,0.5390649126057686,0.21987523933049224,0.07460935087394231,0.007164474090544129,2.4005929219937,0.42146871718856155,0.515100982027052,0.42443332715706256,4.238404051633624,0.0,0.0,0.0,0.8609711776515933
191,13,0.9999739776270794,1,7,0.9975474804679654,0.9307626837658907,Dataset\IR_trans_bmp\p8_560\p8061.bmp,p8_560,p8061.bmp,SC560,560,0.9333333333333333,7,320,240,RGB,ea509bd5a956be8dbb7444aea0bdc3d71cb200866dcd59f8798525259e06a011,0.41921875,0.12880482047459313,0.48283734917640686,0.45490196347236633,0.6666666865348816,0.7176470756530762,0.20241447448730468,0.5068373850999763,0.547087011404882,0.047580841502109526,0.1422645966471327,0.7195686918933233,0.11002197116613388,0.2712978571653366,3.845907148883665,8.0,0.05590756615728662,0.5883617294567257,0.9575922348920036,0.788197416417739,0.0,0.0,0.0024847807181016274,0.2221393961982855,1.6578456951174059,1.7087836998384893,1.5823083612871165,2.8264380668406015,4.5444154553360665,0.8169959001118151,0.7372344390607529,0.9700583923468754,0.622934526028078,0.22760591377810907,0.07528885575847931,0.00546651757982358,2.477574854019133,0.4368244502422661,0.5411852404025345,0.4010436079016027,4.143371847434464,0.0,0.0,0.0,0.9119977043727269
193,13,0.9999618565613885,1,7,0.9965672575242283,0.9162864448610899,Dataset\IR_trans_bmp\p8_560\p8063.bmp,p8_560,p8063.bmp,SC560,560,0.9333333333333333,7,320,240,RGB,de4aadea4e416b0c3d031516b4b01b5ba9593ce4848dc91215c5f2e525dcf07d,0.4199609375,0.1306545127585031,0.482826828956604,0.45490196347236633,0.6705882549285889,0.7215686440467834,0.20276840209960936,0.48216238258233596,0.5432838184785299,0.04681527034228553,0.14272592237610907,0.7309419416756776,0.10985886305570602,0.27197715640068054,3.8495547915880723,7.0,0.0819148606331194,0.5879498273966699,0.9575784122242647,0.7876014859068627,0.0,0.0,0.0014882336526834713,0.22025858059715375,1.7382569063342945,1.6437540693888941,1.5673580752178091,2.828884134809165,4.545561653179549,0.8155520416705423,0.7332031128887235,0.9534616934858773,0.6334914581589309,0.23067621616593806,0.08086069512913527,0.007193129321303444,2.474436486528385,0.44547794003658575,0.5345239202554801,0.39983877468762596,4.145722878491923,0.0,0.0,0.0,0.9142910298223972
206,13,0.9999890420577496,1,7,0.9955833062942739,0.9178177151360274,Dataset\IR_trans_bmp\p8_560\p8076.bmp,p8_560,p8076.bmp,SC560,560,0.9333333333333333,7,320,240,RGB,c98f9a19d5de7d2613f2586443e40401fa85883a2de30fb711ddb10dae86227d,0.4255078125,0.1357140671379173,0.4869500696659088,0.4588235318660736,0.6705882549285889,0.7215686440467834,0.20720105489095053,0.46843206365098566,0.5553092497448385,0.06368396746962568,0.1450542507993437,0.7284463143404168,0.09417001903057098,0.23067354261875153,3.8298921385355924,5.0,0.07849077389148995,0.5837976040120897,0.9570619470932904,0.7922796511182598,0.0,0.0,0.0,0.15569631873680345,1.5581872150310596,1.7841427216255088,1.6147372930628232,2.8872364515438047,4.458153554270327,0.8357660883135959,0.7300100982282199,0.9968481287677101,0.657302855044524,0.22913797851831452,0.08445790874873772,0.008323388108571254,2.5281067352122157,0.4308577373848649,0.5828819731325928,0.4311025429174699,4.027051011352857,0.0,0.0,0.0,0.8479233946507566
208,13,0.999991129353375,1,7,0.9971446056225525,0.9282009737947955,Dataset\IR_trans_bmp\p8_560\p8078.bmp,p8_560,p8078.bmp,SC560,560,0.9333333333333333,7,320,240,RGB,5fcd815ad0029d056a7a5d44e68984f08ed50a16637942b666161572d84ef32a,0.428046875,0.1443694104763643,0.4910849332809448,0.4627451002597809,0.6784313917160034,0.7254902124404907,0.21020736694335937,0.49857970517037364,0.5583891673479469,0.05840643886584429,0.14594562339001232,0.7419745897466907,0.11023630201816559,0.2707870900630951,3.8613884520112878,7.0,0.08967573158118879,0.5779204981287098,0.9561968635110294,0.7962268305759804,0.0,0.0,0.0024335340998965747,0.15647624262334975,1.4866459816268176,1.737786700736144,1.660400316359433,2.956257224554359,4.398856238973049,0.8398126178743079,0.7456348482083105,0.9629494433290746,0.6838230820709376,0.2489505384194196,0.10610208675549065,0.013871144369410476,2.580276206120338,0.4528806959907526,0.5675001520958812,0.4166210379022936,3.9827219078907343,0.0,0.0,0.0,0.9539342405052073
211,13,0.9999798859091895,1,7,0.9963023836241103,0.9386643343298056,Dataset\IR_trans_bmp\p8_560\p8081.bmp,p8_560,p8081.bmp,SC560,560,0.9333333333333333,7,320,240,RGB,df81fccccdff80b627e7a22b646bef720be2e586b14bec6e4b6124e1ec4d252d,0.427578125,0.12622571411169986,0.48168429732322693,0.4588235318660736,0.6666666865348816,0.7215686440467834,0.2059576670328776,0.5081376411561686,0.5554705111805204,0.056064238282659336,0.14732676767651487,0.7184515857807046,0.11137303709983826,0.27851420640945435,3.873903983828746,8.0,0.0466228150313661,0.5876335271909916,0.9572226730047487,0.7871486888212316,0.0,0.0,0.007552226079541994,0.26554601376454107,1.8079054753639077,1.4566051525671477,1.6356659967111273,2.826725135513734,4.566660576161764,0.780315488153968,0.7459650405018576,0.9861745538705159,0.5893172544003898,0.22973384493574517,0.09257567452341799,0.009257567452341799,2.4793227358548022,0.42000121810098057,0.5340154698824533,0.47968816614897375,4.08697241001279,0.0,0.0,0.0,0.9360344177987329
224,13,0.9999638661284408,1,8,0.995893698719037,0.9980187332371954,Dataset\IR_trans_bmp\p9_600\p9094.bmp,p9_600,p9094.bmp,SC600,600,1.0,8,320,240,RGB,e77bca8bfac29737998a763243a7b7fac9bdc6b14e2ad3af8b3e39e6ccd1bd78,0.4215234375,0.22914156859110987,0.5223684310913086,0.47058823704719543,0.7490196228027344,0.8156862854957581,0.2201905314127604,0.5050639191137002,0.5477525998308188,0.04802035055465979,0.13860943089495095,0.8453758212084027,0.12884613871574402,0.3083160519599912,4.022334492005431,5.0,0.22738084205974116,0.5477024270169562,0.9472702923943015,0.8209147733800551,0.0,0.0012355975658727952,0.0032125536712692675,0.11614617119204275,0.8041268958700152,2.0787693448243907,1.6665739968492261,3.329935440027183,4.105890711395299,0.8234022178976308,0.6840268124671794,0.6168103048836994,0.8285917276742965,0.5261174435486362,0.2903654279801069,0.12479535415315232,2.686189108207457,0.6578321440706761,0.5009112532048312,0.45346430667531584,3.6803509097087077,0.009143421987458685,0.010873258579680599,0.0012355975658727952,0.990616058987803
227,13,0.9999519294590998,1,8,0.9923991738004914,1.0,Dataset\IR_trans_bmp\p9_600\p9097.bmp,p9_600,p9097.bmp,SC600,600,1.0,8,320,240,RGB,2bc792fdb481e7d8c955399f0143b1a75dcd5e256b785a6679c43895e4caf128,0.4228385416666667,0.2320317792695695,0.5229756832122803,0.47058823704719543,0.7529411911964417,0.8196078538894653,0.22113428751627603,0.5175086966691687,0.5491084233729921,0.052136280124631056,0.13849876818786394,0.8154890252993804,0.13018427789211273,0.3141174018383026,4.045698309264578,5.0,0.2303689105130258,0.541373695075179,0.9483582141352634,0.8207213757084865,0.0,0.003941614830325799,0.0029562111227443492,0.12046560325183224,0.8329124838332205,2.041017429328078,1.6148303257991008,3.3838763318346987,4.098047668904354,0.7718174539631706,0.7171275481924001,0.6188335283611505,0.8228120958305105,0.5518260762456119,0.29660651598201637,0.12292911252078587,2.726365707950976,0.6587423785181992,0.47126932315082837,0.44835868694955966,3.6755558292788075,0.0059124222454886985,0.01305659912545421,0.0007390527806860873,0.9649170906978204
231,13,0.9998768258496199,1,8,0.9975364279175661,0.9884215646339347,Dataset\IR_trans_bmp\p9_600\p9101.bmp,p9_600,p9101.bmp,SC600,600,1.0,8,320,240,RGB,7d9b5ff49f0ced9c97406931e7bbbeeadff68b7ca1fbd10f64cfe5aee3f94487,0.42075520833333335,0.22723896763012935,0.5198363661766052,0.47058823704719543,0.7490196228027344,0.8117647171020508,0.21872385660807292,0.5260342057030779,0.5409204271136072,0.04850011568800857,0.13834265545555888,0.8242085237252899,0.12619303166866302,0.3110176622867584,4.044167166374963,5.0,0.22559881166058054,0.544678203220474,0.9480743408203125,0.8179380529067095,0.0,0.002723277836231974,0.004703843535309773,0.1262610633162097,0.9276474593055641,2.0080460481525035,1.5881661199480102,3.342452187906171,4.110416537723587,0.837779290709909,0.6711642012749892,0.6298198923067401,0.8400074271213716,0.5151946524726125,0.2740607786098905,0.12155721978089992,2.686884941511419,0.6523488271337501,0.5038063997029152,0.43300117596088383,3.703905427987869,0.007179550659157021,0.01213096490685152,0.0007427121371541747,0.961871524085598
235,13,0.9999540963650735,1,8,0.999154846485789,0.9970382584384323,Dataset\IR_trans_bmp\p9_600\p9105.bmp,p9_600,p9105.bmp,SC600,600,1.0,8,320,240,RGB,333868a6155ec2d7acd05313af054a9136bc3c4f9c0edaa0eb393bd29c726c19,0.420234375,0.23415132924335377,0.5264001488685608,0.47058823704719543,0.7607843279838562,0.8235294222831726,0.22121144612630209,0.5165948709347487,0.5425244698280611,0.04564778500101234,0.13906024463619757,0.8620455076848494,0.1307038515806198,0.3188309967517853,4.040711200436735,5.0,0.23247815579103923,0.5472393781779199,0.9442919562844669,0.824073522231158,0.0,0.0032224081303835906,0.002230897936419409,0.10435644791473013,0.7644543595463841,2.03433104046601,1.740596145504121,3.3508087005019522,4.046848856664807,0.840304889384644,0.6900910949990705,0.6100266468364628,0.7991572163351305,0.5492966474561567,0.3014190989651112,0.16285554935861685,2.7095494825556177,0.6258908099398897,0.5430997087438805,0.4704715870360042,3.623474003842102,0.009667224391150772,0.01140236723058809,0.006444816260767181,0.9463742648665496
237,13,0.999860572969483,1,8,0.9996110771924338,1.0,Dataset\IR_trans_bmp\p9_600\p9107.bmp,p9_600,p9107.bmp,SC600,600,1.0,8,320,240,RGB,7461827ab90c85308f1851ae1d312d09fafe1c451150cac7923c3f0c33267ff8,0.421171875,0.2333209670438385,0.5250752568244934,0.47058823704719543,0.7607843279838562,0.8235294222831726,0.2211469268798828,0.5344757054109086,0.5427604106979871,0.05492747023703423,0.13897786802977288,0.859607603667064,0.13076628744602203,0.3216642439365387,4.048416126748887,5.0,0.23146602361961294,0.5464658257681564,0.9449240890203737,0.822378599877451,0.0,0.004204538428244605,0.003957212638347864,0.10882334755456625,0.8211216224571817,2.0268348482037966,1.6852779323563964,3.3497804983614667,4.074939714338712,0.8146911519198664,0.7028998948865393,0.6012489952389786,0.8045507945341001,0.5438694119829345,0.29060780312867124,0.16719223397019725,2.693377851975515,0.6326593705558647,0.5268039324800594,0.464972485005874,3.6539912199344586,0.009645705805972918,0.014592221603907747,0.003957212638347864,0.9383875992931087
238,13,0.9997183754301974,1,8,0.9968777137923766,1.0,Dataset\IR_trans_bmp\p9_600\p9108.bmp,p9_600,p9108.bmp,SC600,600,1.0,8,320,240,RGB,ac712b9d81e4a8f39919918a1d53d685b3bb3d7f7be10be0944bb1e2c4e4c29d,0.4200260416666667,0.2380184760369521,0.5285965204238892,0.4745098054409027,0.7607843279838562,0.8274509906768799,0.22202430725097655,0.536943961266364,0.5418862164103129,0.05585079586919212,0.13919621987178654,0.8640193932689543,0.12937088310718536,0.31397053599357605,4.039480413736744,5.0,0.23622047244094488,0.5443754569112256,0.9437501795151655,0.825890993604473,0.0,0.003472006944013888,0.003968007936015872,0.08804017608035217,0.7338334676669354,2.046004092008184,1.7407154814309629,3.383966767933536,4.035216070432141,0.7990575981151963,0.7318494636989274,0.589001178002356,0.7983135966271933,0.5637051274102548,0.3072726145452291,0.17558435116870233,2.7240374480748963,0.6477772955545911,0.5170810341620683,0.47764895529791057,3.601711203422407,0.011904023808047616,0.013888027776055552,0.005952011904023808,0.9197174108876157
243,13,0.9997713250546304,1,8,0.9966276845111192,0.9967779934676503,Dataset\IR_trans_bmp\p9_600\p9113.bmp,p9_600,p9113.bmp,SC600,600,1.0,8,320,240,RGB,c771779093d2988ee47a547d874ab7c8558159d3bb72cc78eafc4534beacf266,0.41930989583333333,0.23839393845293916,0.5293325781822205,0.4745098054409027,0.7607843279838562,0.8274509906768799,0.22195439656575522,0.5387716369132692,0.5418501849529131,0.057049783606315456,0.13896624144626904,0.8739978183059257,0.12786993384361267,0.30982866883277893,4.024932276750715,6.0,0.236623917026364,0.544713835476497,0.9430447447533701,0.8269025017233456,0.0,0.0027326646585721826,0.005216905257274167,0.07924727509859329,0.719932925503835,2.0415489240132905,1.7670403378567214,3.3842809676117134,4.022233953358382,0.8319721765052945,0.7085054187498059,0.5919945346706829,0.7932180231655436,0.567152128683663,0.3065552898798249,0.17836847498680247,2.7110517653634756,0.664782784212651,0.5254168866254697,0.46902462503493464,3.5989193553395644,0.01117908269415893,0.013166475173120517,0.006459025556625159,0.9091512540949965
250,13,0.9989411796844225,1,8,0.9776820225746797,1.0,Dataset\IR_trans_bmp\p9_600\p9120.bmp,p9_600,p9120.bmp,SC600,600,1.0,8,320,240,RGB,462a0943529d8cd40f8b2cea920276cde8c0d70b0cfb85772986a997b8218f65,0.4169921875,0.2388758782201405,0.5298339128494263,0.4745098054409027,0.7647058963775635,0.8313725590705872,0.22093660990397135,0.48485789791788675,0.5296479243748928,0.03329087976014607,0.13756398303663983,0.8516120484603312,0.1300780028104782,0.3178454160690309,4.0547126108785045,6.0,0.23740827478532397,0.5352946020371421,0.9429450539981618,0.8267537434895833,0.0,0.003747072599531616,0.00624512099921936,0.09217798594847776,0.78064012490242,1.9367369242779078,1.7179078844652615,3.4625448868071818,3.9998750975800155,0.7913817330210773,0.7676502732240437,0.5885402029664325,0.7436690085870413,0.6095238095238096,0.31675253708040596,0.18260733801717408,2.732615144418423,0.6874629195940671,0.49111631537861045,0.44864949258391884,3.6046838407494146,0.019484777517564403,0.011740827478532397,0.004246682279469165,0.8700669399110539
6,14,0.00017429588945720888,0,0,0.999345563415387,0.0,Dataset\IR_trans_bmp\p1_Noload\p1007.bmp,p1_Noload,p1007.bmp,Healthy,0,0.0,0,320,240,RGB,697e6c3f342c955c9ccbe7649f18cc28934dfadfd8581a54f765d88200695dfc,0.43595052083333335,0.11487112093426122,0.18338127434253693,0.1764705926179886,0.23137255012989044,0.24313725531101227,0.07994516372680664,0.6050471314156024,0.6150290054268227,0.15577731512685294,0.292521316641169,0.3668066756521527,0.05039680376648903,0.1335638165473938,2.0932273048675953,36.0,0.044472984677877005,0.7409417349532996,0.9959211162492341,0.5193014705882353,0.1307009945939488,4.999372778590843,2.777455870493713,0.09247035632149578,0.0,0.0,0.0,0.0,8.0,0.0,0.0,0.0,0.0,0.0,0.0,0.0,0.0,0.0,0.0,2.8928646097786803,5.10713539022132,0.0,0.0,0.0,0.9434218695701793
7,14,0.0001503157581868409,0,0,0.9989920409092297,0.0,Dataset\IR_trans_bmp\p1_Noload\p1008.bmp,p1_Noload,p1008.bmp,Healthy,0,0.0,0,320,240,RGB,ac03e057351501de9fc7b235c9cd5a673e47c8defed8c7a057d671f7f2afa499,0.437578125,0.10325537106469083,0.17401714622974396,0.16862745583057404,0.22745098173618317,0.23137255012989044,0.07614609400431314,0.6051569495215534,0.6220646426143629,0.16111412417677934,0.29401089079867365,0.38786104695592066,0.052266042679548264,0.14172007143497467,2.040771949944138,38.0,0.03805867999761947,0.7361218329914455,0.9962870878331801,0.5089740229587929,1.3642801880616557,4.4058799023983815,2.192465631137297,0.03737427840266619,0.0,0.0,0.0,0.0,8.0,0.0,0.0,0.0,0.0,0.0,0.0,0.0,0.0,0.0,0.0,3.635303219663155,4.364696780336844,0.0,0.0,0.0,0.9047880065998669
17,14,0.0003761606117209657,0,0,0.9986009752420903,0.02601827854141303,Dataset\IR_trans_bmp\p1_Noload\p1018.bmp,p1_Noload,p1018.bmp,Healthy,0,0.0,0,320,240,RGB,c2fcb38ed7e3765d57646c15e57a171397bc69e45ff91eb69c7b6e5877127112,0.4366536458333333,0.11256895780527806,0.17774350941181183,0.16862745583057404,0.22745098173618317,0.239215686917305,0.07761234919230144,0.6387003738291175,0.6088244744263634,0.17629679502053114,0.29060485565199773,0.3405289387098216,0.049396026879549026,0.1254901885986328,2.0731819930421476,30.0,0.04547487699418518,0.7381501437565468,0.9960918950099571,0.5130886302274816,0.7555091695243775,4.76302370657522,2.426837632324437,0.05462949157596541,0.0,0.0,0.0,0.0,8.0,0.0,0.0,0.0,0.0,0.0,0.0,0.0,0.0,0.0,0.0,3.184016698971224,4.815983301028776,0.0,0.0,0.0,0.8694087594708272
18,14,0.0003240049149750546,0,0,0.9990636389700703,0.030641953026879665,Dataset\IR_trans_bmp\p1_Noload\p1019.bmp,p1_Noload,p1019.bmp,Healthy,0,0.0,0,320,240,RGB,a954cb5c0a8ded7c3de3221b9c5e83468ec828d25b051981873c8ed37c4ba732,0.4340625,0.11780057595392368,0.17749285697937012,0.16862745583057404,0.22745098173618317,0.239215686917305,0.07704299290974935,0.6293473054329571,0.6113060341266221,0.17064512491062692,0.2916119635219243,0.35644435959598286,0.051901642233133316,0.13333332538604736,2.075185852965086,33.0,0.045266378689704824,0.7380436732116358,0.9961373721852022,0.5127535950903799,0.8322534197264219,4.715142788576914,2.396928245740341,0.05567554595632349,0.0,0.0,0.0,0.0,8.0,0.0,0.0,0.0,0.0,0.0,0.0,0.0,0.0,0.0,0.0,3.240220782337413,4.759779217662587,0.0,0.0,0.0,0.9143739857182406
22,14,0.998555195359205,1,1,0.9986349487671695,0.12315038809277501,Dataset\IR_trans_bmp\p2_80\p2001.bmp,p2_80,p2001.bmp,SC80,80,0.13333333333333333,1,320,240,RGB,8668445c0e0de951dfebf0d1cdf634be053b39fe8c92e6fd49b9ae74a95c3867,0.4196875,0.1467795979151154,0.15082845091819763,0.15294118225574493,0.1764705926179886,0.1882352977991104,0.06330081303914388,0.5738441830300375,0.6327479916353533,0.15190455111876508,0.26427472690102605,0.1708854149211631,0.03995789214968681,0.0954158753156662,1.6526996342721532,27.0,0.0573343261355175,0.7240956056051414,0.996498197667739,0.48451909083946076,1.945644080416977,5.902208984859767,0.15214693472325638,0.0,0.0,0.0,0.0,0.0,8.0,0.0,0.0,0.0,0.0,0.0,0.0,0.0,0.0,0.0,0.004964010920824026,5.613551749813849,2.3814842392653266,0.0,0.0,0.0,0.7626550398534828
25,14,0.9949141392036506,1,1,0.9832166843636808,0.1464503965507517,Dataset\IR_trans_bmp\p2_80\p2004.bmp,p2_80,p2004.bmp,SC80,80,0.13333333333333333,1,320,240,RGB,b892e986a87455515760366d40941c29f9b1a8a7e38105a5cc080ac234a3b7b4,0.4252473958333333,0.12688692244098104,0.15471363067626953,0.15294118225574493,0.18039216101169586,0.19607843458652496,0.06579156875610352,0.5089964831408702,0.653786994460985,0.15404991520363454,0.2630170504911215,0.21740210892802442,0.04435104876756668,0.110083669424057,1.719964170982908,36.0,0.04139747083499189,0.726053248570618,0.9958287856158088,0.48924856746897977,1.6331179766679935,6.039621543831716,0.32726047950029086,0.0,0.0,0.0,0.0,0.0,8.0,0.0,0.0,0.0,0.0,0.0,0.0,0.0,0.0,0.0,0.004409198077099727,4.896659420067975,3.0989313818549253,0.0,0.0,0.0,0.915296206986406
31,14,0.9969627457413122,1,1,0.9966173774585445,0.12426441476639294,Dataset\IR_trans_bmp\p2_80\p2010.bmp,p2_80,p2010.bmp,SC80,80,0.13333333333333333,1,320,240,RGB,e26c239e7971c88b1b9529f30edab674769d6b31f2467e31fbf194b1372fc2ed,0.41625,0.11032907907907907,0.15375694632530212,0.15294118225574493,0.18039216101169586,0.19607843458652496,0.0640013313293457,0.5431838154510014,0.6699881470721996,0.17538760521184468,0.25182486475105836,0.13343040199836112,0.04316743463277817,0.10595494508743286,1.6740146883226148,40.0,0.03688063063063063,0.7255745999639927,0.9958603204465379,0.48817665249693626,1.6984484484484486,6.069069069069069,0.2324824824824825,0.0,0.0,0.0,0.0,0.0,8.0,0.0,0.0,0.0,0.0,0.0,0.0,0.0,0.0,0.0,0.004254254254254255,5.013013013013013,2.9827327327327327,0.0,0.0,0.0,0.9588114388209436
37,14,0.998557579965875,1,1,0.9996814579137082,0.09880108886655842,Dataset\IR_trans_bmp\p2_80\p2016.bmp,p2_80,p2016.bmp,SC80,80,0.13333333333333333,1,320,240,RGB,7cda4116b093517995f3685a91c0e1e8d24fa8acd33f22766135c11a0e182347,0.416953125,0.12360252326525514,0.14134584367275238,0.1411764770746231,0.16862745583057404,0.18039216101169586,0.058934593200683595,0.561025515887238,0.6611135716698303,0.1722837675624523,0.2513598055894806,0.13154830124051756,0.043818242847919464,0.110083669424057,1.6632998942759596,39.0,0.03772406470551496,0.7189277350569571,0.9969203574984682,0.47161117254518997,3.161576416213853,4.773468240584598,0.06495534320154893,0.0,0.0,0.0,0.0,0.0,8.0,0.0,0.0,0.0,0.0,0.0,0.0,0.0,0.0,0.0,0.03522578227468615,6.632690025607395,1.332084192117919,0.0,0.0,0.0,0.9176037896089312
47,14,0.9960542751093528,1,1,0.9995211409122011,0.11049216505891102,Dataset\IR_trans_bmp\p2_80\p2026.bmp,p2_80,p2026.bmp,SC80,80,0.13333333333333333,1,320,240,RGB,4bfd54cd072713dde0874e324e0dc41239adeec0a4d8ab7845e173109afbef72,0.4219791666666667,0.1207417921500864,0.12777602672576904,0.12941177189350128,0.1568627506494522,0.16862745583057404,0.05391881942749024,0.5339551054422413,0.637667381568305,0.14179300805564082,0.26375454700523027,0.1651591573049353,0.0435049869120121,0.10980391502380371,1.6926714994062788,19.0,0.04736484818563318,0.7111305364683354,0.9964278875612745,0.4511304369159773,5.3152308072080965,2.680819550728215,0.003949642063687978,0.0,0.0,0.0,0.0,0.0,8.0,0.0,0.0,0.0,0.0,0.0,0.0,0.0,0.0,0.0,0.14243396692174773,7.2399407553690445,0.6176252777092076,0.0,0.0,0.0,0.7995762280720276
50,14,0.9976626531043365,1,2,0.988682167541773,0.2543439856605809,Dataset\IR_trans_bmp\p3_160\p3029.bmp,p3_160,p3029.bmp,SC160,160,0.26666666666666666,2,320,240,RGB,7ff3708bc9102bce0e37d264b0cb9acaa8e8e6a1420604479e49238ccfe5caa6,0.41684895833333335,0.105203973261698,0.1881265491247177,0.1882352977991104,0.2235294133424759,0.23137255012989044,0.07842035293579101,0.5391313579782102,0.5703630354999378,0.08051223473475536,0.1679641388236988,0.17088565068831826,0.04358953237533569,0.110083669424057,1.9109227185386228,31.0,0.05435122134066346,0.7432205796907734,0.9938145656211703,0.5258482689950981,0.10570375460735928,4.994564877865933,2.8197663522209035,0.07996501530580372,0.0,0.0,0.0,0.0,8.0,0.0,0.0,0.0,0.0,0.0,0.0,0.0,0.0,0.0,0.0,1.258949209720747,6.741050790279253,0.0,0.0,0.0,0.9116693038974216
51,14,0.9982351757775447,1,2,0.9960464046825899,0.24904344328729455,Dataset\IR_trans_bmp\p3_160\p3030.bmp,p3_160,p3030.bmp,SC160,160,0.26666666666666666,2,320,240,RGB,c3a7dbff248b8a809cff8b02e848917e8ba3b4bbdb74286db07855746c20d7d4,0.4166666666666667,0.10759375,0.19472402334213257,0.19607843458652496,0.22745098173618317,0.239215686917305,0.08113501230875651,0.541989214629697,0.5701653909298099,0.08176965347579629,0.16427033127401655,0.14069963447764544,0.04297763109207153,0.10938294231891632,1.8967519437297693,28.0,0.05671875,0.7466284895742406,0.9938647101907169,0.5322168088426777,0.06175,4.3855,3.4215,0.13125,0.0,0.0,0.0,0.0,8.0,0.0,0.0,0.0,0.0,0.0,0.0,0.0,0.0,0.0,0.0,0.727,7.273,0.0,0.0,0.0,0.939970977280457
61,14,0.9987746955323186,1,2,0.9975634002884696,0.25966428835267064,Dataset\IR_trans_bmp\p3_160\p3040.bmp,p3_160,p3040.bmp,SC160,160,0.26666666666666666,2,320,240,RGB,70c6b85ed59e92361c36b625df78c970f9d65b39b848a516577aa68d4b7c6220,0.41401041666666666,0.10705749150836583,0.19428132474422455,0.19607843458652496,0.22745098173618317,0.239215686917305,0.08043449401855468,0.47158799730083506,0.5705186399897187,0.07602710361033699,0.16588529289329182,0.15227737693181306,0.043117228895425797,0.10938294231891632,1.9005658200338718,30.0,0.05475531513397912,0.746370027851126,0.9938591452205883,0.5317765778186274,0.05661089445213234,4.420430242797837,3.389357151842999,0.13360171090703232,0.0,0.0,0.0,0.0,8.0,0.0,0.0,0.0,0.0,0.0,0.0,0.0,0.0,0.0,0.0,0.841363693546358,7.158636306453642,0.0,0.0,0.0,0.9115884229048997
62,14,0.9978889346615947,1,2,0.9803743632019881,0.2627595395917712,Dataset\IR_trans_bmp\p3_160\p3041.bmp,p3_160,p3041.bmp,SC160,160,0.26666666666666666,2,320,240,RGB,33ccc51d099f1ed1e0a5899bb37c9afcaf4c1bbb401088ff89f295a34441c575,0.40915364583333336,0.13741526907042612,0.19838210940361023,0.19607843458652496,0.22745098173618317,0.239215686917305,0.08116876602172851,0.4530648396068229,0.5777127606953909,0.09078646626029868,0.16799589563450895,0.13132539550178465,0.0424780435860157,0.10768258571624756,1.8536479522659375,24.0,0.06854851541864239,0.7484675572571142,0.9939687093098958,0.5355885823567709,0.044807943226299204,3.973649874295898,3.8081659930624063,0.17337618941539637,0.0,0.0,0.0,0.0,8.0,0.0,0.0,0.0,0.0,0.0,0.0,0.0,0.0,0.0,0.0,0.5488973045221653,7.451102695477835,0.0,0.0,0.0,0.8861695806274645
68,14,0.9993088545247839,1,2,0.9987091473483565,0.26316596105548995,Dataset\IR_trans_bmp\p3_160\p3047.bmp,p3_160,p3047.bmp,SC160,160,0.26666666666666666,2,320,240,RGB,39e132ef305a1b04bd3d9aedde85e8b0d71e1ddcec9d10292ace88b3c8c841cd,0.4147265625,0.11701359454962168,0.2021503448486328,0.20392157137393951,0.23137255012989044,0.24313725531101227,0.08383711496988933,0.49781851337695116,0.5732031464396262,0.07323564386654836,0.15721514613659796,0.13381942115981404,0.03552253544330597,0.08075003325939178,1.8314293291783605,27.0,0.06527267589714608,0.7504667996028282,0.9942701152726716,0.5390543619791667,0.007786254748673511,3.620357288625161,4.1761954098772405,0.19566104674892468,0.0,0.0,0.0,0.0,8.0,0.0,0.0,0.0,0.0,0.0,0.0,0.0,0.0,0.0,0.0,0.42397412954067376,7.576025870459326,0.0,0.0,0.0,0.8727883873430146
71,14,0.9997569343502996,1,2,0.99956207700621,0.27168273875051907,Dataset\IR_trans_bmp\p3_160\p3050.bmp,p3_160,p3050.bmp,SC160,160,0.26666666666666666,2,320,240,RGB,bd33e45cc7e6d417f1d0901d46df356cea06132f295d1e4af41bdb7b01bc671f,0.40772135416666666,0.12675246702647464,0.19589847326278687,0.19607843458652496,0.22745098173618317,0.239215686917305,0.07987199147542318,0.5189414105698111,0.5760622580471265,0.07838522905242935,0.15785285694585693,0.21274431235479482,0.037328604608774185,0.08768893778324127,1.9206268274623741,21.0,0.0629451026730112,0.7472374772226344,0.9940920362285539,0.5333095176547181,0.01992782550378437,4.352185993038035,3.469996487082043,0.1578896943761377,0.0,0.0,0.0,0.0,8.0,0.0,0.0,0.0,0.0,0.0,0.0,0.0,0.0,0.0,0.0,0.808354357615048,7.191645642384952,0.0,0.0,0.0,0.918928820611387
77,14,0.999712283375956,1,2,0.9974744631131374,0.3023077998540696,Dataset\IR_trans_bmp\p3_160\p3056.bmp,p3_160,p3056.bmp,SC160,160,0.26666666666666666,2,320,240,RGB,f3aceac590d49ff982555fea567a676e18a47219f9e513e8060dae1b66f6d007,0.40510416666666665,0.14007456929802006,0.19078461825847626,0.1882352977991104,0.2235294133424759,0.23137255012989044,0.07728764216105143,0.4356109409700043,0.5641270850504605,0.09087482577610405,0.1642141330802819,0.17544132826665174,0.04132140055298805,0.10223187506198927,1.942507933125023,24.0,0.07588711751092826,0.7446292472285265,0.9939767276539522,0.5283466413909313,0.0761121110825405,4.754692723065055,3.0606839804577013,0.108511185394703,0.0,0.0,0.0,0.0,8.0,0.0,0.0,0.0,0.0,0.0,0.0,0.0,0.0,0.0,0.0,1.1429673437901775,6.857032656209823,0.0,0.0,0.0,0.8349908798789225
79,14,0.9999276236994131,1,3,0.9980080321785858,0.40572879998134437,Dataset\IR_trans_bmp\p4_240\p4001.bmp,p4_240,p4001.bmp,SC240,240,0.4,3,320,240,RGB,622e81ca04776b3069e1006ff65a078a1b53835f9da46e238dd18488ffbf96a5,0.3859505208333333,0.10876826018015587,0.26198911666870117,0.250980406999588,0.3176470696926117,0.32549020648002625,0.10111483891805013,0.540438078671118,0.5591038162670714,0.0716135413447992,0.1479759359016279,0.20173726088207944,0.038431257009506226,0.09444387257099152,2.3757937626254977,10.0,0.04399311764110522,0.7808721957925978,0.9959359561695772,0.57850814520144,0.0,0.27124590938227455,3.758307749401167,3.1003002597753113,0.8655578421780642,0.004588239263182753,0.0,0.0,8.0,0.0,0.0,0.0,0.0,0.0,0.0,0.0,0.0,0.0,0.0,0.005128032117674842,7.994871967882325,0.0,0.0,0.0,0.913138352132649
88,14,0.9998244871375156,1,3,0.9965756079688011,0.3990023759288458,Dataset\IR_trans_bmp\p4_240\p4010.bmp,p4_240,p4010.bmp,SC240,240,0.4,3,320,240,RGB,6ad7c75a4f5dfb93e5e104ed460d9e1a28fd476d5b76aab5a684b1ace3e81406,0.4097265625,0.1277846632980583,0.2634364068508148,0.250980406999588,0.32549020648002625,0.3294117748737335,0.10793689727783203,0.5216150356315443,0.572350096279475,0.07550990793930443,0.14373773211161472,0.24710272805437603,0.039557911455631256,0.09444393217563629,2.418517087673206,11.0,0.08481901674770394,0.7815355695159741,0.9955770455154718,0.5785361495672487,0.0,0.22499761655067213,3.817840912702196,2.5987860298090064,1.3489687609241428,0.009406680013982902,0.0,0.0,8.0,0.0,0.0,0.0,0.0,0.0,0.0,0.0,0.0,0.0,0.0,0.0007627037849175327,7.999237296215083,0.0,0.0,0.0,0.9520982573598665
95,14,0.9996251833299323,1,3,0.9973610903683265,0.40277721884286166,Dataset\IR_trans_bmp\p4_240\p4017.bmp,p4_240,p4017.bmp,SC240,240,0.4,3,320,240,RGB,d3b7c2218c6cd011589bd8ad824396e78be99217e6428cc0601a2ebbb8e55173,0.3943229166666667,0.12154933298111213,0.26335152983665466,0.25882354378700256,0.32549020648002625,0.3294117748737335,0.10384554545084636,0.5182038392357254,0.5695615127461282,0.07190399028183271,0.14749163285476102,0.20118173886806778,0.04115452989935875,0.1022619903087616,2.472196749125681,11.0,0.059833575485404834,0.781466180385824,0.9953951966528799,0.578364533069087,0.0,0.2850350019812442,3.6991150442477876,2.6968696341302336,1.3065645225201425,0.012415797120591732,0.0,0.0,8.0,0.0,0.0,0.0,0.0,0.0,0.0,0.0,0.0,0.0,0.0,0.0015849953770968167,7.9984150046229034,0.0,0.0,0.0,0.9836503580318103
96,14,0.9996504823152469,1,3,0.9949015892842168,0.40894215328921363,Dataset\IR_trans_bmp\p4_240\p4018.bmp,p4_240,p4018.bmp,SC240,240,0.4,3,320,240,RGB,95db78cf38399f1e093447ff906d95d113ba8ec5cef77ca8b2822058528548d2,0.39641927083333334,0.1263918541632452,0.26364636421203613,0.25882354378700256,0.32549020648002625,0.3294117748737335,0.1045145034790039,0.5182198301242882,0.5708052152354607,0.07311183703271197,0.14745603233347163,0.20903370748161185,0.041235148906707764,0.1022619903087616,2.4703967251540186,11.0,0.0622762358351125,0.7816142503109724,0.9954144047755821,0.5784657197840074,0.0,0.2685498439809493,3.7194941698144195,2.6534406306454263,1.3445886023977665,0.01392675316143866,0.0,0.0,8.0,0.0,0.0,0.0,0.0,0.0,0.0,0.0,0.0,0.0,0.0,0.0010510757102972573,7.998948924289703,0.0,0.0,0.0,0.9685209885855968
98,14,0.9996862332414558,1,3,0.9986317280253678,0.39921346029796234,Dataset\IR_trans_bmp\p4_240\p4020.bmp,p4_240,p4020.bmp,SC240,240,0.4,3,320,240,RGB,6f2fac8d7f9c9fc6748ebcbacace8ba23c19ad88cf8af2cf6773ee0eb0e882e7,0.3990625,0.12411902897415818,0.26320332288742065,0.250980406999588,0.32549020648002625,0.3294117748737335,0.10503457387288412,0.5051480914130584,0.5711376230337599,0.07132365845980235,0.14858598579668772,0.22486523200187147,0.04153275862336159,0.10196083784103394,2.4778239721108846,10.0,0.060493343774471416,0.7813764177887134,0.9954045912798714,0.5782128427542892,0.0,0.2680762203080136,3.7608979378752285,2.6452623335943617,1.3093187157400157,0.01644479248238058,0.0,0.0,8.0,0.0,0.0,0.0,0.0,0.0,0.0,0.0,0.0,0.0,0.0,0.0005220569042025581,7.999477943095798,0.0,0.0,0.0,0.9971336253283468
108,14,0.9989413856049452,1,4,0.9970133654083605,0.5345022742569091,Dataset\IR_trans_bmp\p5_320\p5030.bmp,p5_320,p5030.bmp,SC320,320,0.5333333333333333,4,320,240,RGB,c2bdf01b0790d04797632f561afdf5533d7a34a7d2adac95214bf59a746886fc,0.400078125,0.11657879320445226,0.29506611824035645,0.27843138575553894,0.38823530077934265,0.40392157435417175,0.11804949442545573,0.540241619349118,0.5325506712572073,0.051758420833078835,0.14047798272548606,0.34313046638319705,0.053075168281793594,0.12863700091838837,2.814220079202349,8.0,0.057378116253335935,0.799362523595714,0.9969429764093137,0.5975737328622855,0.0,0.08956584000520731,3.1624031764629303,1.5994271952092691,1.826986916617848,1.2950595586799454,0.026557313024799845,0.0,8.0,0.0,0.0,0.0,0.0,0.0,0.0,0.0,0.0,0.0,0.0,0.0005207316279372519,7.999479268372062,0.0,0.0,0.0,0.9358912801478718
110,14,0.9995851728001309,1,4,0.9985794015460865,0.5330618113100758,Dataset\IR_trans_bmp\p5_320\p5032.bmp,p5_320,p5032.bmp,SC320,320,0.5333333333333333,4,320,240,RGB,4dae0f2559a65c89518d48b6b204b75b1ebb167cf628472fed87c35ec9be4661,0.3997265625,0.11257695690413369,0.29467615485191345,0.27843138575553894,0.38823530077934265,0.4000000059604645,0.1177898915608724,0.546120246480002,0.5336008715785062,0.05706220908982937,0.14046085275391815,0.34032501924954084,0.05265146121382713,0.12573504447937012,2.8072823448402247,8.0,0.056386201504935014,0.799170552685274,0.9969935996859681,0.5971521115770527,0.0,0.09615948402228086,3.1865533079253394,1.5794651291573016,1.8322420925763054,1.2829082380533567,0.022671748265415813,0.0,8.0,0.0,0.0,0.0,0.0,0.0,0.0,0.0,0.0,0.0,0.0,0.0,8.0,0.0,0.0,0.0,0.9798336310903291
119,14,0.9995095628749889,1,4,0.9980903697563108,0.5434198967220896,Dataset\IR_trans_bmp\p5_320\p5041.bmp,p5_320,p5041.bmp,SC320,320,0.5333333333333333,4,320,240,RGB,d490bcdf891cfbc5146ecb1935599205eb95ac0b85794e6f5ae4941d4c256081,0.4100651041666667,0.10180040008890864,0.2896077334880829,0.2705882489681244,0.38823530077934265,0.4000000059604645,0.11875802357991537,0.5441982156839307,0.5324345942449322,0.05482230543744623,0.14376810406510154,0.3689058886158116,0.05335742607712746,0.12994547188282013,2.8771599436450828,7.0,0.04629600228622233,0.7963346342800716,0.9965388877719057,0.5938224642884498,0.0,0.18010351506684025,3.2898739402406885,1.5508208173244848,1.7967167307020608,1.1547963039405582,0.02768869272536754,0.0,8.0,0.0,0.0,0.0,0.0,0.0,0.0,0.0,0.0,0.0,0.0,0.000508049407804909,7.999491950592195,0.0,0.0,0.0,0.9362715038392239
123,14,0.9992318161445188,1,4,0.9709593498343756,0.4864131440643692,Dataset\IR_trans_bmp\p5_320\p5045.bmp,p5_320,p5045.bmp,SC320,320,0.5333333333333333,4,320,240,RGB,a46c6c508f5a7e3f1ad38010656f49ec4fb9dbafae2e204ddef6c8ec82c2a638,0.416875,0.10782108945527237,0.2911548912525177,0.2705882489681244,0.38823530077934265,0.4000000059604645,0.12137519836425781,0.4724782976056837,0.5285108448983247,0.03962716718991708,0.14195437378120845,0.3724668703096426,0.05216362699866295,0.12313980609178543,2.8896098855207386,7.0,0.04991254372813593,0.7971488910014403,0.9966835171568628,0.5951182645909926,0.0,0.16541729135432284,3.1794102948525738,1.7208895552223888,1.6944027986006998,1.22063968015992,0.01924037981009495,0.0,8.0,0.0,0.0,0.0,0.0,0.0,0.0,0.0,0.0,0.0,0.0,0.0,8.0,0.0,0.0,0.0,0.8963644629763343
128,14,0.9998823799210074,1,4,0.5448880005274309,0.5063085249354494,Dataset\IR_trans_bmp\p5_320\p5050.bmp,p5_320,p5050.bmp,SC320,320,0.5333333333333333,4,320,240,RGB,e8a87215aea2a5579d0d18da292e8357cdbeb7e3bf5387392c004fa1fdf18d90,0.4,0.10891927083333333,0.2992122769355774,0.29411765933036804,0.3921568691730499,0.40392157435417175,0.11968490600585938,0.625084057980515,0.5287733515081082,0.12835079788564618,0.1431653041504648,0.29807831234999277,0.04902156814932823,0.11855850517749786,2.771728939538335,7.0,0.05029296875,0.8016041164291637,0.997038298962163,0.6004328709022672,0.0,0.05130208333333333,2.9927083333333333,1.6328125,1.84140625,1.4450520833333333,0.03671875,0.0,8.0,0.0,0.0,0.0,0.0,0.0,0.0,0.0,0.0,0.0,0.0,0.0,8.0,0.0,0.0,0.0,0.6745578919489262
136,14,0.9987779770582085,1,5,0.9944072554068231,0.6589633450030523,Dataset\IR_trans_bmp\p6_400\p6006.bmp,p6_400,p6006.bmp,SC400,400,0.6666666666666666,5,320,240,RGB,dedc654280a9adffe563e765f06eb8d24ef02c4628c7caaaab3bdd2f20b079f1,0.40817708333333336,0.10380247543702947,0.3344668745994568,0.3176470696926117,0.4588235318660736,0.46666666865348816,0.1365217081705729,0.5532663993530514,0.5617372043053623,0.08154012322458686,0.14827623978523752,0.13644120037068164,0.07101079821586609,0.18468881994485856,3.1106222469298572,9.0,0.037418655097613884,0.8228325870449983,0.9767665489047181,0.6518008961397059,0.0,0.13449023861171366,2.447365063161924,1.3420951894857727,0.8801837437795075,1.3265280081663902,1.8415209901748117,0.027816766619880057,7.8011994385606735,0.18731657522010975,0.011483986219216537,0.0,0.0,0.0,0.0,0.0,0.0010207987750414699,0.03700395559525328,0.16077580706903152,0.4731402322317213,7.328059206328953,0.0,0.0,0.0,0.7807896751832278
143,14,0.9998484742669249,1,5,0.999668454298307,0.682888378317748,Dataset\IR_trans_bmp\p6_400\p6013.bmp,p6_400,p6013.bmp,SC400,400,0.6666666666666666,5,320,240,RGB,1515f68acc7e1e92ad806fc97ab8f349ffbbd2c01c3e466a812be1d84106f48b,0.41735677083333333,0.11162761675974167,0.32373490929603577,0.30980393290519714,0.45490196347236633,0.4627451002597809,0.13511295318603517,0.510587469533402,0.5485327061908049,0.04967411882785343,0.14630988974893722,0.16805370293467115,0.07608509808778763,0.20339301228523254,3.251814374772752,10.0,0.047702243159766636,0.816717478150096,0.9783054127412684,0.6422564936619178,0.0062396655539263095,0.33394690044613606,2.65285620690731,1.172308364271675,0.8398589835584813,1.2983496084609865,1.6717311952079368,0.024709075593548187,7.835522415998502,0.15773874520325712,0.006738838798240414,0.0,0.0,0.0,0.0,0.0,0.0004991732443141048,0.03394378061335913,0.1300346301438243,0.42230056468973265,7.41322185130877,0.0,0.0,0.0,0.9901312527660762
145,14,0.9995247905772001,1,5,0.9990839598970149,0.6457182175549223,Dataset\IR_trans_bmp\p6_400\p6015.bmp,p6_400,p6015.bmp,SC400,400,0.6666666666666666,5,320,240,RGB,b62149a7a3a4176cee4603658a2ae0ecb88f8bc2e194fe1f6adf658f6b1962d5,0.40997395833333333,0.11027123165851489,0.32473915815353394,0.30980393290519714,0.45490196347236633,0.4627451002597809,0.13313460032145183,0.5030393800546162,0.5489660229364801,0.0490602612440282,0.14593673866473628,0.15194625589530952,0.07343734800815582,0.19347292184829712,3.242844641943302,7.0,0.04960935018738487,0.8176270383696317,0.9784495634191176,0.642909330480239,0.0025408117893667027,0.28075970272502065,2.7003747697389318,1.1230388109000826,0.8788667979419424,1.3128374515657752,1.6804929174871372,0.021088737851743634,7.849329860890554,0.14406402845709204,0.006606110652353427,0.0,0.0,0.0,0.0,0.0,0.0,0.029473416756653752,0.12119672235279172,0.41643905227720257,7.432890808613352,0.0,0.0,0.0,0.9773558751228583
150,14,0.999686890427978,1,5,0.9989671360253644,0.6693694624905914,Dataset\IR_trans_bmp\p6_400\p6020.bmp,p6_400,p6020.bmp,SC400,400,0.6666666666666666,5,320,240,RGB,09526ac93397fd5f20b1d0d0c2b92c9da387d4ff2cb5e06a9e3dad3eed47d2f4,0.40325520833333334,0.12809170164675493,0.3216876685619354,0.30588236451148987,0.45098039507865906,0.4627451002597809,0.12972222646077475,0.5040073429480467,0.5487578604582793,0.0489222623554175,0.14389023324043396,0.12513471374795776,0.07724203169345856,0.20407240092754364,3.2666843542012205,6.0,0.08579270261543429,0.8160293834835457,0.9792351816214767,0.639684819240196,0.011365837907652568,0.46186632224733615,2.562996448175654,1.0898288666451406,0.8795608653535679,1.353309654504359,1.6232483048111075,0.017823700355182433,7.863093316112367,0.1319987084275105,0.0049079754601227,0.0,0.0,0.0,0.0,0.0,0.0,0.026089764288020664,0.11081691959961253,0.4068453341943817,7.456247981917985,0.0,0.0,0.0,0.9219239606192957
155,14,0.999849606391123,1,5,0.9697158944178782,0.6746323079061985,Dataset\IR_trans_bmp\p6_400\p6025.bmp,p6_400,p6025.bmp,SC400,400,0.6666666666666666,5,320,240,RGB,bab50aafffcc7b4bbf1acf5714c3bb7a22a695bc91dd1256d866078efb77d784,0.4063802083333333,0.11842358218519705,0.3210165202617645,0.30588236451148987,0.45098039507865906,0.4627451002597809,0.1304547627766927,0.5288585509589984,0.5499876107303703,0.05771981626776142,0.1446192018419828,0.15590215674884716,0.07616325467824936,0.20095886290073395,3.2530236797970433,7.0,0.07705863505286767,0.8159267489470583,0.9800818948184743,0.638615447399663,0.0099967958987504,0.4416533162447933,2.6058314642742713,1.1209227811598848,0.8956103812880487,1.3223966677347003,1.5887215636014098,0.01486702979814162,7.865427747516821,0.12970201858378724,0.004870233899391221,0.0,0.0,0.0,0.0,0.0,0.0,0.021531560397308556,0.1130406920858699,0.387568087151554,7.477859660365268,0.0,0.0,0.0,0.9303789714379956
156,14,0.9998277580961024,1,6,0.9969858495674851,0.803085268134007,Dataset\IR_trans_bmp\p7_480\p7026.bmp,p7_480,p7026.bmp,SC480,480,0.8,6,320,240,RGB,d5e022877677e2057cc006cca165de6e804ea6cdc432512bf725aa68474afbd1,0.42130208333333335,0.001947088638892323,0.40676870942115784,0.40784314274787903,0.5215686559677124,0.545098066329956,0.17137250264485676,0.6494484419804042,0.5277130633413757,0.15199621932842058,0.11044365767349748,0.24474005613062033,0.0796089917421341,0.21572190523147583,3.3391407591394198,2.0,0.001174434417109655,0.7343556494686191,0.9396933162913603,0.7235292920879289,0.0,0.0,0.05933984423290889,1.48769934478922,1.9695883298306343,1.0606997156632463,2.2101619483248856,1.212510817159105,5.890715786871059,1.2802571393250093,0.696995920385709,0.11991593522067004,0.012115218197552232,0.0,0.0,0.0,0.5241686240573619,0.8535047595500062,0.7316108295215725,0.5308443565335641,5.3598714303374955,0.0,0.0,0.0,0.933292654508073
169,14,0.9997574754708096,1,6,0.9976009178015637,0.8057663528065363,Dataset\IR_trans_bmp\p7_480\p7039.bmp,p7_480,p7039.bmp,SC480,480,0.8,6,320,240,RGB,100a6f34038b248215ae175f5059ba594afc32007aed7f25d160eaddffab0bbc,0.4139583333333333,0.0025792652239557123,0.4071284532546997,0.40784314274787903,0.5215686559677124,0.5490196347236633,0.16853421529134113,0.6742574212968753,0.5361542645164391,0.1779684795680441,0.1077524811043303,0.2793485857541017,0.0819016844034195,0.220167338848114,3.3567102392787493,2.0,0.001667086059386009,0.7327695026078038,0.9405002369600184,0.723680144665288,0.0,0.0005032712632108706,0.0591343734272773,1.4904378459989935,1.9350780070457976,1.1039255158530448,2.184448917966784,1.2264720684448918,5.891545042778057,1.259436336185204,0.6935078007045797,0.13764469048817313,0.017866129843985907,0.0,0.0,0.0,0.552591847005536,0.8442375440362355,0.7116255661801711,0.5135883241066935,5.3779567186713635,0.0,0.0,0.0,0.9174168782043105
172,14,0.9999337157128222,1,6,0.9955063324384098,0.7888128559163221,Dataset\IR_trans_bmp\p7_480\p7042.bmp,p7_480,p7042.bmp,SC480,480,0.8,6,320,240,RGB,c446cfa8ab12e8215835575c99d6472ce110072ecab17bae7669e720442074fa,0.41356770833333334,0.0024557647503305837,0.4072214961051941,0.40784314274787903,0.5215686559677124,0.5490196347236633,0.16841365814208983,0.6634864037633926,0.5437009794434897,0.1692264158451846,0.10571435184494403,0.2744328570463273,0.08102197200059891,0.21657565087080002,3.3471258553435526,2.0,0.0016371765002203892,0.7324982541899442,0.9399516984528187,0.7239967495787377,0.0,0.0,0.05339714123795731,1.4971349411246144,1.9494994018008942,1.0694540646055035,2.2006170896039294,1.2298973616271016,5.890812921100687,1.2701970908632958,0.6908884830930042,0.13147786663308356,0.016623638309930105,0.0,0.0,0.0,0.5480763176122411,0.8541023864995907,0.7070083747874819,0.5249039733014293,5.365908947799257,0.0,0.0,0.0,0.9775246533551103
177,14,0.9998969136373389,1,6,0.9851478383190895,0.7916020084961338,Dataset\IR_trans_bmp\p7_480\p7047.bmp,p7_480,p7047.bmp,SC480,480,0.8,6,320,240,RGB,cb70ad6596f7ebfae60adef4a9a86bf916b30ed7702854ef67df51cc3d405810,0.4144010416666667,0.0042103940174699934,0.407917320728302,0.40784314274787903,0.5254902243614197,0.5529412031173706,0.16904136657714844,0.6479414794057675,0.5573728946202494,0.15867681105276024,0.09614593401805353,0.2981426231495287,0.08282846957445145,0.22183741629123688,3.3577519051100486,3.0,0.0028278765788977566,0.7279944393221892,0.9400191961550245,0.725245875938266,0.0,0.0,0.04876516056054798,1.6024633947087288,1.8128574121787218,1.0600138251743858,2.203984163891158,1.2719160434864576,5.85684660340602,1.2580908691007353,0.713378998303274,0.14679821529567022,0.024885313894300258,0.0,0.0,0.0,0.5854332935335889,0.8423301703010118,0.7153899327593791,0.5220888581662791,5.334757745239741,0.0,0.0,0.0,0.9406288815468067
178,14,0.9992158351837958,1,6,0.9652567969003889,0.8099180453787508,Dataset\IR_trans_bmp\p7_480\p7048.bmp,p7_480,p7048.bmp,SC480,480,0.8,6,320,240,RGB,a51efc68eac0ae45696b24f673bd636c80407a871a82e710fa94ae65a32314c0,0.4177604166666667,0.0023376137638698416,0.40963560342788696,0.40784314274787903,0.5254902243614197,0.5490196347236633,0.17112954457600912,0.6214494176313268,0.5151693803561718,0.12239310088145751,0.11856548336489535,0.29284785301860455,0.07973161339759827,0.21118292212486267,3.3456198699033646,3.0,0.0012155591572123178,0.7267894212094099,0.9404768401501226,0.7251529469209559,0.0,0.0,0.02817603790051116,1.3945892033412293,2.0563520758010223,1.07093878568757,2.1600797905498066,1.2898641067198604,5.857873083156714,1.239496322154345,0.7288368033910984,0.15958109961351452,0.014212691684328637,0.0,0.0,0.0,0.5887046502929809,0.8579977558907866,0.6954245106595187,0.5049245729958858,5.352948510160828,0.0,0.0,0.0,0.8005860004920221
185,14,0.9998780379541617,1,7,0.9953248754725516,0.9197711600983125,Dataset\IR_trans_bmp\p8_560\p8055.bmp,p8_560,p8055.bmp,SC560,560,0.9333333333333333,7,320,240,RGB,bdb67580710244d0e9baa779d2f07bcac10833c21a0f53b4e72dada9563fcc9d,0.42259114583333335,0.1076259436142351,0.47151708602905273,0.4470588266849518,0.6549019813537598,0.7019608020782471,0.19925894419352214,0.5011545193504601,0.5477949516937812,0.04780889375776716,0.14554309912280194,0.715572107074499,0.11148173362016678,0.27845900058746337,3.8568390865994298,9.0,0.03983977815436759,0.6001526816597198,0.9585607790479473,0.7775297875497855,0.0,0.0,0.008627330149437683,0.3929132645201048,1.9510090895085503,1.4099522415652441,1.5684486211677708,2.6690494530888924,4.75316592204591,0.7229702665228779,0.7742412571252504,0.9655214912956401,0.5117239254352179,0.1991680788784471,0.06926513634262825,0.003943922354028655,2.3493452472654446,0.39661069172700664,0.5008781389616392,0.4530580804190418,4.300107841626868,0.0,0.0,0.0,0.8146978965147397
187,14,0.9989622700564076,1,7,0.8682228527907476,0.9136193719577774,Dataset\IR_trans_bmp\p8_560\p8057.bmp,p8_560,p8057.bmp,SC560,560,0.9333333333333333,7,320,240,RGB,8287b34f880f4f8b9ca9adcb373030fbaa2f718e2a2fcc45af923cd9f6b049ec,0.4199088541666667,0.11445316133833608,0.47550901770591736,0.45098039507865906,0.658823549747467,0.7098039388656616,0.19967044830322267,0.5424729157269172,0.5529560298637324,0.06788438457608885,0.14476492254910728,0.7170403511439458,0.10981003195047379,0.2731056272983551,3.8560283260836345,8.0,0.042543954851313216,0.5951674051124957,0.958091646082261,0.7811992570465687,0.0,0.0,0.004713324444168812,0.31827343483518866,1.9004620298303823,1.4789915966386555,1.565319854879221,2.7322397593723835,4.660733666160191,0.771744860305746,0.7573568172656516,0.9776427176036466,0.544016868740116,0.21011504232689385,0.072436354615647,0.005953672982107972,2.4047877453564452,0.41948587553102423,0.5149927129523396,0.42667989705107134,4.23405376910912,0.0,0.0,0.0,0.83984555870791
188,14,0.9999262662596476,1,7,0.9949204073590775,0.9376975252066307,Dataset\IR_trans_bmp\p8_560\p8058.bmp,p8_560,p8058.bmp,SC560,560,0.9333333333333333,7,320,240,RGB,53e21be08d801271768b75d0c7eeddc86fb99a273938919c8aaa82bcac92370a,0.42161458333333335,0.1160284126003706,0.4755891263484955,0.45098039507865906,0.658823549747467,0.7098039388656616,0.20051531473795572,0.5222480919462814,0.5469625464646027,0.0519659346657997,0.14477549371724419,0.7214377251745919,0.11285717040300369,0.2824945002794273,3.8613867181751287,8.0,0.04234095120444719,0.5955055279438722,0.9581307803883272,0.7811545577703738,0.0,0.0,0.007906114885731933,0.325633106856084,1.8979617047560222,1.4700432365657814,1.5701050030883261,2.7283508338480544,4.672266831377393,0.7683755404570722,0.7451513279802348,0.9714638665843113,0.5457689932056825,0.21593576281655344,0.07387276096355776,0.007164916615194565,2.395799876466955,0.4195182211241507,0.512415071031501,0.42816553428042003,4.244101297096973,0.0,0.0,0.0,0.8591111903111291
189,14,0.9999457550547952,1,7,0.9946076430930663,0.9363850150148559,Dataset\IR_trans_bmp\p8_560\p8059.bmp,p8_560,p8059.bmp,SC560,560,0.9333333333333333,7,320,240,RGB,4144ba06b6c0e0be34556e120d3049d0c8f1e81c700640637ba531eadc9f841e,0.41954427083333334,0.11688029545948295,0.47641199827194214,0.45098039507865906,0.6627451181411743,0.7098039388656616,0.19987592061360676,0.510642630540932,0.5463984935800604,0.04760342205482381,0.1441368979730364,0.7180040437844862,0.11128531396389008,0.2786797285079956,3.8583871850717886,7.0,0.048136308618602776,0.5954773972154329,0.9581714704924938,0.7820548263250613,0.0,0.0,0.005462276155302442,0.3068806058160827,1.835573073461407,1.5368858818782782,1.58182551751963,2.7333726451692995,4.664783836628286,0.7662083734210609,0.7530492535923776,0.9653331678098135,0.5621178734365786,0.20955277613978462,0.07374072809658297,0.005213990875515968,2.407374072809658,0.4168709847614909,0.5109711058005648,0.4253126842742311,4.239471152354055,0.0,0.0,0.0,0.854685380590842
192,14,0.9999477701003018,1,7,0.9946601582759282,0.9255976424261798,Dataset\IR_trans_bmp\p8_560\p8062.bmp,p8_560,p8062.bmp,SC560,560,0.9333333333333333,7,320,240,RGB,c14b81a9cdfb24fd06ec14355811d0ce0637bdb53770db71e0cf485a3dea7151,0.4204557291666667,0.12430708246879936,0.4801059067249298,0.45098039507865906,0.6666666865348816,0.7098039388656616,0.20186327616373698,0.5031544533746735,0.5473067566550024,0.047411810778629854,0.14254070813821548,0.709672722831707,0.11006119102239609,0.2722596824169159,3.847910211004662,8.0,0.05332755256882723,0.5895125319837858,0.958000213024663,0.7854163076363357,0.0,0.0,0.005945929206280388,0.2551794617695333,1.7424050044904154,1.6564367780496114,1.5375181939240037,2.802514632560156,4.581338453439039,0.8027004428478524,0.7387817038803381,0.9726549193273668,0.6106964788950482,0.2190083924313276,0.06936917407327119,0.005450435105757022,2.4564120033445853,0.4261249264500945,0.5361246167662816,0.3981295097705243,4.1832089436685145,0.0,0.0,0.0,0.890115640660777
197,14,0.9999619201981381,1,7,0.9934149554143783,0.9365412988647988,Dataset\IR_trans_bmp\p8_560\p8067.bmp,p8_560,p8067.bmp,SC560,560,0.9333333333333333,7,320,240,RGB,634f07513b09bc40144d10e11867d3b8cffbc62dbc671e1de4764073e98d5564,0.41940104166666664,0.12918348339025149,0.48225703835487366,0.45490196347236633,0.6666666865348816,0.7176470756530762,0.2022591018676758,0.5062230311662985,0.5465542499010109,0.04696833295681776,0.14360689325153964,0.7605057987781214,0.11080185323953629,0.2749576270580292,3.85335468006982,7.0,0.08109282831418814,0.5908902557202558,0.9577898810891544,0.7870465446920956,0.0,0.0,0.003725551071095933,0.23098416640794783,1.686681154920832,1.6839490841353617,1.595529338714685,2.7991307047500777,4.59534306116113,0.7831108351443651,0.733436820863086,0.9537410742005589,0.6092517851598882,0.22328469419434957,0.09164855634895995,0.010183172927662217,2.4499223843526856,0.4291834833902515,0.5255510710959329,0.4388699161751009,4.1564731449860295,0.0,0.0,0.0,0.9096449393842374
199,14,0.999943092347695,1,7,0.9971454347690328,0.937845630295737,Dataset\IR_trans_bmp\p8_560\p8069.bmp,p8_560,p8069.bmp,SC560,560,0.9333333333333333,7,320,240,RGB,0f7788b75b97d7776b185a2ab4cf457b9af8b90bbb4ae43abec3ec3765c38892,0.42130208333333335,0.12547904561750525,0.4802962839603424,0.45098039507865906,0.6666666865348816,0.7176470756530762,0.2023498280843099,0.5228175580035164,0.5458466738515155,0.051210921261885846,0.14416667686222567,0.7652989642545005,0.11139038950204849,0.2749576270580292,3.8564005037711917,8.0,0.05263320558783533,0.5935101642288976,0.9580380308861826,0.7850472244561887,0.0,0.0,0.005192236370379528,0.2596118185189764,1.7309927061441464,1.6466806774632217,1.59129682284584,2.766225738657436,4.64284831252318,0.7672147360613178,0.723698850290518,0.9494375077265422,0.5879589566077389,0.22450241068117197,0.0939547533687724,0.010384472740759055,2.417851403140067,0.42551613302015084,0.5137841513166028,0.45642230189145755,4.186426010631722,0.0,0.0,0.0,0.9079177627863698
216,14,0.9999263146485555,1,8,0.9958086806031206,1.0,Dataset\IR_trans_bmp\p9_600\p9086.bmp,p9_600,p9086.bmp,SC600,600,1.0,8,320,240,RGB,5c95deeee5661fee4460681787974800dc3149461afb4e6c867ebe08bd255bbc,0.42173177083333335,0.22825650683874155,0.5215003490447998,0.47058823704719543,0.7490196228027344,0.8117647171020508,0.21993326822916667,0.5113461402176699,0.5501360613974785,0.05140388652904331,0.1384655297647428,0.8329468382725177,0.12550655007362366,0.3021898686885834,4.016678395099187,5.0,0.22668189817530643,0.544759739710632,0.9487006692325368,0.8200975006701899,0.0,0.0027169718114174565,0.004445953873228565,0.10373892370866653,0.8405322794776005,2.0713205100497083,1.6272191176016548,3.350026243477724,4.119423260983667,0.7990367099941338,0.6952977862854672,0.6273734910000309,0.8397912871653956,0.5258575442279786,0.2815770786378091,0.1116428417055173,2.71129087035722,0.6439223193059372,0.4836209824323073,0.4334805026397851,3.7101485072092375,0.007162925684646022,0.009138905183858717,0.0012349871870079349,0.9538216414364373
221,14,0.9998182369204114,1,8,0.9949152671391546,1.0,Dataset\IR_trans_bmp\p9_600\p9091.bmp,p9_600,p9091.bmp,SC600,600,1.0,8,320,240,RGB,0bbdb86849813f3e62fd6ddcf53d743167b68faee92c09f14e3737bb89e07f47,0.41912760416666667,0.23163192394917517,0.5242584943771362,0.47058823704719543,0.7529411911964417,0.8156862854957581,0.21973121643066407,0.5210154011292916,0.5507551356830461,0.05493387736933787,0.1384885510128353,0.8363337800963833,0.12974750995635986,0.31767141819000244,4.019495738420652,5.0,0.22979899965826836,0.5422918650025096,0.9474241368910845,0.8229598699831495,0.0,0.0024853210724160428,0.0049706421448320855,0.10662027400664824,0.7570287986579266,2.079965205504986,1.664419522197024,3.384510236416167,4.076423622976793,0.8027587063903818,0.7028487992792569,0.6320171487153997,0.8281089813290254,0.5482618285749791,0.2840721985771537,0.12550871415701015,2.7273913448693654,0.657615955761285,0.4906023796949268,0.45282549939420297,3.651930783808133,0.007455963217248128,0.010935412718630588,0.0012426605362080214,0.9537547661663738
230,14,0.9999277489716912,1,8,0.9928213315763894,1.0,Dataset\IR_trans_bmp\p9_600\p9100.bmp,p9_600,p9100.bmp,SC600,600,1.0,8,320,240,RGB,4c2ef94713d2684aa3ac1832cc33c2adb6f09caee851a469c42945c2e79cbc9e,0.420390625,0.2280555039335935,0.5213602185249329,0.47058823704719543,0.7490196228027344,0.8156862854957581,0.21917495727539063,0.5230792446056315,0.5431534716432652,0.048937446259818926,0.13856906095316893,0.8374854815989293,0.1287270337343216,0.31372547149658203,4.0424731305697215,5.0,0.22629003283156787,0.5440191343509951,0.947316068761489,0.8194925944010417,0.0,0.002230068760453447,0.0032212104317660907,0.1266183485101902,0.8724524561729542,2.021681224059964,1.6187821346713747,3.3550145573932975,4.0953973858638415,0.8248776559499473,0.6920646719940532,0.6266493216874187,0.8266121538747445,0.520844948274794,0.28420987424890043,0.12934398810629993,2.7018521959982653,0.6509322926345784,0.49557083565632165,0.44527039583720496,3.68605587561172,0.007433562534844824,0.010159202130954594,0.002725639596109769,0.9887542105795508
233,14,0.9999578171186823,1,8,0.9854494710183803,1.0,Dataset\IR_trans_bmp\p9_600\p9103.bmp,p9_600,p9103.bmp,SC600,600,1.0,8,320,240,RGB,39acf6db743922c55e096272f36a3341a6beb790d6556823db436e42afc6305b,0.4204817708333333,0.23463289257733874,0.5258500576019287,0.4745098054409027,0.7607843279838562,0.8235294222831726,0.22111035664876302,0.5186635327030998,0.5413987691153411,0.045411293058280115,0.13885250863061718,0.8450714192677691,0.12553773820400238,0.30982866883277893,4.036384983662802,5.0,0.23286780416808597,0.5418444159310624,0.9456946877872243,0.8236189299938725,0.0,0.0032205121853033166,0.002229585359056142,0.09512897531972873,0.7949710463567956,2.0336295791657633,1.6768959217167807,3.393924379896572,4.041247329142538,0.8264329730901434,0.7050444368748645,0.6138791688601245,0.8229647291982782,0.547239339795002,0.2952961942216579,0.14789582881739077,2.724553308766606,0.6656550955315393,0.5061158765057443,0.4322918279503298,3.647106184002725,0.007679682903415601,0.01387297556746044,0.0027250487721797293,0.934793391145209
241,14,0.9993605961000043,1,8,0.9997265847186363,1.0,Dataset\IR_trans_bmp\p9_600\p9111.bmp,p9_600,p9111.bmp,SC600,600,1.0,8,320,240,RGB,0d93e518943a99a49f67b9aa4e78f986bf8fa4ca9f2aa6359dcb19c83008d51b,0.4188671875,0.241972084926482,0.5315431952476501,0.4745098054409027,0.7647058963775635,0.8313725590705872,0.22264600118001301,0.5677501746820214,0.5470696379660338,0.08249628469026894,0.1393408896072866,0.8626916981291104,0.12919816374778748,0.3100272476673126,4.03155147201483,7.0,0.23985824862445213,0.5383655398917597,0.9426278507008272,0.828897034888174,0.0,0.003978985980291585,0.004227672604059809,0.07783891323945413,0.6938356803133452,2.0282881034536353,1.74478535235786,3.447045292051354,3.992415057975069,0.7985327489197674,0.7475519910472815,0.5896359849544592,0.7766483260281638,0.5921228511921415,0.3183188784233268,0.18477416145979048,2.75022537225279,0.6754328701544966,0.5018496067642761,0.4884205290807921,3.55124498741024,0.01094221144580186,0.014423824178556996,0.007460598713046722,0.7867915064733494
251,14,0.9997007952138183,1,8,0.9935847223273554,0.9749310425504036,Dataset\IR_trans_bmp\p9_600\p9121.bmp,p9_600,p9121.bmp,SC600,600,1.0,8,320,240,RGB,9f4aff7a286939872bfcd2e7261667784744ba435072e3641215c3dac08a7aeb,0.41729166666666667,0.2392661008487269,0.5296540856361389,0.4745098054409027,0.7647058963775635,0.8313725590705872,0.22102022806803384,0.49837032629002226,0.5304688468123951,0.030512398504185054,0.1380147187446159,0.8537675504291854,0.13255324959754944,0.31960174441337585,4.063539983601458,9.0,0.237300299550674,0.5366137200893637,0.9423910701976103,0.8264316932827819,0.0,0.004992511233150275,0.005242136794807789,0.09760359460808787,0.7745881178232651,1.947079380928607,1.7199201198202696,3.4505741387918123,4.001248127808288,0.7975536694957563,0.764353469795307,0.5791313030454318,0.755117324013979,0.5978532201697454,0.3122815776335497,0.1924613080379431,2.7219171243135296,0.6907139291063404,0.4872690963554668,0.46929605591612583,3.592860708936595,0.022466300549176237,0.011233150274588119,0.004243634548177734,0.8407630949006512
253,14,0.9999435276589456,1,8,0.9976843454705073,0.9607699951126749,Dataset\IR_trans_bmp\p9_600\p9123.bmp,p9_600,p9123.bmp,SC600,600,1.0,8,320,240,RGB,35488e18e16fec15f565bf5cbb65fd22d05254ddac2ccd901fe75caa8f07a227,0.42139322916666666,0.24314803942774155,0.5338334441184998,0.47843137383461,0.772549033164978,0.843137264251709,0.22495379130045573,0.5377981698355068,0.5384828788588649,0.05394101971764982,0.1397289660090879,0.8679120600547946,0.12824590504169464,0.3122416734695434,4.059758704576772,6.0,0.2411086734851528,0.5249247630881198,0.9400577919155944,0.8303293863932292,0.0,0.0024719587182894047,0.0024719587182894047,0.09690078175694467,0.6926428328646912,1.9622408305781294,1.677965577974848,3.565306059388808,3.9452461143898896,0.755677780181071,0.8221734697030559,0.5915397212866546,0.7522170379754658,0.5999443809288385,0.33766956091833267,0.1955319346166919,2.8130890214133424,0.6842381732225071,0.4447053734202639,0.42987362111052746,3.5628341006705186,0.02224762846460464,0.023977999567407225,0.019034082130828415,0.5072810945859851
254,14,0.9994479401250758,1,8,0.9994542849539385,1.0,Dataset\IR_trans_bmp\p9_600\p9124.bmp,p9_600,p9124.bmp,SC600,600,1.0,8,320,240,RGB,f723db24813d084028520ff517c0520f4bb2578b6c41d22f4cc173fdce850967,0.42791666666666667,0.2550815481986368,0.5421944260597229,0.48627451062202454,0.7803921699523926,0.843137264251709,0.2320140329996745,0.5428141649827436,0.5503786931187828,0.06611403363527357,0.14276118720881967,0.865341332350877,0.1198626384139061,0.2910428375005722,3.990434645174696,7.0,0.25304284323271664,0.5219895773093793,0.9390286913105086,0.840470796472886,0.0,0.0009737098344693282,0.0017039922103213243,0.04235637779941578,0.42283349561830574,2.0009737098344695,1.8933787731256086,3.63777994157741,3.7857838364167478,0.8366601752677703,0.8081791626095424,0.5956669912366115,0.7602239532619279,0.6499513145082765,0.3648977604673807,0.19863680623174293,2.895813047711782,0.691333982473223,0.5304284323271665,0.46470301850048684,3.3736611489776047,0.020691333982473224,0.012658227848101266,0.010710808179162609,0.7442278266008168
3,15,6.90222106258023e-05,0,0,0.999710694780861,0.0,Dataset\IR_trans_bmp\p1_Noload\p1004.bmp,p1_Noload,p1004.bmp,Healthy,0,0.0,0,320,240,RGB,858b83aeaeff1c92b70cf420f5d54cff6618613f88e3bfb8bc43ab05812f7df5,0.43973958333333335,0.10331043467961624,0.17505034804344177,0.16862745583057404,0.22745098173618317,0.23137255012989044,0.07697656631469726,0.6069689301631371,0.615761159428279,0.15761661731056642,0.29451634611861144,0.36355232973792007,0.05138659104704857,0.1339776054024703,2.0517073579656446,40.0,0.03950017766196849,0.7367173519880412,0.9962212656058517,0.5101071226830576,1.2012317896482294,4.485609380551937,2.277626436100912,0.035532393698922186,0.0,0.0,0.0,0.0,8.0,0.0,0.0,0.0,0.0,0.0,0.0,0.0,0.0,0.0,0.0,3.549923013146986,4.450076986853015,0.0,0.0,0.0,0.9180692611303092
8,15,0.0001060830722901392,0,0,0.9996555054628514,0.007146156706981932,Dataset\IR_trans_bmp\p1_Noload\p1009.bmp,p1_Noload,p1009.bmp,Healthy,0,0.0,0,320,240,RGB,e07e91b4133d2620602b0a7b09e06912f027647ed006e6a4aa67bd7a4a388930,0.4394401041666667,0.11905537941864944,0.1772250533103943,0.16862745583057404,0.22745098173618317,0.239215686917305,0.0778797976175944,0.6019159704883116,0.6146566261217526,0.15340471620585128,0.29468688670711013,0.37539369494644037,0.05343058705329895,0.14117646217346191,2.058252437496229,36.0,0.0440013037423331,0.7378811116991096,0.9961896110983456,0.5124640371285233,0.8398471065809358,4.702005985362529,2.401256333520993,0.05689057453554179,0.0,0.0,0.0,0.0,8.0,0.0,0.0,0.0,0.0,0.0,0.0,0.0,0.0,0.0,0.0,3.4129603840113782,4.587039615988622,0.0,0.0,0.0,0.9405888724445799
11,15,0.0003659967835437826,0,0,0.9989730395171578,0.009311337091649663,Dataset\IR_trans_bmp\p1_Noload\p1012.bmp,p1_Noload,p1012.bmp,Healthy,0,0.0,0,320,240,RGB,f5dd5b31569666cb2149abcc08838526dafec2f928cd548869e1c1fa33024273,0.4337109375,0.11468371911495391,0.18237701058387756,0.1764705926179886,0.23137255012989044,0.24313725531101227,0.07909890492757161,0.5937077804596832,0.6186397975084881,0.15118382741396394,0.2945245631555843,0.3566223828151501,0.051881495863199234,0.13641196489334106,2.078523524868807,27.0,0.04314149329010177,0.7404996562936452,0.9960281671262254,0.5179808373544731,0.2461797111891681,4.925755801735267,2.74136119367138,0.08670329340418506,0.0,0.0,0.0,0.0,8.0,0.0,0.0,0.0,0.0,0.0,0.0,0.0,0.0,0.0,0.0,2.97841424239695,5.0215857576030505,0.0,0.0,0.0,0.9153402856448655
12,15,0.00045446572479623137,0,0,0.9990276912790866,0.008736481442624844,Dataset\IR_trans_bmp\p1_Noload\p1013.bmp,p1_Noload,p1013.bmp,Healthy,0,0.0,0,320,240,RGB,ebf8c9d66f334aeed1b2f305542277121e102dcf8c5a660f16f6439c091a5315,0.43703125,0.12432963889882016,0.18411323428153992,0.1764705926179886,0.23137255012989044,0.24313725531101227,0.08046323776245118,0.6002926861333446,0.615499420015656,0.15296646336957165,0.2914875362011911,0.35078083962974876,0.05087750405073166,0.1342528760433197,2.1052983921106603,29.0,0.04868311285901561,0.7413419584988216,0.9959503772212009,0.5199273801317402,0.12966273388153973,4.938148015731141,2.829698486473603,0.10249076391371707,0.0,0.0,0.0,0.0,8.0,0.0,0.0,0.0,0.0,0.0,0.0,0.0,0.0,0.0,0.0,2.8118221904421405,5.1881778095578595,0.0,0.0,0.0,0.939828397548708
29,15,0.9996051150055405,1,1,0.9998112061312832,0.12873723596728487,Dataset\IR_trans_bmp\p2_80\p2008.bmp,p2_80,p2008.bmp,SC80,80,0.13333333333333333,1,320,240,RGB,85afabf96b40b0985fa332f7d5471ac5ec037950d99527eff72ab72b40e9bc4d,0.41782552083333335,0.10985072766368538,0.1473144292831421,0.14509804546833038,0.1764705926179886,0.1882352977991104,0.06155172983805338,0.5323925107237868,0.6768947440075619,0.17983610652060808,0.247705684657962,0.1741397416992296,0.04448772221803665,0.10980391502380371,1.7027997424212566,44.0,0.03639876593225093,0.7222191155289804,0.9965795180376839,0.47970467361749386,2.4663903518339616,5.395493782916264,0.13811586524977407,0.0,0.0,0.0,0.0,0.0,8.0,0.0,0.0,0.0,0.0,0.0,0.0,0.0,0.0,0.0,0.008975038175075572,6.002804699429711,1.9882202623952132,0.0,0.0,0.0,0.9368458253997277
32,15,0.9997352639185341,1,1,0.999870904976064,0.12103079213494272,Dataset\IR_trans_bmp\p2_80\p2011.bmp,p2_80,p2011.bmp,SC80,80,0.13333333333333333,1,320,240,RGB,62e4961028244e0bd1f25971966f9f1a7e65064d6ac87407d7b8513bec368881,0.4211328125,0.12852858423770214,0.14976590871810913,0.15294118225574493,0.1764705926179886,0.1882352977991104,0.06307133992513021,0.5415236247092556,0.6581035163570559,0.16346538867130542,0.2550317143328072,0.09022728012669824,0.04338128864765167,0.10595494508743286,1.6938905105289872,44.0,0.03929752960455122,0.7235076733807612,0.9962446624157475,0.4829702339920343,2.123241505117027,5.723402281792041,0.1533562130909316,0.0,0.0,0.0,0.0,0.0,8.0,0.0,0.0,0.0,0.0,0.0,0.0,0.0,0.0,0.0,0.007915159385338403,5.62297869709056,2.369106143524101,0.0,0.0,0.0,0.8972253575273126
33,15,0.9987942627305184,1,1,0.9996710958600216,0.15982264330612733,Dataset\IR_trans_bmp\p2_80\p2012.bmp,p2_80,p2012.bmp,SC80,80,0.13333333333333333,1,320,240,RGB,e82e1c2135c3f064d37b2a970250d1f37bc9e84e78a44c4e1f1e56c6fbc02273,0.4149348958333333,0.10471647786111024,0.14660529792308807,0.14509804546833038,0.1764705926179886,0.18039216101169586,0.06083165486653646,0.5265254171990903,0.6803877822274575,0.182327589065743,0.24572918910609695,0.17360169647433135,0.04404417797923088,0.10653393715620041,1.6722330204881215,37.0,0.035836445225468354,0.7218405441198935,0.9966803457222733,0.4788489248238358,2.535789374588132,5.351241095804437,0.11296952960743088,0.0,0.0,0.0,0.0,0.0,8.0,0.0,0.0,0.0,0.0,0.0,0.0,0.0,0.0,0.0,0.00778234537295635,6.1410236294599425,1.8511940251671009,0.0,0.0,0.0,0.8423567884219836
36,15,0.9992602497551879,1,1,0.9998188202651993,0.12923611630931764,Dataset\IR_trans_bmp\p2_80\p2015.bmp,p2_80,p2015.bmp,SC80,80,0.13333333333333333,1,320,240,RGB,8161b6ea79cf5b638f70aff997ed60a8956d5a6a0b00550c4af371e9732e8f84,0.4213411458333333,0.13075187737569147,0.1418185532093048,0.14509804546833038,0.16862745583057404,0.18039216101169586,0.05975399017333984,0.547894021312526,0.6542070158136687,0.16147334456077186,0.25484089396569454,0.11947577796518775,0.04405389726161957,0.11091870814561844,1.678544635483362,36.0,0.05213387311103557,0.7191607938798447,0.9968659045649509,0.47221715590533087,3.091813714886121,4.835501715133348,0.07268456998053092,0.0,0.0,0.0,0.0,0.0,8.0,0.0,0.0,0.0,0.0,0.0,0.0,0.0,0.0,0.0,0.03510615284773942,6.575975771810007,1.388918075342254,0.0,0.0,0.0,0.8672200767557516
45,15,0.9994821113327039,1,1,0.9999028838319297,0.14080492208881867,Dataset\IR_trans_bmp\p2_80\p2024.bmp,p2_80,p2024.bmp,SC80,80,0.13333333333333333,1,320,240,RGB,9b05c2cf48bdd05c1962b6745b6e1b11eef32b927453a1dbab2f8da700416c88,0.41346354166666666,0.10726207721861812,0.12692737579345703,0.12941177189350128,0.1568627506494522,0.16470588743686676,0.05247983932495117,0.5655872580005635,0.6404468170359215,0.15500644124536925,0.2589727790512837,0.1777305685088154,0.0392749160528183,0.0954158753156662,1.6262226349584583,18.0,0.04112867670214776,0.7106520157286574,0.9963892918007047,0.4500014062021293,5.497764061220634,2.5022359387793665,0.0,0.0,0.0,0.0,0.0,0.0,8.0,0.0,0.0,0.0,0.0,0.0,0.0,0.0,0.0,0.0,0.1073250614095862,7.378472003527115,0.5142029350632991,0.0,0.0,0.0,0.8733905873039592
55,15,0.999056745373988,1,2,0.9994027199648571,0.24790171335166605,Dataset\IR_trans_bmp\p3_160\p3034.bmp,p3_160,p3034.bmp,SC160,160,0.26666666666666666,2,320,240,RGB,4b0349ab99f3715eb6b71a86e973ad336311a83d3c2c365d327fdcee9cee96ea,0.4088411458333333,0.12602312175546992,0.19083337485790253,0.1882352977991104,0.2235294133424759,0.23137255012989044,0.07802053451538087,0.47758013900569224,0.5784771474274654,0.08161686612065068,0.16711586629716085,0.1912063573302317,0.0415295772254467,0.10316035896539688,1.8623472473505918,33.0,0.06423771457689735,0.7445616482356407,0.9936678418926165,0.528614657532935,0.07133985158763018,4.785884900793019,3.0589509220038855,0.08382432561546546,0.0,0.0,0.0,0.0,8.0,0.0,0.0,0.0,0.0,0.0,0.0,0.0,0.0,0.0,0.0,1.043600114653333,6.956399885346667,0.0,0.0,0.0,0.965514948579151
57,15,0.9988462073806684,1,2,0.9983873945896133,0.2774967094523325,Dataset\IR_trans_bmp\p3_160\p3036.bmp,p3_160,p3036.bmp,SC160,160,0.26666666666666666,2,320,240,RGB,50201039632a1ec9f4143b73d552527301c6a9bb699533a7071c9010c56c9810,0.4169140625,0.12133420781411038,0.1958448737859726,0.19607843458652496,0.22745098173618317,0.239215686917305,0.08165047963460287,0.46583147586590046,0.5780819183302202,0.0852307104958636,0.16391641920546435,0.13584257461032284,0.0428287573158741,0.10710979998111725,1.9032143543491702,34.0,0.06211936662606577,0.7471541079728963,0.9939989276960784,0.5332238290824142,0.0434741872013492,4.2424810268902835,3.565383053811799,0.14866173209656766,0.0,0.0,0.0,0.0,8.0,0.0,0.0,0.0,0.0,0.0,0.0,0.0,0.0,0.0,0.0,0.7550516880602143,7.244948311939786,0.0,0.0,0.0,0.9464137141250611
64,15,0.999925830737503,1,2,0.9989831854910498,0.2664179836787219,Dataset\IR_trans_bmp\p3_160\p3043.bmp,p3_160,p3043.bmp,SC160,160,0.26666666666666666,2,320,240,RGB,6219bfc047583957d88348cb516c0d8c1ae2ef1dc416f84cc6d3af68885e227e,0.412109375,0.11924170616113744,0.2020951211452484,0.20392157137393951,0.23137255012989044,0.24313725531101227,0.08328529357910157,0.48639611324191456,0.5765229362302869,0.0777227476626462,0.15947999438799437,0.17385403617768436,0.03623279929161072,0.08663027733564377,1.82398302613174,28.0,0.062496050552922594,0.7504147151328998,0.9941796994676777,0.5389981138939951,0.007835703001579779,3.6125118483412324,4.177440758293839,0.20221169036334913,0.0,0.0,0.0,0.0,8.0,0.0,0.0,0.0,0.0,0.0,0.0,0.0,0.0,0.0,0.0,0.3943127962085308,7.60568720379147,0.0,0.0,0.0,0.9062044300673585
66,15,0.9999599438524408,1,2,0.9992525265918366,0.30109453956117854,Dataset\IR_trans_bmp\p3_160\p3045.bmp,p3_160,p3045.bmp,SC160,160,0.26666666666666666,2,320,240,RGB,6cc5b9ddbd9d6bf4a0c67bdf52063ebf3a66463d0b644eea4a32d58f4966d58e,0.40815104166666666,0.11280546162189753,0.2010350078344345,0.20392157137393951,0.23137255012989044,0.24313725531101227,0.08205265045166016,0.49498925588802384,0.5722060361511421,0.0723796878496705,0.15527453984214631,0.17106993471251616,0.03584779426455498,0.08244625478982925,1.8188930494336764,13.0,0.060358578447010786,0.7498773329750785,0.9941099877450981,0.5380979650160845,0.009442991131244817,3.779748612263128,4.026542461558093,0.18426593504753397,0.0,0.0,0.0,0.0,8.0,0.0,0.0,0.0,0.0,0.0,0.0,0.0,0.0,0.0,0.0,0.4435653671919862,7.556434632808013,0.0,0.0,0.0,0.8955320908071712
72,15,0.9998198528455783,1,2,0.9995149875493713,0.2810087330195926,Dataset\IR_trans_bmp\p3_160\p3051.bmp,p3_160,p3051.bmp,SC160,160,0.26666666666666666,2,320,240,RGB,8aebf48159a57598ed8ee13005d6370c05f26f74a2b618ee28562b3d4932f940,0.39984375,0.11938257131692068,0.19477470219135284,0.19607843458652496,0.22745098173618317,0.239215686917305,0.07787944793701172,0.5335515851867859,0.5764307333042747,0.08347074854088302,0.1547291234085115,0.2753016108090755,0.03735598921775818,0.08680761605501175,1.8913995749254162,25.0,0.05995180409013938,0.7466674463708973,0.9939725988051471,0.5323401955997242,0.023446658851113716,4.517389605314576,3.3150970431158004,0.14406669271850983,0.0,0.0,0.0,0.0,8.0,0.0,0.0,0.0,0.0,0.0,0.0,0.0,0.0,0.0,0.0,0.7956232903477921,7.204376709652208,0.0,0.0,0.0,0.9234281324545531
76,15,0.9986575867190886,1,2,0.9982490483250176,0.25472278953849936,Dataset\IR_trans_bmp\p3_160\p3055.bmp,p3_160,p3055.bmp,SC160,160,0.26666666666666666,2,320,240,RGB,e972559c0c36e07fdbd83ea6407d533eeaad416fced9550ab3193a434740cd4f,0.41356770833333334,0.1470940117121088,0.19697296619415283,0.19607843458652496,0.22745098173618317,0.239215686917305,0.08146165847778321,0.4522543195431835,0.5655069499050448,0.08106053594781172,0.16385001851349865,0.09407254968990379,0.03974141553044319,0.0954158753156662,1.9541370072123962,27.0,0.07209873433662868,0.7477974492078386,0.9943429984298406,0.5341586842256434,0.02896543038851458,4.1816006548706,3.628990617719287,0.16044329702159812,0.0,0.0,0.0,0.0,8.0,0.0,0.0,0.0,0.0,0.0,0.0,0.0,0.0,0.0,0.0,0.8233738429569927,7.176626157043008,0.0,0.0,0.0,0.8727216721509943
82,15,0.9998484875242704,1,3,0.8999035800607569,0.4192945767083853,Dataset\IR_trans_bmp\p4_240\p4004.bmp,p4_240,p4004.bmp,SC240,240,0.4,3,320,240,RGB,7b427b7e4a828cbc3929dc94cc72970e9cd48135d267578af5e4f9994cb3f5c8,0.41381510416666667,0.12221138416034738,0.26326102018356323,0.250980406999588,0.32549020648002625,0.3294117748737335,0.10894138336181641,0.5443863237373743,0.5706141473024197,0.0834056564878355,0.14709358908266493,0.26512726794269087,0.03867340832948685,0.0954158753156662,2.431579271849349,10.0,0.056102702872785626,0.7814115385769466,0.9956441841873468,0.5784986907360601,0.0,0.23032629558541268,3.8271923476290866,2.631257669676851,1.2993927189201095,0.011830968188540323,0.0,0.0,8.0,0.0,0.0,0.0,0.0,0.0,0.0,0.0,0.0,0.0,0.0,0.0,8.0,0.0,0.0,0.0,0.9130452970477612
84,15,0.9998143707424145,1,3,0.9988575280037517,0.3955973592753127,Dataset\IR_trans_bmp\p4_240\p4006.bmp,p4_240,p4006.bmp,SC240,240,0.4,3,320,240,RGB,e81358ec630bf56f36e2f494925f66b5c51e13ef1780a423139bf54e5826af90,0.406953125,0.10753823510590645,0.26218876242637634,0.250980406999588,0.32549020648002625,0.3294117748737335,0.10669853210449219,0.5323596754701666,0.5692488321028786,0.07643657072466797,0.14841380050601177,0.23766495811150076,0.03999599441885948,0.09811767190694809,2.432261680110716,15.0,0.03807512638382287,0.7808629041277496,0.9955363554113051,0.5779376460056679,0.0,0.25622320342996097,3.823126639790107,2.722211556920714,1.19178345171818,0.006655148141037947,0.0,0.0,8.0,0.0,0.0,0.0,0.0,0.0,0.0,0.0,0.0,0.0,0.0,0.0005119344723875344,7.999488065527612,0.0,0.0,0.0,0.897582206354149
89,15,0.9997019141782791,1,3,0.9970437606054551,0.4156544242406258,Dataset\IR_trans_bmp\p4_240\p4011.bmp,p4_240,p4011.bmp,SC240,240,0.4,3,320,240,RGB,067e69a27458a2b09488122727f08abcdc2704ada1c774d3600bb507bad3702d,0.4014713541666667,0.11510394706969805,0.2628215253353119,0.250980406999588,0.32549020648002625,0.3294117748737335,0.10551531473795572,0.5203578806251031,0.5712106528712374,0.07406348888550836,0.14631432358765414,0.21884225224329806,0.04011748358607292,0.0954158753156662,2.4307546618289075,9.0,0.05727629487886356,0.7811840206551153,0.9954899208218444,0.5782289392807904,0.0,0.26387312295268056,3.7793273440793955,2.700742710732008,1.2482729543022086,0.007783867933707392,0.0,0.0,8.0,0.0,0.0,0.0,0.0,0.0,0.0,0.0,0.0,0.0,0.0,0.0020756981156553043,7.9979243018843444,0.0,0.0,0.0,0.939240334975692
90,15,0.9997688730035035,1,3,0.9785867648106178,0.4004290214978786,Dataset\IR_trans_bmp\p4_240\p4012.bmp,p4_240,p4012.bmp,SC240,240,0.4,3,320,240,RGB,52cc37041f65707b96c5d9cbcad5b5c39bd613b6d9a6e6c8744363c0d6524fa3,0.4183072916666667,0.14956732864346636,0.26541489362716675,0.250980406999588,0.32549020648002625,0.33725491166114807,0.11102498372395833,0.5185395273036588,0.5733121816868322,0.07562003739966149,0.14231682393596357,0.273368870289617,0.038744889199733734,0.09444393217563629,2.4227996112948773,11.0,0.09938990225985184,0.7825966094459236,0.9957840265012254,0.5795937332452512,0.0,0.17929402975782854,3.8214530286994957,2.4655419286559175,1.5150345514536512,0.018676461433107142,0.0,0.0,8.0,0.0,0.0,0.0,0.0,0.0,0.0,0.0,0.0,0.0,0.0,0.0,8.0,0.0,0.0,0.0,0.849542741729629
91,15,0.9999305106580993,1,3,0.9907250263949378,0.38315650489036357,Dataset\IR_trans_bmp\p4_240\p4013.bmp,p4_240,p4013.bmp,SC240,240,0.4,3,320,240,RGB,8ad6003f57fa1fccea1bf55beb9509fbf48e895f0804cede6018c7eeace831ad,0.41751302083333336,0.12983003274598473,0.25253450870513916,0.24313725531101227,0.3137255012989044,0.32549020648002625,0.10543643951416015,0.5331535846677372,0.5708649275467764,0.07823680804155224,0.14273346353294938,0.21336052817873447,0.03807289898395538,0.09476897865533829,2.4615586963504317,8.0,0.08573210665835022,0.775954603482891,0.9949993657130821,0.5721691655177696,0.0,1.0955247154217995,3.3212537034149383,2.8539529081553097,0.7292686730079526,0.0,0.0,0.0,8.0,0.0,0.0,0.0,0.0,0.0,0.0,0.0,0.0,0.0,0.0,0.010229221893029784,7.98977077810697,0.0,0.0,0.0,0.9027387738320383
92,15,0.9997875125217741,1,3,0.9913940264941663,0.3852430314748843,Dataset\IR_trans_bmp\p4_240\p4014.bmp,p4_240,p4014.bmp,SC240,240,0.4,3,320,240,RGB,ab2c8bbc3452df893e48ce4aa7c10d687cf43513aefd7f558d43ce0989e31702,0.38537760416666667,0.10230766631753219,0.25824055075645447,0.250980406999588,0.3176470696926117,0.32549020648002625,0.09952012379964192,0.5278057599697845,0.5653274488016541,0.0709988440358715,0.15095973209763852,0.1671941864177129,0.040961965918540955,0.1022619903087616,2.4571481501636763,14.0,0.03605095110990979,0.7787651189878666,0.995292573816636,0.5757893880208333,0.0,0.4649119843227354,3.656316518566071,3.0603101665709365,0.8162989492178261,0.0021623813224313274,0.0,0.0,8.0,0.0,0.0,0.0,0.0,0.0,0.0,0.0,0.0,0.0,0.0,0.012974287934587965,7.987025712065412,0.0,0.0,0.0,0.8993810854224773
106,15,0.9994285525622048,1,4,0.9986974862816105,0.5330740217620669,Dataset\IR_trans_bmp\p5_320\p5028.bmp,p5_320,p5028.bmp,SC320,320,0.5333333333333333,4,320,240,RGB,4aae4dfccd1744adeaa339307ad16ecad9726de2a476d6fa04f84d0d90cf4974,0.39828125,0.11072969792075324,0.29909420013427734,0.2823529541492462,0.3921568691730499,0.40392157435417175,0.11912361145019532,0.54321474954099,0.5284920514984265,0.05176206696490669,0.1425277003289676,0.3351924506595881,0.05277456343173981,0.12935233116149902,2.7838690391250482,8.0,0.05188309140839545,0.8015764119238827,0.997190647499234,0.6007036994485294,0.0,0.053877337517980906,3.010069308225448,1.6673205178501374,1.8124754805806198,1.423564796652282,0.0326925591735321,0.0,8.0,0.0,0.0,0.0,0.0,0.0,0.0,0.0,0.0,0.0,0.0,0.0,8.0,0.0,0.0,0.0,0.9652302977101264
109,15,0.9995334652711272,1,4,0.9690483936739915,0.5523389177164857,Dataset\IR_trans_bmp\p5_320\p5031.bmp,p5_320,p5031.bmp,SC320,320,0.5333333333333333,4,320,240,RGB,53aba05bbe2645d2200ad8df6b829c6423a3973d184195097a4ef91a9046a437,0.3978515625,0.10649648175421371,0.2982321083545685,0.2823529541492462,0.3921568691730499,0.40392157435417175,0.11865211486816406,0.5580247907498534,0.5303903068997661,0.06550150452490575,0.14157774789930935,0.33499123565815736,0.052376143634319305,0.1272178649902362,2.784405574413395,8.0,0.05213549337260678,0.8011114877029504,0.9972149418849571,0.5999558392693015,0.0,0.06571755850106366,3.0452626411389296,1.6479135984290623,1.8000327278677795,1.4112256586483392,0.029847815414825726,0.0,8.0,0.0,0.0,0.0,0.0,0.0,0.0,0.0,0.0,0.0,0.0,0.0,8.0,0.0,0.0,0.0,0.9448876307062456
118,15,0.9998717091181635,1,4,0.9983190933133224,0.530071913603672,Dataset\IR_trans_bmp\p5_320\p5040.bmp,p5_320,p5040.bmp,SC320,320,0.5333333333333333,4,320,240,RGB,b6b541700d6132faa8ccfff63f9722543809c2dc08682d8e206e41f3a4548ad1,0.4046354166666667,0.1058051229244433,0.287842720746994,0.2705882489681244,0.3843137323856354,0.3960784375667572,0.11647135416666667,0.5407337410037596,0.5335710748653367,0.0527849857798163,0.14347929207284693,0.3658906857048932,0.05349801108241081,0.12994543462991714,2.8816442525141834,9.0,0.04804350624275969,0.7953634421918645,0.9965996237362132,0.5921436384612438,0.0,0.2139271463508817,3.318316385635217,1.5672544729051359,1.877976573561591,1.0001287166945554,0.022396704852619385,0.0,8.0,0.0,0.0,0.0,0.0,0.0,0.0,0.0,0.0,0.0,0.0,0.0020594671128845413,7.997940532887116,0.0,0.0,0.0,0.9380357848975944
120,15,0.999835834361786,1,4,0.9946009097426061,0.5364076893967227,Dataset\IR_trans_bmp\p5_320\p5042.bmp,p5_320,p5042.bmp,SC320,320,0.5333333333333333,4,320,240,RGB,950777e5868f2c848c17004a7b2ef77280536ea4d94c3ac462f356dea19f1d6d,0.39533854166666665,0.11646136618141098,0.29496586322784424,0.2823529541492462,0.38823530077934265,0.40392157435417175,0.1166113789876302,0.5332081492697746,0.5350564313169139,0.04828803738609732,0.14267830913427598,0.3371657337422969,0.05375039204955101,0.13147492706775665,2.8280627039747075,9.0,0.05335616889532969,0.799325015957795,0.9967702229817709,0.5975380691827512,0.0,0.09669982214610368,3.127857189908438,1.6238719451946513,1.832026875699888,1.2855543113101904,0.03398985574072854,0.0,8.0,0.0,0.0,0.0,0.0,0.0,0.0,0.0,0.0,0.0,0.0,0.0007904617614122917,7.9992095382385875,0.0,0.0,0.0,0.9150742787869678
125,15,0.9998928823844164,1,4,0.9973979014381749,0.5251808842581964,Dataset\IR_trans_bmp\p5_320\p5047.bmp,p5_320,p5047.bmp,SC320,320,0.5333333333333333,4,320,240,RGB,598a0197ddef643b3dd9e74d9f4d74bd84d7a30df73146b632666e31d19ccd46,0.4592578125,0.11683819568484023,0.2850647270679474,0.2666666805744171,0.3843137323856354,0.4000000059604645,0.13091819763183593,0.4895191675078257,0.5338419577355745,0.035427756817295514,0.1411144518613575,0.47992311551210975,0.04863107576966286,0.11699166893959045,2.860879543505799,6.0,0.07190042811374783,0.7938705529580569,0.9964804855047488,0.591470516429228,0.0,0.18190581497547562,3.4700462136032435,1.6602874883048397,1.6001814521845141,1.0562785291032293,0.0313005018286978,0.0,8.0,0.0,0.0,0.0,0.0,0.0,0.0,0.0,0.0,0.0,0.0,0.0,8.0,0.0,0.0,0.0,0.8234146364247414
132,15,0.9986556782106711,1,5,0.99015192177527,0.6506820209870401,Dataset\IR_trans_bmp\p6_400\p6002.bmp,p6_400,p6002.bmp,SC400,400,0.6666666666666666,5,320,240,RGB,c172ac8c8b89e08e00e36885cd6dd5ca4ee0223bfd0908d6410e5e4685cc46f0,0.41143229166666667,0.12155832647635927,0.3395780622959137,0.32549020648002625,0.4588235318660736,0.46666666865348816,0.13971337636311848,0.5414897820834805,0.5605414387717045,0.07339392226801035,0.1459178569309159,0.134324561813722,0.06855902075767517,0.1768622577190399,3.1118491471632854,8.0,0.06908665105386416,0.8250948090793034,0.9751803529028799,0.6567921357996324,0.0,0.06633331223495158,2.2322931831128554,1.5150325969998102,0.9015760491170327,1.3241344388885372,1.9239192353946453,0.03671118425216786,7.767327046015571,0.21849484144566111,0.014178112538768276,0.0,0.0,0.0,0.0,0.0,0.0037977087157415024,0.042281157035255396,0.1865940882334325,0.5418064434457877,7.225520602569783,0.0,0.0,0.0,0.7806693890744019
137,15,0.9981280813448893,1,5,0.9962194102546411,0.6655772949648721,Dataset\IR_trans_bmp\p6_400\p6007.bmp,p6_400,p6007.bmp,SC400,400,0.6666666666666666,5,320,240,RGB,c53e729c4d793d26a768d976ccf91a5378f9d23cdcddafdfda559757af6c617e,0.41236979166666665,0.12478686454057468,0.33089447021484375,0.3137255012989044,0.45490196347236633,0.46666666865348816,0.1364508819580078,0.528287578185717,0.555802698575559,0.06256299423723057,0.14615588229564766,0.15171552299978153,0.07383883744478226,0.1931547224521637,3.165635717894297,6.0,0.08080202083991159,0.8202173669910964,0.9773827047909007,0.6484951842064951,0.0015156299336911904,0.16191979791600883,2.5530786233028104,1.312535522576571,0.8411746131986106,1.3223871171455637,1.7760656772971266,0.031323018629617935,7.81079886327755,0.17859172718661193,0.010609409535838332,0.0,0.0,0.0,0.0,0.0,0.0015156299336911904,0.03789074834227976,0.14979475844647933,0.4503946952952321,7.360404167982318,0.0,0.0,0.0,0.86110187360222
138,15,0.9996114340319635,1,5,0.9985524767295287,0.6386230147811437,Dataset\IR_trans_bmp\p6_400\p6008.bmp,p6_400,p6008.bmp,SC400,400,0.6666666666666666,5,320,240,RGB,9b690786fa95026387bc1e622e7e9603f6554cc4f05033ea8eebba387eefcbb6,0.4259114583333333,0.11543870376031795,0.32431721687316895,0.30588236451148987,0.45490196347236633,0.4627451002597809,0.13813041687011718,0.5096047101542356,0.5526735400101225,0.053542060796581685,0.14531945383811762,0.18462645543892542,0.07036478072404861,0.18056263029575348,3.209513883243544,8.0,0.06695200244573525,0.8175114466491358,0.9783408370672487,0.6426793715533088,0.0004891470498318557,0.3032711708957505,2.691776215224702,1.1707734637725467,0.8579639254050749,1.2602873738917761,1.6941608070926322,0.021277896667685724,7.83662488535616,0.1555487618465301,0.00782635279730969,0.0,0.0,0.0,0.0,0.0,0.0,0.028859675940079488,0.13451543870376031,0.43607459492509937,7.4005502904310605,0.0,0.0,0.0,0.922402477432557
144,15,0.9994826922717005,1,5,0.991717200398938,0.6404884008043682,Dataset\IR_trans_bmp\p6_400\p6014.bmp,p6_400,p6014.bmp,SC400,400,0.6666666666666666,5,320,240,RGB,a172acc8189d35b3cafadc600b1bb513e976945d50b82410c6be3c9c6a4d7cce,0.4082421875,0.10860204765094249,0.32478752732276917,0.30980393290519714,0.45490196347236633,0.4627451002597809,0.13259197235107423,0.5008667805435926,0.549508165182698,0.04951575232456897,0.14578933182453183,0.14097069794760234,0.07095617800951004,0.18468891382217406,3.2408934883631626,7.0,0.047714732242528625,0.8179135455765538,0.978613041896446,0.6427318498200061,0.0025515899594935093,0.2990463432526393,2.668452779638312,1.110962268363474,0.9119382515229802,1.308710490224221,1.6799668293305265,0.018371447708353267,7.857621280260262,0.1372755398207508,0.005103179918987019,0.0,0.0,0.0,0.0,0.0,0.0,0.026026217586833794,0.11635250215290403,0.4169297993812394,7.440691480879023,0.0,0.0,0.0,0.9540362611808857
146,15,0.9998234755595237,1,5,0.9997329774141198,0.6680266026016477,Dataset\IR_trans_bmp\p6_400\p6016.bmp,p6_400,p6016.bmp,SC400,400,0.6666666666666666,5,320,240,RGB,db2f3e84a3e875ce6b7ed959f3df4bf489c693e85f82a2ff85b1d6ea491fcc59,0.40765625,0.11310208253481538,0.3252760171890259,0.30980393290519714,0.45490196347236633,0.4627451002597809,0.13260079701741537,0.5065000145189658,0.5483199488612915,0.048755180716561757,0.14572097960696404,0.13089320081354353,0.07700290530920029,0.2053420037031172,3.263104084537097,8.0,0.048677654273668075,0.8177990620362692,0.977966069240196,0.6436429491230086,0.0035773604190622206,0.322729014948256,2.613517311869171,1.1493547974958478,0.8534559856905584,1.3238788807972404,1.71023380605596,0.023252842723904432,7.841829564328606,0.15203781781014436,0.006132617861249521,0.0,0.0,0.0,0.0,0.0,0.0,0.0339849239810911,0.1241855116903028,0.4568800306630893,7.384949533665517,0.0,0.0,0.0,0.986925681481186
162,15,0.999942648509778,1,6,0.9941809818628184,0.8168315096405201,Dataset\IR_trans_bmp\p7_480\p7032.bmp,p7_480,p7032.bmp,SC480,480,0.8,6,320,240,RGB,c41c26d34f1ed442c927f131f0641c6268e1b5b94e6aafa15070d795848a6d0c,0.41727864583333335,0.002184291821387337,0.4069579541683197,0.40784314274787903,0.5215686559677124,0.545098066329956,0.16981486002604165,0.7041790366822441,0.5350184889540048,0.20716026064163695,0.10712588020171845,0.25856388977490313,0.08118504285812378,0.21749694645404816,3.342085516789233,2.0,0.0014353917683402502,0.7334391844339211,0.9396356919232537,0.7238409304151348,0.0,0.0,0.05691640403157862,1.5060380066776922,1.943395637657191,1.061441008518738,2.2112522232970324,1.2209567198177675,5.888101850407215,1.28636065778388,0.6819983149748806,0.12955970917714607,0.01397946765687896,0.0,0.0,0.0,0.5369613380347614,0.8537460604736793,0.7211907510843448,0.5264767372921022,5.361625113115112,0.0,0.0,0.0,0.7954332800459701
166,15,0.9998694918608855,1,6,0.9975373206303069,0.8152233473924977,Dataset\IR_trans_bmp\p7_480\p7036.bmp,p7_480,p7036.bmp,SC480,480,0.8,6,320,240,RGB,26747ec4d263ed0ab58955b9f6b3f8c7411545131ee7997b29fb68e9a567394b,0.41313802083333334,0.002426801979261874,0.4059089720249176,0.40392157435417175,0.5215686559677124,0.545098066329956,0.1676964314778646,0.6625758232712613,0.5368609790659294,0.16670221981133687,0.10777602387462179,0.2717917359303806,0.08080209046602249,0.21600690186023713,3.3421771732030234,2.0,0.001575845441079139,0.7348973791026536,0.9404119154986214,0.7226468553730085,0.0,0.0,0.058243247502284975,1.5312174981877777,1.9305997667748747,1.1051088909199787,2.1729017617952033,1.2019288348198809,5.9125720949289295,1.2642062466513284,0.6820259068990513,0.12556336474518578,0.015632386775505058,0.0,0.0,0.0,0.5264584449557187,0.8393583157363925,0.7216111443789593,0.5204071984619748,5.392164896466954,0.0,0.0,0.0,0.9817243700881783
173,15,0.9995754801120678,1,6,0.9957895637509123,0.7903351437533908,Dataset\IR_trans_bmp\p7_480\p7043.bmp,p7_480,p7043.bmp,SC480,480,0.8,6,320,240,RGB,636b211f54d08830830796096b886c825851748441b64eab4456e6b96f2af9dc,0.4141796875,0.002955138482819328,0.4084527790546417,0.40784314274787903,0.5254902243614197,0.5490196347236633,0.16917284647623698,0.670216689327582,0.5370785614784612,0.1742083265718221,0.10867502777440081,0.2865358392530927,0.08215583115816116,0.21974784135818481,3.354541916431588,2.0,0.001854820962620642,0.7290644299384602,0.9400050144569546,0.7249783385033701,0.0,0.0,0.048539721462479174,1.4481436071552076,1.974032506523311,1.0844729479078248,2.179508944009557,1.2653022729416203,5.86576126253576,1.2650507717941464,0.7084787324342168,0.1426011506177497,0.018108082618126947,0.0,0.0,0.0,0.5721651105033166,0.8727089817347292,0.6893646452261939,0.514822848879248,5.350938413656512,0.0,0.0,0.0,0.9407600608993633
179,15,0.9998007166449131,1,6,0.9966238684571513,0.8074714457217955,Dataset\IR_trans_bmp\p7_480\p7049.bmp,p7_480,p7049.bmp,SC480,480,0.8,6,320,240,RGB,c2706bd8247033f366ca6f3f8f8cc5706d863d43a0aadb8548635a4b85afa5b8,0.41963541666666665,0.0028236316246741965,0.4093042016029358,0.40784314274787903,0.5254902243614197,0.5490196347236633,0.17175853729248047,0.6512952411865929,0.5293925743097707,0.15412388987520625,0.10904543817590251,0.29146585228898536,0.07991329580545425,0.21234486997127533,3.344886100239702,2.0,0.0017376194613379669,0.7270238439464036,0.9399337469362745,0.7255131740196078,0.0,0.0,0.032766538413801664,1.4005212858384013,2.027305448678168,1.0713665135906665,2.1812088866823878,1.2868313267965743,5.860742211741343,1.2483554672955195,0.7206156137520169,0.15191758719126225,0.018369120019858506,0.0,0.0,0.0,0.5860742211741343,0.8588804766041951,0.6943030904803277,0.5247610773240661,5.335981134417277,0.0,0.0,0.0,0.9411088495139289
180,15,0.9990014579455436,1,6,0.994811052015043,0.8001517038004453,Dataset\IR_trans_bmp\p7_480\p7050.bmp,p7_480,p7050.bmp,SC480,480,0.8,6,320,240,RGB,35587984f14070bb5d8fc3712b5920a7ece4556622668d979e48286dd4ca42cb,0.4168359375,0.002436510167744354,0.4042397141456604,0.40392157435417175,0.5176470875740051,0.545098066329956,0.16850163777669272,0.671216268265849,0.536178939753269,0.17499693197468877,0.10659343674861087,0.26700321967582746,0.08170368522405624,0.2179206758737564,3.348692818072425,2.0,0.0015931028019866929,0.7392994971248691,0.9406497132544424,0.7215033437691483,0.0,0.0,0.07347015275044513,1.619841939212195,1.875737981445038,1.0450754381032705,2.229094430387655,1.1567800581013963,5.93483897166776,1.2754818355043265,0.6382407147096492,0.1359447724361978,0.01549370568206666,0.0,0.0,0.0,0.5192890388279762,0.7866804110829976,0.7591915784212664,0.5297847749351826,5.405054196732578,0.0,0.0,0.0,0.9317884074172075
183,15,0.9999457537645763,1,7,0.9985608172836665,0.9356184193046939,Dataset\IR_trans_bmp\p8_560\p8053.bmp,p8_560,p8053.bmp,SC560,560,0.9333333333333333,7,320,240,RGB,7968f6cedb7eaf8cce3d0cb0428f6a25c4ae91d659ef324cef2e429fa6d7a022,0.42138020833333334,0.10608120635313022,0.47177737951278687,0.4470588266849518,0.6549019813537598,0.7019608020782471,0.19879764556884766,0.5154113555727078,0.545752066919042,0.048277960892657096,0.14568555424636376,0.7152989751372348,0.1105133518576622,0.2749576270580292,3.8469970442501675,9.0,0.04001606822816884,0.5991229265095801,0.958326691272212,0.7778282614315257,0.0,0.0,0.006674494777825845,0.36858043384216055,1.950188492676596,1.4416908720103825,1.5529324516408134,2.6799332550522217,4.727767134293307,0.7517458747914221,0.7678141029602621,0.9806563253198195,0.506025585563315,0.19553797663926828,0.06625054075767876,0.004202459674927384,2.346950126691799,0.40763858846795625,0.5176441505469378,0.4402694518262159,4.287497682467091,0.0,0.0,0.0,0.8178315649645425
190,15,0.9999433538335079,1,7,0.9973361647172524,0.9335281095193811,Dataset\IR_trans_bmp\p8_560\p8060.bmp,p8_560,p8060.bmp,SC560,560,0.9333333333333333,7,320,240,RGB,767ae932731bf353f1278740de77880f63adff54405c744a01fb7769fad9dcba,0.4216015625,0.11927483862997622,0.4774645268917084,0.45098039507865906,0.6627451181411743,0.7098039388656616,0.20129979451497396,0.5136447003484641,0.5483391311761611,0.05022797477965325,0.1434264164056655,0.710545666428571,0.11163143813610077,0.27845898270606995,3.853028813965272,8.0,0.05009419685598691,0.5934552240638094,0.9581364051968444,0.7829965030445772,0.0,0.0,0.005929769294913369,0.2962413910250471,1.8028969393742857,1.5792952222119274,1.560023472003459,2.7556132060903673,4.629173229562371,0.7926124957534204,0.7402328669816857,0.9700114271595788,0.5806232434602675,0.2134716946168813,0.0696747892152321,0.004200253250563637,2.419345872324655,0.4197782513357423,0.5317026467772321,0.4022360171716236,4.226937212390747,0.0,0.0,0.0,0.8742213034519598
198,15,0.9999874988375732,1,7,0.9982680347598851,0.9589571783269014,Dataset\IR_trans_bmp\p8_560\p8068.bmp,p8_560,p8068.bmp,SC560,560,0.9333333333333333,7,320,240,RGB,c56634c3c150230c5b269ad22d1fb660f96294abedfc0478ac8fe4410ac40505,0.41877604166666665,0.12937628256949193,0.4827481508255005,0.45490196347236633,0.6666666865348816,0.7215686440467834,0.20216336568196613,0.5066796202232466,0.5465862895157091,0.047062720885731546,0.1439826253862708,0.7731609869075329,0.11108299344778061,0.273105651140213,3.847598018801604,7.0,0.08096511410981905,0.5924255967806171,0.95784164129519,0.7874406403186275,0.0,0.0,0.003979851999253777,0.20446489646166283,1.6884522106834152,1.7026304334307567,1.6120888004477334,2.788383806977178,4.615135874634662,0.764629065356632,0.7380138051116224,0.9437224053230521,0.6059324668863877,0.23033393445681238,0.09029289223307008,0.011939555997761333,2.4553199427896275,0.4136558671724395,0.515888315403271,0.46614016541259873,4.1489957092220635,0.0,0.0,0.0,0.9096929061045281
205,15,0.999991339350946,1,7,0.9959431144023548,0.9405980497533746,Dataset\IR_trans_bmp\p8_560\p8075.bmp,p8_560,p8075.bmp,SC560,560,0.9333333333333333,7,320,240,RGB,8dec29612d8fa52ed380026f020d9dded8d78a64eedd915c03321d3d4d34ddf6,0.426875,0.13473035627135188,0.48466673493385315,0.4588235318660736,0.6705882549285889,0.7176470756530762,0.2068921152750651,0.5249656972344435,0.5620571044458044,0.06689073366767159,0.1442101978608884,0.7373970773747708,0.09256185591220856,0.23325909674167633,3.859581062692022,5.0,0.06975963884821865,0.5850688998259646,0.9562601126876532,0.7897760727826286,0.0,0.0,0.0019521717911176184,0.20717423133235724,1.6710590531966814,1.6739873108833578,1.5807711078574915,2.8650561249389948,4.459248413860419,0.8665202537823329,0.7215714982918496,0.9812103465104929,0.6515373352855052,0.21205466081015129,0.09199609565641777,0.01586139580283065,2.4904831625183017,0.44899951195705223,0.5990727183992192,0.4258174719375305,4.035627135187896,0.0,0.0,0.0,0.8189787828072064
209,15,0.9997297614137255,1,7,0.8617854813479653,0.9570573405219203,Dataset\IR_trans_bmp\p8_560\p8079.bmp,p8_560,p8079.bmp,SC560,560,0.9333333333333333,7,320,240,RGB,0abf67e9ce9b888eb53f151ee3c3604a25552522d434a538e0168eabe1c902bb,0.4235026041666667,0.13866256725595696,0.4855414628982544,0.4588235318660736,0.6745098233222961,0.7215686440467834,0.2056280771891276,0.5267243277026676,0.5513528314019115,0.05789043948833621,0.14233726609080527,0.7152904015856452,0.11059312522411346,0.2827883243560791,3.8683003690296047,6.0,0.09082244427363566,0.5840674458935274,0.95736083984375,0.7903371773514093,0.0,0.0,0.0054112221368178325,0.21177555726364336,1.7512682551883167,1.5289162182936202,1.6273020753266718,2.8753266717909303,4.478278247501922,0.8313604919292852,0.7219062259800154,0.9695926210607225,0.6557417371252883,0.23637202152190623,0.10133743274404304,0.0054112221368178325,2.533435818601076,0.41297463489623365,0.5753112990007686,0.43953881629515756,4.038739431206764,0.0,0.0,0.0,0.986432543529901
212,15,0.9999308919214714,1,7,0.9895563222829548,0.9479467154449736,Dataset\IR_trans_bmp\p8_560\p8082.bmp,p8_560,p8082.bmp,SC560,560,0.9333333333333333,7,320,240,RGB,05052dba31bb5c07e4f5a8ec96c7e8ca51632f7c1197a4b6fc85d0ae4319cef3,0.41901041666666666,0.12936606587942823,0.4857952296733856,0.4627451002597809,0.6705882549285889,0.7215686440467834,0.20355326334635418,0.5005100348944521,0.5475869133391231,0.047589646528827814,0.14777118457845712,0.7053294047329971,0.10810040682554245,0.27192618250846873,3.852419598453956,8.0,0.04766935985083903,0.5821605661061889,0.9561762791053922,0.7919747745289522,0.0,0.0,0.004474829086389061,0.19018023617153512,1.7389683032939713,1.4781852082038534,1.6894965817277812,2.8986948415164697,4.466376631448105,0.8062150403977626,0.7696706028589185,1.012802983219391,0.6100683654443754,0.23517712865133622,0.09024238657551274,0.00944686140459913,2.5509011808576756,0.42709757613424487,0.5556246115599751,0.5059042883778745,3.9604723430702298,0.0,0.0,0.0,0.9058584518684424
213,15,0.9999777997030453,1,7,0.9972749783577075,0.9556815457727965,Dataset\IR_trans_bmp\p8_560\p8083.bmp,p8_560,p8083.bmp,SC560,560,0.9333333333333333,7,320,240,RGB,af35ada36209d1ef16e69627eef83c2cc61424a991966088eb0a9da5648537bb,0.42130208333333335,0.14161206576832736,0.49185094237327576,0.4627451002597809,0.6745098233222961,0.7254902124404907,0.20721782684326173,0.5004136379914351,0.5496617692998413,0.04966349188668294,0.1477217221445296,0.7344334834190269,0.11179623007774353,0.28246182203292847,3.8516490979676288,7.0,0.08981332674001731,0.5765502759198237,0.9554433785232843,0.7975772034888174,0.0,0.0,0.002472493509704537,0.1730745456793176,1.5284954876993448,1.60761528000989,1.713932500927185,2.974409692174558,4.374088268018297,0.8443565335640993,0.7550995178637656,1.000618123377426,0.6492767956484115,0.25392508344665593,0.109531462479911,0.013104215601434046,2.606502657930523,0.4398565953764371,0.5795524786747435,0.48312523179626654,3.89096303622203,0.0,0.0,0.0,0.9265837589417765
217,15,0.9998886158451409,1,8,0.9936422416992305,1.0,Dataset\IR_trans_bmp\p9_600\p9087.bmp,p9_600,p9087.bmp,SC600,600,1.0,8,320,240,RGB,ca2c341c9cc95059524b0b5feb4db557582276c56e0739abfeb0fa6df63aea46,0.4192708333333333,0.22667701863354037,0.5209227204322815,0.47058823704719543,0.7490196228027344,0.8117647171020508,0.21840769449869793,0.5028423825100364,0.550126023355534,0.0502065469413392,0.1384082276727204,0.8357114360917497,0.1266859471797943,0.31225141882896423,4.022366051681306,5.0,0.22506211180124225,0.5445987126014752,0.9485369514016544,0.8193445542279412,0.0,0.002484472049689441,0.0014906832298136647,0.11527950310559006,0.8417391304347827,2.070807453416149,1.6191304347826088,3.3490683229813665,4.106335403726708,0.8206211180124223,0.6824844720496894,0.6395031055900621,0.8340372670807453,0.52,0.2839751552795031,0.11304347826086956,2.712049689440994,0.6352795031055901,0.49838509316770185,0.42509316770186334,3.7113043478260868,0.006459627329192546,0.010434782608695653,0.0009937888198757764,0.960951687363856
219,15,0.998936233577068,1,8,0.9992305527158295,0.9976135086617486,Dataset\IR_trans_bmp\p9_600\p9089.bmp,p9_600,p9089.bmp,SC600,600,1.0,8,320,240,RGB,22ba34671e7d0eb9abc29b05cf76ce55a812534fda299af0105e26720c078614,0.4214322916666667,0.22795526169437064,0.5218652486801147,0.47058823704719543,0.7490196228027344,0.8156862854957581,0.21993087768554687,0.5321397901292235,0.5520949950830851,0.06121155628030705,0.1385229864089706,0.8363670788365266,0.1286803036928177,0.30982866883277893,4.028768870016895,5.0,0.2263177408391522,0.5440525502465957,0.9480970794079351,0.8202501483992034,0.0,0.0024717295927825494,0.004201940307730335,0.11320521534944077,0.834703083482667,2.060186615584255,1.6286226286844219,3.3566087869987022,4.113205215349441,0.7936723722424767,0.7054316257801396,0.6285608354446024,0.8208613977630848,0.5348822838781437,0.2797997899029846,0.12358647963912749,2.7122288821602916,0.6419081752456282,0.4812457517147624,0.446888710375085,3.6996848544769203,0.007168015819069394,0.009392572452573689,0.0014830377556695298,0.9290609319409547
222,15,0.999915035947556,1,8,0.9983688232523463,1.0,Dataset\IR_trans_bmp\p9_600\p9092.bmp,p9_600,p9092.bmp,SC600,600,1.0,8,320,240,RGB,9f19408fb4d28596647b379ecfc310a88e85c30a46732ebc6c562f2994405ee5,0.422734375,0.22987124992299637,0.5219444036483765,0.47058823704719543,0.7529411911964417,0.8156862854957581,0.22064384460449218,0.5144729322149159,0.5495726292403137,0.051642146902458975,0.13861931327896543,0.830889523118524,0.13010701537132263,0.3173564225435257,4.034290317807644,5.0,0.22820797141625085,0.5466920650205133,0.9479408413756127,0.8199724982766544,0.0,0.003203351198176554,0.003203351198176554,0.11877040596316146,0.833364134787162,2.046202180742931,1.6600751555473419,3.3351814205630506,4.115567054764985,0.8099550298774102,0.6773855725990267,0.6170147230949301,0.8299143719583565,0.5421055873837245,0.2833733752233105,0.12468428509825663,2.690815006468305,0.6468305304010349,0.5014476683299451,0.4538902236185548,3.6870572291012134,0.005913879135095177,0.013306228053964147,0.0007392348918868971,0.9742826854517986
225,15,0.9997524153118699,1,8,0.9916457316667876,0.9746645551689799,Dataset\IR_trans_bmp\p9_600\p9095.bmp,p9_600,p9095.bmp,SC600,600,1.0,8,320,240,RGB,e16946196710a0106d91e60d832629de6dedb8f37c5cc77b7e392ff17b548e11,0.41766927083333333,0.2331888892352776,0.5258983969688416,0.47058823704719543,0.7529411911964417,0.8196078538894653,0.2196515909830729,0.4908180960374586,0.5479230518048938,0.048794735931982094,0.13858870334186293,0.8391264883190758,0.12805715203285217,0.3080965578556063,4.0116117769189,5.0,0.23153661502010786,0.539615311436147,0.9468881046070772,0.8246690937117034,0.0,0.0024939988153505625,0.00199519905228045,0.09003335723415531,0.7282476540823644,2.100445802288244,1.6615020107865448,3.415281977741061,4.048009477195499,0.8125448140412134,0.7147800604794713,0.6207563051407551,0.8272594070517817,0.5559123359416405,0.29354366056676123,0.1271939395828787,2.7461420955825044,0.66490008417246,0.492065966268666,0.46388377965520466,3.61305608379836,0.006484396919911463,0.012469994076752814,0.000997599526140225,0.9751703180633841
228,15,0.9999347904684723,1,8,0.9970149952759547,1.0,Dataset\IR_trans_bmp\p9_600\p9098.bmp,p9_600,p9098.bmp,SC600,600,1.0,8,320,240,RGB,a6f842b638e9e15465da4d5c14efa3b0c30507f5df72638a7b5d644e084a14f5,0.41921875,0.22984221642440056,0.5218915343284607,0.47058823704719543,0.7490196228027344,0.8156862854957581,0.2187867228190104,0.5078945311002963,0.548692957139255,0.04932877148540061,0.13825799578475498,0.8130022015868599,0.1311035305261612,0.31866204738616943,4.046676791134624,5.0,0.22807181016275313,0.5409554849123822,0.9487363927504595,0.8197190228630514,0.0,0.0024847807181016274,0.0032302149335321157,0.13641446142377936,0.8428376195800721,2.041247359920487,1.5902596595850416,3.383525903838986,4.087712759348987,0.7829544042738228,0.7178531494595602,0.6328736489004846,0.8425891415082619,0.5260280780221146,0.28848304137159897,0.12150577711516959,2.735495092558082,0.6530003727171078,0.4795626785936141,0.4447757485401913,3.668281774133433,0.005218039508013418,0.012920859734128463,0.0007454342154304882,0.9781521334477244
240,15,0.999731243000126,1,8,0.9994135470976084,0.9877936947841794,Dataset\IR_trans_bmp\p9_600\p9110.bmp,p9_600,p9110.bmp,SC600,600,1.0,8,320,240,RGB,251c457661a9a71f07a117a2630c4c9b057b9573378b86b4607235a5ced08c87,0.4204557291666667,0.23802297853891177,0.5288142561912537,0.4745098054409027,0.7607843279838562,0.8274509906768799,0.22234298706054687,0.5346753975760883,0.5414364710874614,0.054031142253720806,0.13934321300603542,0.8671689429481133,0.13002443313598633,0.31298962235450745,4.037849346317801,7.0,0.23616487566194916,0.5425085994784392,0.9433474073223039,0.8260089350681679,0.0,0.002972964603140194,0.004954941005233656,0.08745470874237403,0.7410114273326933,2.0335077885478925,1.7305131460778544,3.3995850236908116,4.028862531355486,0.8103806014059645,0.7249078690656839,0.5926109442259453,0.7821374376761326,0.5735344213557957,0.30819733052553344,0.17936886438945837,2.7162986590690905,0.6708990121086371,0.505403982533833,0.4684896720448422,3.60546282245827,0.011891858412560775,0.01486482301570097,0.006689170357065437,0.9232724656939788
245,15,0.9997347325731979,1,8,0.9980303023985043,0.9912471643000202,Dataset\IR_trans_bmp\p9_600\p9115.bmp,p9_600,p9115.bmp,SC600,600,1.0,8,320,240,RGB,39eaf964d0e5e38a9ec46a729a0670e7b008615020268e6ed32259b7d7feba45,0.42032552083333335,0.2359592329853474,0.5273509621620178,0.47058823704719543,0.7607843279838562,0.8274509906768799,0.2216590627034505,0.5377813916485833,0.5415715310327744,0.0561749565848748,0.13897302668628056,0.8678133229834235,0.13219156861305237,0.32166436314582825,4.047928438216446,7.0,0.2340695765310864,0.5458509562401798,0.9430220061657475,0.8246561686197916,0.0,0.0032217093646417397,0.004460828351042409,0.1003686378984542,0.7908057371209071,1.9788730212818686,1.757318546513429,3.364951519469657,4.046219138192745,0.8408661441714941,0.6976239893435767,0.5915554041076795,0.7898144419317865,0.5457080016108546,0.3107710417892878,0.1774418388525758,2.6812056627737677,0.6785415569530064,0.5177039125181996,0.47433474799417613,3.6162448499117126,0.011895542269446424,0.01363030885040736,0.006443418729283479,0.9085026559158097
247,15,0.9996700444639309,1,8,0.99731332085182,0.9954900013332368,Dataset\IR_trans_bmp\p9_600\p9117.bmp,p9_600,p9117.bmp,SC600,600,1.0,8,320,240,RGB,2aa2986882fc3b34df313a54cb757f8cfa13241edd0bcf188baab33338c08aa1,0.4200130208333333,0.24431906252906346,0.533194899559021,0.47843137383461,0.772549033164978,0.8313725590705872,0.22394879659016928,0.542247115802817,0.5411872523590843,0.05900176735105082,0.1390166219550971,0.8593208730776749,0.12378852069377899,0.30511718988418596,4.024447832248249,6.0,0.24245900114703786,0.5318701973174538,0.942642271752451,0.8302926456227022,0.0,0.0019840654741606475,0.003968130948321295,0.07043432433270298,0.6795424249000217,1.9897696623988592,1.74696964999845,3.507331741947484,3.957466596397681,0.7975943206125802,0.7703134203428713,0.5798431348234492,0.7653532566574697,0.6148122888055306,0.33084291781628794,0.18377406454412995,2.7779396720091762,0.701863161484329,0.481135877483957,0.44591871531760546,3.5601574851970117,0.010416343739343399,0.014384474687664692,0.00818427008091267,0.8453634668837139
