fracao_area_roi,fracao_area_quente,fracao_saturada,indice_media,indice_p50,indice_p90,indice_p95,indice_p99,indice_max,indice_desvio,indice_assimetria,indice_integrado,contraste_roi_fundo,fundo_mediana,hotspot_x,hotspot_y,hotspot_distancia_centro,hotspot_dispersao,gradiente_medio,gradiente_p90,entropia,componentes_quentes,maior_componente_quente,hist_indice_00,hist_indice_01,hist_indice_02,hist_indice_03,hist_indice_04,hist_indice_05,hist_indice_06,hist_indice_07,hist_indice_08,hist_indice_09,hist_indice_10,hist_indice_11,hist_indice_12,hist_indice_13,hist_indice_14,hist_indice_15,arquivo,condicao
0.4160026041666667,0.11477667532630129,0.0,0.062251247465610504,0.0595238097012043,0.095238097012043,0.1031746044754982,0.115079365670681,0.1269841343164444,0.022621089592576027,0.4287768602371216,0.02589668147265911,0.050346486270427704,0.011904762126505375,0.6618359878027675,0.5939123528035734,0.1871107077566657,0.26382582326473136,0.024168839678168297,0.0634920597076416,1.4296997109787974,19.0,0.07036213966008326,0.5218003693386335,0.47776143228270057,0.00043819837866599894,0.0,0.0,0.0,0.0,0.0,0.0,0.0,0.0,0.0,0.0,0.0,0.0,0.0,p1001.bmp,Healthy
0.44408854166666667,0.13619304521198616,0.0,0.06320270150899887,0.0595238097012043,0.095238097012043,0.1031746044754982,0.115079365670681,0.130952388048172,0.022946638986468315,0.4338206350803375,0.02806759439408779,0.05526619404554367,0.007936508394777775,0.6123791208770265,0.6068045743111359,0.15503639541371014,0.28356261306955394,0.02568184956908226,0.0714285671710968,1.4956812975283156,20.0,0.06919603588811353,0.5237788072479915,0.4740808068961473,0.0021403858558611388,0.0,0.0,0.0,0.0,0.0,0.0,0.0,0.0,0.0,0.0,0.0,0.0,0.0,p1002.bmp,Healthy
0.4438020833333333,0.13399248914446663,0.0,0.06267278641462326,0.0595238097012043,0.095238097012043,0.1031746044754982,0.115079365670681,0.130952388048172,0.02307559736073017,0.43445998430252075,0.027814311906695366,0.05473627895116806,0.007936508394777775,0.6029069774104738,0.6086966568230335,0.1496823610325014,0.2858444222498743,0.025862352922558784,0.07317099720239639,1.484988233237296,17.0,0.06460509329890858,0.5295153151038611,0.46928177443961977,0.0012029104565191879,0.0,0.0,0.0,0.0,0.0,0.0,0.0,0.0,0.0,0.0,0.0,0.0,0.0,p1003.bmp,Healthy
0.43973958333333335,0.1275316830510482,0.0,0.06277531385421753,0.0595238097012043,0.095238097012043,0.1031746044754982,0.115079365670681,0.130952388048172,0.022800937294960022,0.440824031829834,0.027604790404438972,0.05483880639076233,0.007936508394777775,0.6304049614669534,0.6154042509135317,0.17413671383172177,0.2818756356403657,0.02604098618030548,0.07186812907457352,1.4697443328550173,23.0,0.06200402700461921,0.5273895534762525,0.4708338268388014,0.0017766196849461093,0.0,0.0,0.0,0.0,0.0,0.0,0.0,0.0,0.0,0.0,0.0,0.0,0.0,p1004.bmp,Healthy
0.4381380208333333,0.12107343457457874,0.0,0.06195106357336044,0.0595238097012043,0.095238097012043,0.1031746044754982,0.1111111119389534,0.1269841343164444,0.022825095802545547,0.44696304202079773,0.027143115177750587,0.05401455610990524,0.007936508394777775,0.6258044958169374,0.6161885153541722,0.17124994092834173,0.2835159268162895,0.026383737102150917,0.0753341093659401,1.459559429875893,21.0,0.05480103420606853,0.5394216767214479,0.4590329578887931,0.0015453653897589824,0.0,0.0,0.0,0.0,0.0,0.0,0.0,0.0,0.0,0.0,0.0,0.0,0.0,p1005.bmp,Healthy
0.4397916666666667,0.10152179062055898,0.0,0.0639566108584404,0.0595238097012043,0.0992063507437706,0.1031746044754982,0.115079365670681,0.130952388048172,0.022780530154705048,0.4549400508403778,0.028127584606409073,0.0520518496632576,0.011904762126505375,0.6234909622066279,0.6240110985254241,0.17501077196618858,0.2840781501973952,0.02640112116932869,0.07550116628408432,1.4641934091077067,21.0,0.044824727617243015,0.5151290857413549,0.48339057318806256,0.0014803410705826621,0.0,0.0,0.0,0.0,0.0,0.0,0.0,0.0,0.0,0.0,0.0,0.0,0.0,p1006.bmp,Healthy
0.43595052083333335,0.1366147964517189,0.0,0.06815841794013977,0.0634920671582222,0.0992063507437706,0.1071428582072258,0.1190476194024086,0.1349206417798996,0.022690050303936005,0.44801065325737,0.029713697731494904,0.05625365674495697,0.011904762126505375,0.6307963463882011,0.6136499628234698,0.17327434397012842,0.28158552672940496,0.0260650422424078,0.07550116628408432,1.515298442385501,20.0,0.0683372659120098,0.46733968519458796,0.5295540754457753,0.003106239359636809,0.0,0.0,0.0,0.0,0.0,0.0,0.0,0.0,0.0,0.0,0.0,0.0,0.0,p1007.bmp,Healthy
0.437578125,0.12268642504314706,0.0,0.06203741580247879,0.0595238097012043,0.095238097012043,0.1031746044754982,0.115079365670681,0.1269841343164444,0.022819235920906067,0.4509791135787964,0.027146214619278908,0.05410090833902359,0.007936508394777775,0.6331635106263162,0.6193715794204657,0.17883538390279918,0.28423058972776655,0.026542823761701584,0.07550118118524551,1.4529629930879775,23.0,0.05311551508659168,0.5352615604356364,0.4633993929655419,0.001339046598821639,0.0,0.0,0.0,0.0,0.0,0.0,0.0,0.0,0.0,0.0,0.0,0.0,0.0,p1008.bmp,Healthy
0.4394401041666667,0.10178079350499274,0.0,0.06412924081087112,0.0595238097012043,0.0992063507437706,0.1031746044754982,0.115079365670681,0.130952388048172,0.022802963852882385,0.45271143317222595,0.028180962428450584,0.052224479615688324,0.011904762126505375,0.6287834027206752,0.6260198682517938,0.18018371738454916,0.2875209465576639,0.026776358485221863,0.07550118118524551,1.4674084117339592,24.0,0.043023496992503484,0.5121929538652997,0.4862366292334588,0.0015704169012415183,0.0,0.0,0.0,0.0,0.0,0.0,0.0,0.0,0.0,0.0,0.0,0.0,0.0,p1009.bmp,Healthy
0.442734375,0.10552320451738133,0.0,0.06392516940832138,0.0595238097012043,0.0992063507437706,0.1031746044754982,0.115079365670681,0.130952388048172,0.023134315386414528,0.4389967620372772,0.028301868587732315,0.05598866194486618,0.007936508394777775,0.6470988252694695,0.6279116472671414,0.1949344861799767,0.286496920628483,0.026287714019417763,0.07529231905937195,1.4800984391177612,19.0,0.045614963825657315,0.5171754602670431,0.4809422975119111,0.0018822422210458209,0.0,0.0,0.0,0.0,0.0,0.0,0.0,0.0,0.0,0.0,0.0,0.0,0.0,p1010.bmp,Healthy
0.4297786458333333,0.12518556669797315,0.0,0.0668284222483635,0.0634920671582222,0.0992063507437706,0.1071428582072258,0.1190476194024086,0.1349206417798996,0.022697895765304565,0.4426220655441284,0.02872142754495144,0.054923661053180695,0.011904762126505375,0.6435924135801498,0.6244854675024495,0.19004055582184612,0.28495203780052686,0.0263418797403574,0.07487285137176514,1.4917589564500855,22.0,0.053715878450025754,0.48171599963644074,0.5153452297997394,0.002938770563819796,0.0,0.0,0.0,0.0,0.0,0.0,0.0,0.0,0.0,0.0,0.0,0.0,0.0,p1011.bmp,Healthy
0.4337109375,0.1366297397099883,0.0,0.06753429770469666,0.0634920671582222,0.0992063507437706,0.1071428582072258,0.1190476194024086,0.1349206417798996,0.022957615554332733,0.4406754970550537,0.029290365055203438,0.055629536509513855,0.011904762126505375,0.618223674368735,0.6166864887511384,0.16611012563451466,0.2861714597281497,0.026267962530255318,0.07487286627292633,1.5091256044002204,17.0,0.06751928908102915,0.47590741241106005,0.52091026449308,0.003182323095859978,0.0,0.0,0.0,0.0,0.0,0.0,0.0,0.0,0.0,0.0,0.0,0.0,0.0,p1012.bmp,Healthy
0.43703125,0.10707901322845906,0.0,0.06872443109750748,0.0634920671582222,0.1031746044754982,0.1071428582072258,0.1190476194024086,0.1388888955116272,0.02303033322095871,0.437395304441452,0.03003472276031971,0.056819669902324677,0.011904762126505375,0.6278722181230902,0.6281863531497662,0.18106088838165948,0.28267737945926064,0.0262848399579525,0.07529228925704956,1.536392687604014,20.0,0.04689548325586938,0.4598975092360863,0.5358419735430818,0.004260517220831843,0.0,0.0,0.0,0.0,0.0,0.0,0.0,0.0,0.0,0.0,0.0,0.0,0.0,p1013.bmp,Healthy
0.4408463541666667,0.1216587411761231,0.0,0.0626322403550148,0.0595238097012043,0.095238097012043,0.1031746044754982,0.115079365670681,0.130952388048172,0.022644249722361565,0.4050353169441223,0.027611196041107178,0.0546957328915596,0.007936508394777775,0.6140045231296881,0.619252575124895,0.1649794168008431,0.28891874942990864,0.02512277476489544,0.06757694482803345,1.474153525357056,20.0,0.05455297279735358,0.522314440145317,0.47647458428094636,0.0012109755737365981,0.0,0.0,0.0,0.0,0.0,0.0,0.0,0.0,0.0,0.0,0.0,0.0,0.0,p1014.bmp,Healthy
0.4383984375,0.11146752205292702,0.0,0.061864644289016724,0.0595238097012043,0.095238097012043,0.1031746044754982,0.1111111119389534,0.1269841343164444,0.022665126249194145,0.4024422764778137,0.02712136320769787,0.05392813682556152,0.007936508394777775,0.5757717078374169,0.6317145789424828,0.15195421025622954,0.29535100508695517,0.026035144925117493,0.0714285671710968,1.4660712501070015,21.0,0.04288811666518162,0.5337550862811489,0.46541328818794736,0.0008316255309037988,0.0,0.0,0.0,0.0,0.0,0.0,0.0,0.0,0.0,0.0,0.0,0.0,0.0,p1015.bmp,Healthy
0.42515625,0.1019845644983462,0.0,0.06043153256177902,0.0555555559694767,0.0992063507437706,0.1031746044754982,0.115079365670681,0.1269841343164444,0.02454793080687523,0.4861971437931061,0.02569284476339817,0.05646327883005142,0.003968254197388887,0.6399705334549725,0.5585296811035101,0.15171510737480348,0.2739438106609022,0.02622305229306221,0.0682724341750145,1.5691643951949792,15.0,0.05748499326228102,0.5611907386990077,0.43773735146392256,0.0010719098370697048,0.0,0.0,0.0,0.0,0.0,0.0,0.0,0.0,0.0,0.0,0.0,0.0,0.0,p1016.bmp,Healthy
0.40899739583333333,0.13514373945433128,0.0,0.05956107750535011,0.0555555559694767,0.0873015895485878,0.0992063507437706,0.1111111119389534,0.1269841343164444,0.02124088816344738,0.4905872941017151,0.024360327050089836,0.05559282377362251,0.003968254197388887,0.5549311923724513,0.6161846748642342,0.1285158144695316,0.2796607462944814,0.0258034598082304,0.0714285671710968,1.3386837571008894,21.0,0.06739677183152398,0.5631466683645856,0.43599376014771896,0.0008595714876953933,0.0,0.0,0.0,0.0,0.0,0.0,0.0,0.0,0.0,0.0,0.0,0.0,0.0,p1017.bmp,Healthy
0.4366536458333333,0.10049202325928135,0.0,0.0644756406545639,0.0595238097012043,0.0992063507437706,0.1031746044754982,0.115079365670681,0.130952388048172,0.02268790453672409,0.42662906646728516,0.028153523802757263,0.056539133191108704,0.007936508394777775,0.6521877304354335,0.6163765680916562,0.1915844745690007,0.28659375831276557,0.025732938200235367,0.0694160982966423,1.4933483943095007,23.0,0.04484866557328165,0.506217384821828,0.49235127478753543,0.0014313403906366484,0.0,0.0,0.0,0.0,0.0,0.0,0.0,0.0,0.0,0.0,0.0,0.0,0.0,p1018.bmp,Healthy
0.4340625,0.10190184785217182,0.0,0.06431545317173004,0.0595238097012043,0.0992063507437706,0.1031746044754982,0.115079365670681,0.130952388048172,0.022838899865746498,0.4342467486858368,0.02791692689061165,0.05637894570827484,0.007936508394777775,0.6520069546608553,0.6234753285412348,0.19583735860053159,0.2853466968577413,0.026454580947756767,0.07186814397573471,1.495579426852769,23.0,0.044156467482601394,0.5107091432685386,0.48764098872090234,0.0016498680105591552,0.0,0.0,0.0,0.0,0.0,0.0,0.0,0.0,0.0,0.0,0.0,0.0,0.0,p1019.bmp,Healthy
0.4332682291666667,0.11957926371149512,0.0,0.06240527704358101,0.0595238097012043,0.095238097012043,0.1031746044754982,0.115079365670681,0.130952388048172,0.022757718339562416,0.4252110719680786,0.027038224041461945,0.05843702331185341,0.003968254197388887,0.6423521643307968,0.6195518678464124,0.1858945609619287,0.28885098157976674,0.026279639452695847,0.0718681588768959,1.4691984076964428,21.0,0.0487152516904583,0.5320811419984973,0.46668670172802407,0.0012321562734785875,0.0,0.0,0.0,0.0,0.0,0.0,0.0,0.0,0.0,0.0,0.0,0.0,0.0,p1020.bmp,Healthy
0.41674479166666667,0.10076235705805162,0.0,0.06612648814916611,0.0634920671582222,0.0992063507437706,0.1031746044754982,0.115079365670681,0.1349206417798996,0.02175248973071575,0.44428712129592896,0.027557868510484695,0.05818998068571091,0.007936508394777775,0.6608286903359165,0.6417818368238302,0.21440139199246194,0.28461952532065715,0.02676515281200409,0.07317101210355759,1.457109457418145,20.0,0.039336374429794416,0.4784727863525589,0.5198712741360995,0.0016559395113416235,0.0,0.0,0.0,0.0,0.0,0.0,0.0,0.0,0.0,0.0,0.0,0.0,0.0,p1021.bmp,Healthy
0.42658854166666665,0.12517550821073195,0.0,0.06780286133289337,0.0634920671582222,0.0992063507437706,0.1071428582072258,0.1190476194024086,0.1349206417798996,0.022206813097000122,0.45227164030075073,0.028923925012350082,0.05589810013771057,0.011904762126505375,0.6354775010204005,0.6367032906523126,0.19246283526411861,0.2923811162397101,0.026886409148573875,0.07633087038993835,1.4976900634262897,17.0,0.041480984066906784,0.46477626518527565,0.5316830474330017,0.0035406873817227275,0.0,0.0,0.0,0.0,0.0,0.0,0.0,0.0,0.0,0.0,0.0,0.0,0.0,p1022.bmp,Healthy
0.4196875,0.14144328617522958,0.0,0.04684711992740631,0.0476190485060215,0.0634920671582222,0.0714285746216774,0.0793650820851326,0.0873015895485878,0.013270528055727482,0.24030418694019318,0.019661150872707367,0.04684711992740631,0.0,0.5757404836123965,0.6403457122760193,0.1594789635409727,0.2632099296951237,0.020016290247440338,0.05173970013856888,1.0270373430824238,11.0,0.05761355174981385,0.8585567138247704,0.14144328617522958,0.0,0.0,0.0,0.0,0.0,0.0,0.0,0.0,0.0,0.0,0.0,0.0,0.0,0.0,p2001.bmp,SC80
0.42302083333333335,0.10009849790691948,0.0,0.047682687640190125,0.0476190485060215,0.0674603208899498,0.0714285746216774,0.0793650820851326,0.0912698432803154,0.013703220523893833,0.18593481183052063,0.020170770585536957,0.047682687640190125,0.0,0.5341214848098649,0.6692171714967585,0.17262307741143193,0.25849319359209183,0.02107255347073078,0.05294310674071312,1.047031152839169,16.0,0.034289583846343265,0.8461893622260527,0.1538106377739473,0.0,0.0,0.0,0.0,0.0,0.0,0.0,0.0,0.0,0.0,0.0,0.0,0.0,0.0,p2002.bmp,SC80
0.4300130208333333,0.13174867524602574,0.0,0.04592600837349892,0.0476190485060215,0.0634920671582222,0.0714285746216774,0.0793650820851326,0.0912698432803154,0.014070757664740086,0.1952218860387802,0.019748780876398087,0.04592600837349892,0.0,0.5416171149314943,0.6535130285604918,0.15905418634237695,0.26265189482888873,0.020946592092514038,0.052943114191293716,1.1041176562863981,13.0,0.04224072672218017,0.8682513247539743,0.13174867524602574,0.0,0.0,0.0,0.0,0.0,0.0,0.0,0.0,0.0,0.0,0.0,0.0,0.0,0.0,p2003.bmp,SC80
0.4252473958333333,0.1187727732018739,0.0,0.04934236779808998,0.0476190485060215,0.0674603208899498,0.075396828353405,0.0833333358168602,0.095238097012043,0.013854250311851501,0.2533554136753082,0.020982714369893074,0.04934236779808998,0.0,0.5070478692447091,0.6616364784831236,0.16179006037861468,0.260176557761631,0.021351752802729607,0.05723097175359726,0.9933879401915593,10.0,0.042959061820631375,0.8417587801218653,0.15824121987813466,0.0,0.0,0.0,0.0,0.0,0.0,0.0,0.0,0.0,0.0,0.0,0.0,0.0,0.0,p2004.bmp,SC80
0.423046875,0.11551246537396122,0.0,0.04492896795272827,0.0436507947742939,0.0634920671582222,0.0714285746216774,0.0793650820851326,0.0873015895485878,0.013509401120245457,0.2900402247905731,0.019007058814167976,0.04492896795272827,0.0,0.48411623739150134,0.664764709484484,0.16552855767543417,0.25887335591437705,0.02078869752585888,0.053239718079566956,1.0582117138351315,11.0,0.04219759926131117,0.8844875346260388,0.11551246537396122,0.0,0.0,0.0,0.0,0.0,0.0,0.0,0.0,0.0,0.0,0.0,0.0,0.0,0.0,p2005.bmp,SC80
0.42302083333333335,0.11702782565870476,0.0,0.04521401226520538,0.0436507947742939,0.0634920671582222,0.0714285746216774,0.0793650820851326,0.0873015895485878,0.013523303903639317,0.25963377952575684,0.019126469269394875,0.04521401226520538,0.0,0.47881907246793265,0.6597436975457011,0.16114180275983978,0.26160526971409276,0.020750615745782852,0.053239718079566956,1.0425503243666758,11.0,0.042846589509972915,0.8829721743412953,0.11702782565870476,0.0,0.0,0.0,0.0,0.0,0.0,0.0,0.0,0.0,0.0,0.0,0.0,0.0,0.0,p2006.bmp,SC80
0.41813802083333335,0.10002179802572167,0.0,0.044643569737672806,0.0436507947742939,0.06269841641187668,0.0674603208899498,0.0793650820851326,0.0873015895485878,0.013435497879981995,0.23789510130882263,0.018667172640562057,0.044643569737672806,0.0,0.5332942091220274,0.6965523393259125,0.19935226724456875,0.2370161030677858,0.020710358396172523,0.05294310674071312,1.0349000648274727,11.0,0.03808426493943263,0.8999782019742784,0.10002179802572167,0.0,0.0,0.0,0.0,0.0,0.0,0.0,0.0,0.0,0.0,0.0,0.0,0.0,0.0,p2007.bmp,SC80
0.41782552083333335,0.14447318395711925,0.0,0.0445563904941082,0.0436507947742939,0.0595238097012043,0.0674603208899498,0.0793650820851326,0.0873015895485878,0.01349793653935194,0.24788200855255127,0.018616797402501106,0.0445563904941082,0.0,0.549629681551176,0.6677341022473279,0.17492236663042315,0.2472235905345564,0.021044211462140083,0.05527137964963913,1.0455899331285834,19.0,0.045467294088316866,0.9008071301692169,0.09919286983078314,0.0,0.0,0.0,0.0,0.0,0.0,0.0,0.0,0.0,0.0,0.0,0.0,0.0,0.0,p2008.bmp,SC80
0.41639322916666666,0.13999812376872323,0.0,0.048805344849824905,0.0476190485060215,0.0634920671582222,0.07182539999485016,0.0833333358168602,0.095238097012043,0.013403356075286865,0.2095312625169754,0.02032221481204033,0.048805344849824905,0.0,0.5356691954261342,0.6737420910580707,0.17736573994878121,0.2438694387869672,0.02102193981409073,0.05527137964963913,0.9561020313655415,17.0,0.04424778761061947,0.8600018762312768,0.13999812376872323,0.0,0.0,0.0,0.0,0.0,0.0,0.0,0.0,0.0,0.0,0.0,0.0,0.0,0.0,p2009.bmp,SC80
0.41625,0.10081956956956957,0.0,0.04874306917190552,0.0476190485060215,0.0674603208899498,0.0714285746216774,0.0833333358168602,0.0912698432803154,0.013392318040132523,0.16000860929489136,0.020289301872253418,0.04874306917190552,0.0,0.5459346959327833,0.682194203655667,0.18789551387981543,0.24532826069934063,0.02079925499856472,0.05294310674071312,0.9869671099001625,14.0,0.03619244244244244,0.849974974974975,0.15002502502502502,0.0,0.0,0.0,0.0,0.0,0.0,0.0,0.0,0.0,0.0,0.0,0.0,0.0,0.0,p2010.bmp,SC80
0.4211328125,0.11677951952509044,0.0,0.04615692049264908,0.0476190485060215,0.0634920671582222,0.0714285746216774,0.0793650820851326,0.0912698432803154,0.013398329727351665,0.1402856707572937,0.01943819411098957,0.04615692049264908,0.0,0.5461262590232012,0.6734111470882307,0.17944095883028333,0.24841476986892005,0.020669516175985336,0.05173970386385918,1.026130670195039,17.0,0.03942120396994713,0.8832204804749095,0.11677951952509044,0.0,0.0,0.0,0.0,0.0,0.0,0.0,0.0,0.0,0.0,0.0,0.0,0.0,0.0,p2011.bmp,SC80
0.4149348958333333,0.13283333856340415,0.0,0.0441218763589859,0.0436507947742939,0.0595238097012043,0.0674603208899498,0.0793650820851326,0.0873015895485878,0.013240136206150055,0.24514050781726837,0.018307706341147423,0.0441218763589859,0.0,0.5387658344333308,0.6757999395629697,0.18002335590043925,0.24372839440182661,0.020891031250357628,0.053239718079566956,1.0251839573590131,17.0,0.04336774719929708,0.9050428342799761,0.09495716572002384,0.0,0.0,0.0,0.0,0.0,0.0,0.0,0.0,0.0,0.0,0.0,0.0,0.0,0.0,p2012.bmp,SC80
0.42015625,0.11856948059997521,0.0,0.0412621945142746,0.0436507947742939,0.0595238097012043,0.0634920671582222,0.075396828353405,0.0833333358168602,0.013547790236771107,0.21303921937942505,0.017336569726467133,0.0412621945142746,0.0,0.5620569773949802,0.6631351265998516,0.1745397890859007,0.24731711818735874,0.021020939573645592,0.05527137964963913,1.1062026034733672,13.0,0.051475145655138214,0.9238254617577786,0.0761745382422214,0.0,0.0,0.0,0.0,0.0,0.0,0.0,0.0,0.0,0.0,0.0,0.0,0.0,0.0,p2013.bmp,SC80
0.4183072916666667,0.11570067857809874,0.0,0.04088416323065758,0.0396825410425663,0.0595238097012043,0.0674603208899498,0.075396828353405,0.0833333358168602,0.01361375954002142,0.22247600555419922,0.017102142795920372,0.04088416323065758,0.0,0.5640880741902907,0.6681404445400934,0.17994024103451794,0.2487347897853834,0.02126598358154297,0.057778652757406235,1.1158662879956123,13.0,0.038037726452094876,0.9239245470958103,0.07607545290418975,0.0,0.0,0.0,0.0,0.0,0.0,0.0,0.0,0.0,0.0,0.0,0.0,0.0,0.0,p2014.bmp,SC80
0.4213411458333333,0.12135727309249358,0.0,0.041072823107242584,0.0436507947742939,0.0595238097012043,0.0674603208899498,0.075396828353405,0.0833333358168602,0.013846873305737972,0.20136979222297668,0.01730567030608654,0.041072823107242584,0.0,0.5524393231144724,0.6651501344388332,0.17327564604949167,0.24971259550351854,0.02136276662349701,0.058590564876794815,1.135662708736207,14.0,0.05145400043264625,0.9188170215396025,0.08118297846039742,0.0,0.0,0.0,0.0,0.0,0.0,0.0,0.0,0.0,0.0,0.0,0.0,0.0,0.0,p2015.bmp,SC80
0.416953125,0.11398413590656424,0.0,0.040751997381448746,0.0396825410425663,0.0595238097012043,0.0634920671582222,0.075396828353405,0.0833333358168602,0.013621559366583824,0.21917639672756195,0.016991673037409782,0.040751997381448746,0.0,0.563831013549285,0.6726194980225249,0.1840431726206584,0.24579874797328796,0.02116824872791767,0.05723097547888756,1.1262602602483536,13.0,0.037380550871275994,0.9243644994066579,0.07563550059334208,0.0,0.0,0.0,0.0,0.0,0.0,0.0,0.0,0.0,0.0,0.0,0.0,0.0,0.0,p2016.bmp,SC80
0.4180598958333333,0.11782477341389729,0.0,0.041384439915418625,0.0436507947742939,0.0595238097012043,0.0674603208899498,0.075396828353405,0.0833333358168602,0.013479032553732395,0.20276665687561035,0.017301173880696297,0.041384439915418625,0.0,0.5709228811046392,0.666509686770731,0.18098489122760972,0.24847905020568148,0.020984917879104614,0.056119583547115326,1.1079086946808596,15.0,0.03868315320646588,0.9222910891705859,0.07770891082941414,0.0,0.0,0.0,0.0,0.0,0.0,0.0,0.0,0.0,0.0,0.0,0.0,0.0,0.0,p2017.bmp,SC80
0.415625,0.10827067669172932,0.0,0.04055389016866684,0.0396825410425663,0.0595238097012043,0.0634920671582222,0.075396828353405,0.0833333358168602,0.013407311402261257,0.19662199914455414,0.016855211928486824,0.04055389016866684,0.0,0.5826385068632878,0.6771921541036974,0.1955151715149034,0.24654578085470893,0.020983759313821793,0.05527137964963913,1.1026851615856985,12.0,0.03765664160401003,0.9288847117794486,0.07111528822055138,0.0,0.0,0.0,0.0,0.0,0.0,0.0,0.0,0.0,0.0,0.0,0.0,0.0,0.0,p2018.bmp,SC80
0.4219791666666667,0.12132806714391509,0.0,0.034462638199329376,0.0357142873108387,0.0515873022377491,0.0595238097012043,0.0674603208899498,0.075396828353405,0.013318355195224285,0.1487923413515091,0.014542516320943832,0.034462638199329376,0.0,0.5969866193986662,0.6411726034871795,0.17127786873303316,0.26444299361931317,0.020139317959547043,0.050194889307022095,1.1197820550916477,17.0,0.039650703529992594,0.9719513700320909,0.028048629967909158,0.0,0.0,0.0,0.0,0.0,0.0,0.0,0.0,0.0,0.0,0.0,0.0,0.0,0.0,p2019.bmp,SC80
0.41682291666666665,0.12370361114582032,0.0,0.033034492284059525,0.0317460335791111,0.0515873022377491,0.0595238097012043,0.0634920671582222,0.075396828353405,0.013688326813280582,0.193495512008667,0.013769532553851604,0.033034492284059525,0.0,0.6416836390676528,0.6229605735480214,0.18759945689343369,0.2549527122691861,0.02097669430077076,0.05527138337492943,1.1032007000887405,11.0,0.05879045357990754,0.9800699737598401,0.01993002624015994,0.0,0.0,0.0,0.0,0.0,0.0,0.0,0.0,0.0,0.0,0.0,0.0,0.0,0.0,p2020.bmp,SC80
0.4247135416666667,0.10294929180207248,0.0,0.0347885899245739,0.0357142873108387,0.0555555559694767,0.0595238097012043,0.0674603208899498,0.0793650820851326,0.014008770696818829,0.14896833896636963,0.014775185845792294,0.0347885899245739,0.0,0.5578481170081101,0.641744738120023,0.1530946616512081,0.25199903975138527,0.021102966740727425,0.05639949068427086,1.144816648190361,6.0,0.048132932736525844,0.9654178674351584,0.0345821325648415,0.0,0.0,0.0,0.0,0.0,0.0,0.0,0.0,0.0,0.0,0.0,0.0,0.0,0.0,p2021.bmp,SC80
0.4173828125,0.12238340352519107,0.0,0.03675515949726105,0.0357142873108387,0.0555555559694767,0.0595238097012043,0.0674603208899498,0.0793650820851326,0.013750090263783932,0.16509859263896942,0.015340971760451794,0.03675515949726105,0.0,0.558637326495279,0.6300403080898093,0.14264928246088887,0.2595166430449599,0.020990660414099693,0.05527138710021973,1.1481277108634542,12.0,0.053782561222898144,0.954640461706442,0.04535953829355795,0.0,0.0,0.0,0.0,0.0,0.0,0.0,0.0,0.0,0.0,0.0,0.0,0.0,0.0,p2022.bmp,SC80
0.41270833333333334,0.12440055527511358,0.0,0.030379505828022957,0.0317460335791111,0.0476190485060215,0.0555555559694767,0.0634920671582222,0.075396828353405,0.013196763582527637,0.2899063229560852,0.012537875212728977,0.030379505828022957,0.0,0.5333308389845357,0.6586946369149632,0.16215712322616313,0.2546912207062402,0.021191101521253586,0.055555559694767,1.0915635204986596,12.0,0.03978419989904089,0.9860550227158001,0.013944977284199899,0.0,0.0,0.0,0.0,0.0,0.0,0.0,0.0,0.0,0.0,0.0,0.0,0.0,0.0,p2023.bmp,SC80
0.41346354166666666,0.10149902374504,0.0,0.03133063763380051,0.0317460335791111,0.0515873022377491,0.0555555559694767,0.0634920671582222,0.0714285746216774,0.013272310607135296,0.2209325134754181,0.012954076752066612,0.03133063763380051,0.0,0.569950846526599,0.6485476736770219,0.1641935817400997,0.25596274854783047,0.019762277603149414,0.050194889307022095,1.0804697824533658,7.0,0.03253133463500661,0.9873401776154185,0.01265982238458147,0.0,0.0,0.0,0.0,0.0,0.0,0.0,0.0,0.0,0.0,0.0,0.0,0.0,0.0,p2024.bmp,SC80
0.42380208333333336,0.13014624554504117,0.0,0.031152164563536644,0.0317460335791111,0.0476190485060215,0.0555555559694767,0.0674603208899498,0.0793650820851326,0.013898100703954697,0.2661648988723755,0.013202352449297905,0.031152164563536644,0.0,0.5936041124161057,0.6655044772261178,0.19014063701139086,0.2482190407977952,0.021633340045809746,0.05965593457221985,1.1269693569238153,16.0,0.041938060710335505,0.9781553398058253,0.021844660194174758,0.0,0.0,0.0,0.0,0.0,0.0,0.0,0.0,0.0,0.0,0.0,0.0,0.0,0.0,p2025.bmp,SC80
0.4219791666666667,0.11463218958281905,0.0,0.03189995139837265,0.0317460335791111,0.0515873022377491,0.0555555559694767,0.0674603208899498,0.075396828353405,0.013876678422093391,0.22450950741767883,0.013461114838719368,0.03189995139837265,0.0,0.5390590953629865,0.6457058650291445,0.1508502967662515,0.26135743143495666,0.021538032218813896,0.05965593457221985,1.1196079205771157,11.0,0.04656257714144656,0.9785238212786966,0.02147617872130338,0.0,0.0,0.0,0.0,0.0,0.0,0.0,0.0,0.0,0.0,0.0,0.0,0.0,0.0,p2026.bmp,SC80
0.4201953125,0.11573858882588083,0.0,0.08567425608634949,0.0833333358168602,0.1071428582072258,0.115079365670681,0.1349206417798996,0.1468254029750824,0.01678067073225975,0.47763121128082275,0.03599992021918297,0.05789647996425629,0.02777777798473835,0.516865272922341,0.5843530746059448,0.08602254719677355,0.18340606852532892,0.02171028032898903,0.05611955374479294,1.2859980861726272,12.0,0.05472405565368287,0.05181122369929658,0.9253509342753555,0.022837842025347836,0.0,0.0,0.0,0.0,0.0,0.0,0.0,0.0,0.0,0.0,0.0,0.0,0.0,p3027.bmp,SC160
0.4205078125,0.12023533054652423,0.0,0.0857999250292778,0.0833333358168602,0.1071428582072258,0.115079365670681,0.1349206417798996,0.1468254029750824,0.017015699297189713,0.479484885931015,0.036079540848731995,0.0580221489071846,0.02777777798473835,0.5291579558310114,0.5895685762493649,0.09419509668545122,0.18051749192103017,0.022003499791026115,0.05723097175359726,1.3109363883110772,12.0,0.05771791298962688,0.05623161480105279,0.9203282241833101,0.023440161015637097,0.0,0.0,0.0,0.0,0.0,0.0,0.0,0.0,0.0,0.0,0.0,0.0,0.0,p3028.bmp,SC160
0.41684895833333335,0.13103642156556505,0.0,0.07109985500574112,0.0714285746216774,0.0912698432803154,0.0992063507437706,0.1190476194024086,0.1349206417798996,0.017388490960001945,0.45573747158050537,0.0296378992497921,0.05919509381055832,0.011904762126505375,0.536849950100047,0.581866112695083,0.08977738707592235,0.16690174504208508,0.021734142675995827,0.05294312536716461,1.3630138854550036,14.0,0.06971949771974761,0.3241706753295433,0.6712375835571938,0.0045917411132629475,0.0,0.0,0.0,0.0,0.0,0.0,0.0,0.0,0.0,0.0,0.0,0.0,0.0,p3029.bmp,SC160
0.4166666666666667,0.1014375,0.0,0.07555270195007324,0.075396828353405,0.0992063507437706,0.1031746044754982,0.1230158731341362,0.1388888955116272,0.017377819865942,0.470664918422699,0.03148029372096062,0.05967968702316284,0.01587301678955555,0.5420600006541776,0.572712433852288,0.08400084339905627,0.1587379003247366,0.021525273099541664,0.05173971503973007,1.3738904274844213,10.0,0.05684375,0.21915625,0.77175,0.00909375,0.0,0.0,0.0,0.0,0.0,0.0,0.0,0.0,0.0,0.0,0.0,0.0,0.0,p3030.bmp,SC160
0.41139322916666665,0.12407026428232315,0.0,0.0779339000582695,0.075396828353405,0.0992063507437706,0.1071428582072258,0.1269841343164444,0.1428571492433548,0.017165066674351692,0.47685176134109497,0.03206147998571396,0.0580926313996315,0.01984127052128315,0.48045622018103423,0.5810979895385817,0.0834196813516578,0.16409908358139416,0.021634332835674286,0.05294310674071312,1.3617850132296798,11.0,0.06662446589650262,0.16461465421743945,0.82351637917392,0.011868966608640608,0.0,0.0,0.0,0.0,0.0,0.0,0.0,0.0,0.0,0.0,0.0,0.0,0.0,p3031.bmp,SC160
0.4110286458333333,0.1173694047581335,0.0,0.07327762246131897,0.0714285746216774,0.095238097012043,0.1031746044754982,0.1230158731341362,0.1349206417798996,0.017115820199251175,0.4788243770599365,0.03011920303106308,0.06137286126613617,0.011904762126505375,0.47589310452152034,0.5769055551968673,0.08059532759253939,0.16081407998052613,0.0214619729667902,0.05294311046600342,1.3664769860599788,12.0,0.06424430576234676,0.2803243893939874,0.7134349162099661,0.006240694396046504,0.0,0.0,0.0,0.0,0.0,0.0,0.0,0.0,0.0,0.0,0.0,0.0,0.0,p3032.bmp,SC160
0.40984375,0.11164061507180073,0.0,0.07299590855836868,0.0714285746216774,0.095238097012043,0.1031746044754982,0.1190476194024086,0.1349206417798996,0.01700611412525177,0.4708698093891144,0.0299169160425663,0.06109114736318588,0.011904762126505375,0.47052629208231656,0.5734048327196285,0.07910100457651317,0.15813647096917982,0.021274292841553688,0.05173971503973007,1.35760258195925,13.0,0.06249205744058966,0.28294573643410853,0.7115580124539331,0.005496251111958317,0.0,0.0,0.0,0.0,0.0,0.0,0.0,0.0,0.0,0.0,0.0,0.0,0.0,p3033.bmp,SC160
0.4088411458333333,0.1165005254944425,0.0,0.07300872355699539,0.0714285746216774,0.095238097012043,0.1031746044754982,0.1190476194024086,0.1388888955116272,0.017041418701410294,0.4933781027793884,0.029848970472812653,0.06110396236181259,0.011904762126505375,0.47926981655190365,0.5772105989121797,0.07994508796773707,0.15847559352897428,0.02074817195534706,0.051739711314439774,1.366374533939959,13.0,0.0640466256887162,0.28558234338673205,0.7088442307079843,0.0055734259052836075,0.0,0.0,0.0,0.0,0.0,0.0,0.0,0.0,0.0,0.0,0.0,0.0,0.0,p3034.bmp,SC160
0.415625,0.1049812030075188,0.0,0.07548870146274567,0.075396828353405,0.0992063507437706,0.1031746044754982,0.1230158731341362,0.1388888955116272,0.017586058005690575,0.46731775999069214,0.031374990940093994,0.059615686535835266,0.01587301678955555,0.46997156775987214,0.5737235274440233,0.0796044297862224,0.1584212477080956,0.021561216562986374,0.05294312164187431,1.4088123051771089,10.0,0.055952380952380955,0.23273809523809524,0.7580827067669172,0.00917919799498747,0.0,0.0,0.0,0.0,0.0,0.0,0.0,0.0,0.0,0.0,0.0,0.0,0.0,p3035.bmp,SC160
0.4169140625,0.11293294606327493,0.0,0.0763825997710228,0.075396828353405,0.0992063507437706,0.1071428582072258,0.1230158731341362,0.1388888955116272,0.017575593665242195,0.45526406168937683,0.031844981014728546,0.060509584844112396,0.01587301678955555,0.4662090886110558,0.5767172717790766,0.08382938316437849,0.15573666684675846,0.02137508988380432,0.05173971876502037,1.3999026833892487,10.0,0.06215059808238858,0.20453480745807176,0.7856585152565664,0.009806677285361817,0.0,0.0,0.0,0.0,0.0,0.0,0.0,0.0,0.0,0.0,0.0,0.0,0.0,p3036.bmp,SC160
0.41606770833333334,0.10931338799524316,0.0,0.0761135071516037,0.075396828353405,0.0992063507437706,0.1071428582072258,0.1269841343164444,0.1388888955116272,0.017651217058300972,0.45871689915657043,0.031668372452259064,0.0602404922246933,0.01587301678955555,0.48779845918962084,0.5744000439498722,0.0753939263992151,0.15691154763254558,0.021836653351783752,0.053239718079566956,1.4015247740640393,10.0,0.06061838893409276,0.2139012330224698,0.7760530762971772,0.010045690680353008,0.0,0.0,0.0,0.0,0.0,0.0,0.0,0.0,0.0,0.0,0.0,0.0,0.0,p3037.bmp,SC160
0.4142578125,0.10482476819110483,0.0,0.07539333403110504,0.075396828353405,0.0992063507437706,0.1071428582072258,0.1230158731341362,0.1388888955116272,0.017764020711183548,0.4687487781047821,0.031232276931405067,0.05952031910419464,0.01587301678955555,0.48371720984030436,0.5747572813311036,0.07651000174749999,0.15816884830055822,0.022375306114554405,0.05777864530682564,1.4114239106157265,9.0,0.05796008172245796,0.23407197862643409,0.7560898947037561,0.009838126669809839,0.0,0.0,0.0,0.0,0.0,0.0,0.0,0.0,0.0,0.0,0.0,0.0,0.0,p3038.bmp,SC160
0.41630208333333335,0.10643688227198798,0.0,0.07594232261180878,0.075396828353405,0.0992063507437706,0.1071428582072258,0.1269841343164444,0.1428571492433548,0.017798379063606262,0.48059263825416565,0.03161494433879852,0.060069307684898376,0.01587301678955555,0.483497600952884,0.5737502862282354,0.07557402922338405,0.158357721086438,0.022486938163638115,0.057778652757406235,1.4054903318543477,10.0,0.05839484548980358,0.21418741398723884,0.7742712373326661,0.011541348680095083,0.0,0.0,0.0,0.0,0.0,0.0,0.0,0.0,0.0,0.0,0.0,0.0,0.0,p3039.bmp,SC160
0.41401041666666666,0.15190590011322178,0.0,0.07527926564216614,0.075396828353405,0.095238097012043,0.1031746044754982,0.1230158731341362,0.1388888955116272,0.017491398379206657,0.46959710121154785,0.031166400760412216,0.05940625071525574,0.01587301678955555,0.4659111356788162,0.5811593557579037,0.08802778934942107,0.16672799688422543,0.02162356860935688,0.05323971062898636,1.3899806163744926,12.0,0.07809158384702479,0.23163290979997483,0.7595295005661089,0.008837589633916216,0.0,0.0,0.0,0.0,0.0,0.0,0.0,0.0,0.0,0.0,0.0,0.0,0.0,p3040.bmp,SC160
0.40915364583333336,0.12624510708716546,0.0,0.07808316498994827,0.075396828353405,0.0992063507437706,0.1071428582072258,0.1269841343164444,0.1428571492433548,0.017403433099389076,0.493092805147171,0.03194801136851311,0.05824189633131027,0.01984127052128315,0.4541045300521868,0.5753758476848223,0.08824915056778822,0.15821894421091875,0.02140377089381218,0.05173972621560097,1.3844952115532494,15.0,0.06823027718550106,0.16659771504948603,0.8202908697450911,0.013111415205422779,0.0,0.0,0.0,0.0,0.0,0.0,0.0,0.0,0.0,0.0,0.0,0.0,0.0,p3041.bmp,SC160
0.40720052083333336,0.14584465833146804,0.0,0.07920773327350616,0.0793650820851326,0.0992063507437706,0.1071428582072258,0.1269841343164444,0.1428571492433548,0.017211241647601128,0.5194353461265564,0.03225342929363251,0.059366464614868164,0.01984127052128315,0.5027430959207096,0.5798271299023021,0.07987424643568934,0.15846810987833954,0.019153639674186707,0.0476190447807312,1.3683984639856772,11.0,0.07594410513861798,0.14817894029993925,0.8376235090973044,0.01419755060275637,0.0,0.0,0.0,0.0,0.0,0.0,0.0,0.0,0.0,0.0,0.0,0.0,0.0,p3042.bmp,SC160
0.412109375,0.11488151658767773,0.0,0.08063855767250061,0.0793650820851326,0.1031746044754982,0.1111111119389534,0.130952388048172,0.1468254029750824,0.017580458894371986,0.5240415334701538,0.03323190659284592,0.06079728901386261,0.01984127052128315,0.4869956210430687,0.5762779263469606,0.07737852363445445,0.15589412506550218,0.019820157438516617,0.0476190447807312,1.3839559353133246,6.0,0.06281200631911532,0.12995260663507108,0.8518167456556082,0.018230647709320695,0.0,0.0,0.0,0.0,0.0,0.0,0.0,0.0,0.0,0.0,0.0,0.0,0.0,p3043.bmp,SC160
0.40782552083333334,0.10484978129689346,0.0,0.07931554317474365,0.0793650820851326,0.1031746044754982,0.1071428582072258,0.1269841343164444,0.1428571492433548,0.01727539300918579,0.5087148547172546,0.032346904277801514,0.05947427451610565,0.01984127052128315,0.4950390179487947,0.5760479309736937,0.07620957386242268,0.15469417104940986,0.018939197063446045,0.0476190447807312,1.3669027617211995,4.0,0.05762906676032055,0.14657897257431116,0.8402349861115546,0.013186041314134287,0.0,0.0,0.0,0.0,0.0,0.0,0.0,0.0,0.0,0.0,0.0,0.0,0.0,p3044.bmp,SC160
0.40815104166666666,0.11022139985963121,0.0,0.07991310954093933,0.0793650820851326,0.1031746044754982,0.1111111119389534,0.1269841343164444,0.1428571492433548,0.017502110451459885,0.5088388323783875,0.032616619020700455,0.06007184088230133,0.01984127052128315,0.4956423989606565,0.5746264164854381,0.07475353318924903,0.15383208701972242,0.019484728574752808,0.0476190447807312,1.384267640989672,6.0,0.0603904804440758,0.14138965099215212,0.8427550564665348,0.015855292541313085,0.0,0.0,0.0,0.0,0.0,0.0,0.0,0.0,0.0,0.0,0.0,0.0,0.0,p3045.bmp,SC160
0.41151041666666666,0.11840273383116061,0.0,0.08047931641340256,0.0793650820851326,0.1031746044754982,0.1111111119389534,0.130952388048172,0.1468254029750824,0.017713863402605057,0.5547760128974915,0.033118076622486115,0.06063804775476456,0.01984127052128315,0.49570027508159453,0.5790018221577486,0.0791187432826034,0.15469342508823009,0.019745897501707077,0.0476190447807312,1.3964394221405376,9.0,0.06423237564865207,0.1277686368814074,0.8544488039488672,0.01778255916972535,0.0,0.0,0.0,0.0,0.0,0.0,0.0,0.0,0.0,0.0,0.0,0.0,0.0,p3046.bmp,SC160
0.4147265625,0.11271231672474961,0.0,0.08070428669452667,0.0793650820851326,0.1031746044754982,0.1111111119389534,0.130952388048172,0.1428571492433548,0.01748049631714821,0.47457385063171387,0.03347020968794823,0.06086301803588867,0.01984127052128315,0.49921302492450764,0.5747833193813824,0.07478746009504059,0.15315423931348646,0.0197056382894516,0.0476190447807312,1.3928502518847883,6.0,0.06520988352014065,0.12768829864054504,0.8549182129289504,0.017393488430504537,0.0,0.0,0.0,0.0,0.0,0.0,0.0,0.0,0.0,0.0,0.0,0.0,0.0,p3047.bmp,SC160
0.4058072916666667,0.10934993261887954,0.0,0.08148850500583649,0.0793650820851326,0.1071428582072258,0.115079365670681,0.1349206417798996,0.1547619104385376,0.01908218488097191,0.537155032157898,0.03306862711906433,0.057678982615470886,0.02380952425301075,0.5211509009197962,0.5700519400190914,0.07317537092599818,0.15062589085130348,0.019584737718105316,0.0476190447807312,1.4754297723853345,7.0,0.05143425527818777,0.1411794904703844,0.8363601360456908,0.02246037348392479,0.0,0.0,0.0,0.0,0.0,0.0,0.0,0.0,0.0,0.0,0.0,0.0,0.0,p3048.bmp,SC160
0.4166015625,0.14739803094233475,0.0,0.08176252990961075,0.0793650820851326,0.1031746044754982,0.115079365670681,0.1349206417798996,0.15079365670681,0.01850075088441372,0.42017191648483276,0.03406239673495293,0.05795300751924515,0.02380952425301075,0.5070003877607806,0.5751338125782622,0.07545922886795706,0.15485703324126976,0.01967717334628105,0.0476190447807312,1.4407793718675688,5.0,0.07213627129238943,0.13073917799656196,0.848445069542116,0.02081575246132208,0.0,0.0,0.0,0.0,0.0,0.0,0.0,0.0,0.0,0.0,0.0,0.0,0.0,p3049.bmp,SC160
0.40772135416666666,0.12154696132596685,0.0,0.07641078531742096,0.075396828353405,0.0992063507437706,0.1071428582072258,0.1269841343164444,0.1428571492433548,0.01799628883600235,0.5149733424186707,0.03115430846810341,0.05656951665878296,0.01984127052128315,0.520035326329612,0.5755110247149247,0.07812380658052964,0.15392429822658296,0.02008203975856304,0.0476190447807312,1.4279153830587774,9.0,0.06288123143742216,0.2107112062082841,0.7763868042027273,0.012901989588988598,0.0,0.0,0.0,0.0,0.0,0.0,0.0,0.0,0.0,0.0,0.0,0.0,0.0,p3050.bmp,SC160
0.39984375,0.11482349876253745,0.0,0.07570309937000275,0.075396828353405,0.0992063507437706,0.1071428582072258,0.1269841343164444,0.1428571492433548,0.017731497064232826,0.5761693120002747,0.030269410461187363,0.059830084443092346,0.01587301678955555,0.5346886959343329,0.5762185968645477,0.08374114958385179,0.15099844946075808,0.02004682645201683,0.047619059681892395,1.4227948316284529,6.0,0.0604077113455777,0.22401328644001564,0.7650449394294646,0.010941774130519734,0.0,0.0,0.0,0.0,0.0,0.0,0.0,0.0,0.0,0.0,0.0,0.0,0.0,p3051.bmp,SC160
0.405,0.12628600823045266,0.0,0.07659085094928741,0.075396828353405,0.0992063507437706,0.1071428582072258,0.1269841343164444,0.1428571492433548,0.01793946884572506,0.528161346912384,0.031019292771816254,0.060717836022377014,0.01587301678955555,0.519125496903359,0.5766494149447948,0.07899947748675133,0.15246013457955965,0.01999485306441784,0.0476190447807312,1.426248174394711,7.0,0.06494341563786009,0.20849408436213993,0.7793852880658436,0.01212062757201646,0.0,0.0,0.0,0.0,0.0,0.0,0.0,0.0,0.0,0.0,0.0,0.0,0.0,p3052.bmp,SC160
0.419765625,0.139928035237918,0.0,0.07671736180782318,0.075396828353405,0.0992063507437706,0.1071428582072258,0.1269841343164444,0.1468254029750824,0.018590861931443214,0.4452059268951416,0.0322033129632473,0.05687609314918518,0.01984127052128315,0.4981891177006836,0.5670111580628859,0.06703562187099528,0.16418371007952537,0.021116828545928,0.05173971503973007,1.451390525490552,10.0,0.06777715739189775,0.205285687697748,0.7814070351758794,0.013307277126372604,0.0,0.0,0.0,0.0,0.0,0.0,0.0,0.0,0.0,0.0,0.0,0.0,0.0,p3053.bmp,SC160
0.41609375,0.14291525848041056,0.0,0.07305718213319778,0.0714285746216774,0.095238097012043,0.1031746044754982,0.1230158731341362,0.1388888955116272,0.018428249284625053,0.43487656116485596,0.03039863519370556,0.057184167206287384,0.01587301678955555,0.4988654027398528,0.5760108797191639,0.07601934718625207,0.1607767589473216,0.020931167528033257,0.05173971503973007,1.4227464173805873,12.0,0.07347602954061835,0.28185630241582177,0.7103517336337464,0.007791963950431844,0.0,0.0,0.0,0.0,0.0,0.0,0.0,0.0,0.0,0.0,0.0,0.0,0.0,p3054.bmp,SC160
0.41356770833333334,0.13988413827844595,0.0,0.07719480246305466,0.075396828353405,0.0992063507437706,0.1071428582072258,0.1269841343164444,0.1388888955116272,0.018326353281736374,0.3779440224170685,0.031925275921821594,0.06132178753614426,0.01587301678955555,0.45346776481240736,0.5640339664750283,0.07915552901774132,0.1584141232489048,0.020614294335246086,0.048275891691446304,1.4393968807876756,11.0,0.07190982935583401,0.194446193564637,0.7933064668471759,0.012247339588187143,0.0,0.0,0.0,0.0,0.0,0.0,0.0,0.0,0.0,0.0,0.0,0.0,0.0,p3055.bmp,SC160
0.40510416666666665,0.1336783234764721,0.0,0.07303184270858765,0.0714285746216774,0.095238097012043,0.1031746044754982,0.1230158731341362,0.1388888955116272,0.017993880435824394,0.4447670578956604,0.02958550490438938,0.061127081513404846,0.011904762126505375,0.43598586739523987,0.5634072266202484,0.09010152918131499,0.1590567705914284,0.021314943209290504,0.051739711314439774,1.4051371989137744,10.0,0.07042298791463102,0.28612753921316536,0.7069940858832605,0.006878374903574184,0.0,0.0,0.0,0.0,0.0,0.0,0.0,0.0,0.0,0.0,0.0,0.0,0.0,p3056.bmp,SC160
0.4208854166666667,0.10366910035886648,0.0,0.07431760430335999,0.075396828353405,0.0992063507437706,0.1031746044754982,0.1230158731341362,0.1388888955116272,0.01896127313375473,0.2808551788330078,0.031279195100069046,0.058444589376449585,0.01587301678955555,0.4583565155638144,0.5676419719455283,0.07943309237758829,0.15273171937496716,0.021072639152407646,0.05173970013856888,1.4551466167972813,7.0,0.058037371612424206,0.2688404900383616,0.7212597450810543,0.009899764880584087,0.0,0.0,0.0,0.0,0.0,0.0,0.0,0.0,0.0,0.0,0.0,0.0,0.0,p3057.bmp,SC160
0.3859505208333333,0.1064741405485645,0.0,0.12695401906967163,0.1190476194024086,0.1746031790971756,0.1785714328289032,0.2023809552192688,0.2261904776096344,0.03444397822022438,0.29465991258621216,0.048997968435287476,0.09123973548412323,0.0357142873108387,0.541783058345825,0.5604241259099774,0.07346358932638271,0.14730698605524398,0.024351270869374275,0.05859055742621422,2.1129400418687085,4.0,0.043554535946830404,0.001180796869201444,0.526770351877467,0.44138186970749976,0.030666981545831785,0.0,0.0,0.0,0.0,0.0,0.0,0.0,0.0,0.0,0.0,0.0,0.0,p4001.bmp,SC240
0.41305989583333336,0.10591684266935662,0.0,0.12818549573421478,0.1190476194024086,0.1785714328289032,0.1865079402923584,0.2063492089509964,0.230158731341362,0.036091454327106476,0.31498444080352783,0.05294829234480858,0.08850295841693878,0.0396825410425663,0.5449386917867864,0.5642989320090793,0.07844640639963052,0.14705308165074107,0.02349766157567501,0.05639948695898056,2.139766113756387,4.0,0.042524351416953,0.0001576143492103521,0.5303407622229928,0.43031869621410335,0.039182927213693534,0.0,0.0,0.0,0.0,0.0,0.0,0.0,0.0,0.0,0.0,0.0,0.0,p4002.bmp,SC240
0.413671875,0.1127163991186654,0.0,0.1277581751346588,0.1190476194024086,0.1785714328289032,0.1865079402923584,0.210317462682724,0.230158731341362,0.037049777805805206,0.3396058976650238,0.052849963307380676,0.08807563781738281,0.0396825410425663,0.5428241369857942,0.5705622619559724,0.08254053259412211,0.14788815076637293,0.024581564590334892,0.059655964374542236,2.1584572953407886,4.0,0.04419263456090652,0.00022033364809568776,0.5316021403840101,0.4256216556499843,0.04255587031790998,0.0,0.0,0.0,0.0,0.0,0.0,0.0,0.0,0.0,0.0,0.0,0.0,p4003.bmp,SC240
0.41381510416666667,0.11994587961360562,0.0,0.12804459035396576,0.1190476194024086,0.1785714328289032,0.1865079402923584,0.2063492089509964,0.230158731341362,0.03719528019428253,0.3298438489437103,0.052986785769462585,0.08836205303668976,0.0396825410425663,0.5450463463326797,0.5732291911991984,0.0859749251910839,0.1458754434745826,0.02439274825155735,0.05965594947338104,2.1573273608253087,3.0,0.05600830685000472,0.0,0.5311664201881627,0.42560020137818194,0.04323337843365533,0.0,0.0,0.0,0.0,0.0,0.0,0.0,0.0,0.0,0.0,0.0,0.0,p4004.bmp,SC240
0.3819270833333333,0.13521069139506342,0.0,0.12813177704811096,0.1230158731341362,0.1746031790971756,0.1825396865606308,0.2063492089509964,0.2261904776096344,0.03603988140821457,0.2439894825220108,0.04893699660897255,0.09241749346256256,0.0357142873108387,0.5198780791357761,0.5741877926865517,0.07680473041311295,0.14473542998919653,0.02518411912024021,0.0634920597076416,2.160776393304189,3.0,0.06590072276012546,0.0013296058911768716,0.5075344333833356,0.4549297695349789,0.036206191190508656,0.0,0.0,0.0,0.0,0.0,0.0,0.0,0.0,0.0,0.0,0.0,0.0,p4005.bmp,SC240
0.406953125,0.10555448902540475,0.0,0.12715376913547516,0.1190476194024086,0.1785714328289032,0.1865079402923584,0.2063492089509964,0.2261904776096344,0.03685908392071724,0.30834102630615234,0.051745619624853134,0.09143948554992676,0.0357142873108387,0.5329902461604372,0.5710006786565576,0.07829082137401544,0.14726713906644798,0.024826297536492348,0.060702595859766006,2.1565111936922428,4.0,0.037979138670250205,0.0002879631407179881,0.530428105202534,0.4297689895693351,0.03951494208741281,0.0,0.0,0.0,0.0,0.0,0.0,0.0,0.0,0.0,0.0,0.0,0.0,p4006.bmp,SC240
0.4031119791666667,0.1037501211279434,0.0,0.1270764172077179,0.1190476194024086,0.1785714328289032,0.1865079402923584,0.2023809552192688,0.2261904776096344,0.036743149161338806,0.295115202665329,0.05122602730989456,0.0913621336221695,0.0357142873108387,0.5258168734614721,0.5715199367088352,0.07603691407573988,0.14717769581934814,0.02482414059340954,0.05965593829751015,2.153462210150842,4.0,0.036176879098162085,0.0006460156981814658,0.5265350948028037,0.4354791821441261,0.03733970735488872,0.0,0.0,0.0,0.0,0.0,0.0,0.0,0.0,0.0,0.0,0.0,0.0,p4007.bmp,SC240
0.4111197916666667,0.11829353265344904,0.0,0.1276959925889969,0.1190476194024086,0.1785714328289032,0.1865079402923584,0.2063492089509964,0.2261904776096344,0.037147559225559235,0.3171686828136444,0.05249834805727005,0.08801345527172089,0.0396825410425663,0.5180266488040166,0.5745331094485547,0.07668210007018321,0.14427911900609308,0.02465834654867649,0.0607026033103466,2.1577353737491496,3.0,0.059796034712104894,0.00028504465699626276,0.5306898080699309,0.42740862735161844,0.04161651992145436,0.0,0.0,0.0,0.0,0.0,0.0,0.0,0.0,0.0,0.0,0.0,0.0,p4008.bmp,SC240
0.3996875,0.10835287985405265,0.0,0.12751998007297516,0.1190476194024086,0.1785714328289032,0.1865079402923584,0.2023809552192688,0.2261904776096344,0.036725204437971115,0.2730494737625122,0.050968144088983536,0.09180569648742676,0.0357142873108387,0.5381271499613829,0.5720412272418033,0.08150839212426485,0.14524746018709667,0.023873796686530113,0.059655919671058655,2.149167291806749,4.0,0.036486838676048995,0.00035835287985405267,0.520947354704196,0.44204456606724,0.03664972634870993,0.0,0.0,0.0,0.0,0.0,0.0,0.0,0.0,0.0,0.0,0.0,0.0,p4009.bmp,SC240
0.4097265625,0.125909683160136,0.0,0.1282588392496109,0.1190476194024086,0.1785714328289032,0.1865079402923584,0.2063492089509964,0.2261904776096344,0.03729693964123726,0.3117130994796753,0.05255105346441269,0.0885763019323349,0.0396825410425663,0.5217853836586035,0.5741264617051578,0.07726147336207596,0.142506354159082,0.02474370226264,0.06044267117977142,2.160220854218499,2.0,0.08456478215273143,0.0003177932437156386,0.5277910191629326,0.42902087901611213,0.04287030857723965,0.0,0.0,0.0,0.0,0.0,0.0,0.0,0.0,0.0,0.0,0.0,0.0,p4010.bmp,SC240
0.4014713541666667,0.11319041286932832,0.0,0.12772634625434875,0.1190476194024086,0.1785714328289032,0.1865079402923584,0.2063492089509964,0.2261904776096344,0.03706790879368782,0.28849053382873535,0.05127847194671631,0.09201206266880035,0.0357142873108387,0.5208846951617454,0.5733598079068847,0.07627471342544691,0.1451138900347369,0.02500220760703087,0.06070256605744362,2.1600162000329237,3.0,0.0569195342652353,0.0006486556611422826,0.5235299841079363,0.43641552881652773,0.03940583141439367,0.0,0.0,0.0,0.0,0.0,0.0,0.0,0.0,0.0,0.0,0.0,0.0,p4011.bmp,SC240
0.4183072916666667,0.1078254373404719,0.0,0.12988033890724182,0.1190476194024086,0.1825396865606308,0.190476194024086,0.210317462682724,0.230158731341362,0.03766583651304245,0.3302854895591736,0.05432989075779915,0.09019780158996582,0.0396825410425663,0.5235658075447953,0.5713394113777476,0.07513094502907462,0.1457201915207908,0.02481355518102646,0.061986103653907776,2.1632091384387313,4.0,0.03701052107327398,0.0,0.5288240054784287,0.41713876610844797,0.05403722841312333,0.0,0.0,0.0,0.0,0.0,0.0,0.0,0.0,0.0,0.0,0.0,0.0,p4012.bmp,SC240
0.41751302083333336,0.12836426009667862,0.0,0.11964932829141617,0.1111111119389534,0.170634925365448,0.1785714328289032,0.1984127014875412,0.2182539701461792,0.037382807582616806,0.31954553723335266,0.04995515197515488,0.09187155216932297,0.02777777798473835,0.5331315807246526,0.5725540043237992,0.07976079979997723,0.141690121421883,0.023484783247113228,0.057778675109148026,2.1046782046369037,2.0,0.08523312022454389,0.0036488382972087946,0.5649773896772181,0.408669889287385,0.022703882738188054,0.0,0.0,0.0,0.0,0.0,0.0,0.0,0.0,0.0,0.0,0.0,0.0,p4013.bmp,SC240
0.38537760416666667,0.14352806027637935,0.0,0.12392598390579224,0.1190476194024086,0.170634925365448,0.1785714328289032,0.2023809552192688,0.2222222238779068,0.03650491684675217,0.2607337534427643,0.047758299857378006,0.09217995405197144,0.0317460335791111,0.5234048139485663,0.5724016831590732,0.07609066329211381,0.14301069971594366,0.02526230551302433,0.060702599585056305,2.153716581868468,3.0,0.09467175727269656,0.004189613812210697,0.5300875088691421,0.43781464337601783,0.02790823394262932,0.0,0.0,0.0,0.0,0.0,0.0,0.0,0.0,0.0,0.0,0.0,0.0,p4014.bmp,SC240
0.38602864583333335,0.10001011906769657,0.0,0.12388268858194351,0.1190476194024086,0.17222222685813904,0.1785714328289032,0.2023809552192688,0.2222222238779068,0.036637887358665466,0.2585768699645996,0.047822266817092896,0.09213665127754211,0.0317460335791111,0.5303342442176244,0.569233856602811,0.07558765290940762,0.15021450164014713,0.025386260822415352,0.06274358928203583,2.152808510135977,4.0,0.03646237393328161,0.003609134145107431,0.5305427193307923,0.4369413431375856,0.028906803386514655,0.0,0.0,0.0,0.0,0.0,0.0,0.0,0.0,0.0,0.0,0.0,0.0,p4015.bmp,SC240
0.39697916666666666,0.1225072159538179,0.0,0.12415150552988052,0.115079365670681,0.1746031790971756,0.1825396865606308,0.2023809552192688,0.2261904776096344,0.037608321756124496,0.27857932448387146,0.049285560846328735,0.09240546822547913,0.0317460335791111,0.5173393708358565,0.5722422643850661,0.07429400072997239,0.1462637383158023,0.02555231936275959,0.0634920597076416,2.1562755259665036,3.0,0.06215560220414589,0.0025583836263447916,0.5338493833639465,0.4306284439779585,0.0329637890317502,0.0,0.0,0.0,0.0,0.0,0.0,0.0,0.0,0.0,0.0,0.0,0.0,p4016.bmp,SC240
0.3943229166666667,0.11963413023378681,0.0,0.1281818002462387,0.1190476194024086,0.1785714328289032,0.1865079402923584,0.2063492089509964,0.230158731341362,0.03771324083209038,0.2755476236343384,0.050545018166303635,0.09246751666069031,0.0357142873108387,0.5184566787628746,0.5723790352093258,0.07469520552745514,0.14627263302732918,0.025633562356233597,0.0634920597076416,2.177262095486569,3.0,0.06003169990754194,0.000660414740457007,0.5172368247259279,0.4382842425042927,0.04381851802932241,0.0,0.0,0.0,0.0,0.0,0.0,0.0,0.0,0.0,0.0,0.0,0.0,p4017.bmp,SC240
0.39641927083333334,0.12389554935128921,0.0,0.12842388451099396,0.1190476194024086,0.1785714328289032,0.1865079402923584,0.210317462682724,0.230158731341362,0.03790730610489845,0.27985212206840515,0.050909701734781265,0.09270960092544556,0.0357142873108387,0.5183792265785783,0.5734960735540524,0.07575928192300531,0.1464415020961117,0.025767309591174126,0.0634920597076416,2.1852252030633625,3.0,0.06214485137132534,0.000788306782722943,0.5169650188865167,0.4356051896863196,0.046641484644440796,0.0,0.0,0.0,0.0,0.0,0.0,0.0,0.0,0.0,0.0,0.0,0.0,p4018.bmp,SC240
0.40553385416666665,0.12794991170332318,0.0,0.1281648576259613,0.1190476194024086,0.1785714328289032,0.1865079402923584,0.210317462682724,0.2341269850730896,0.03818133473396301,0.30744269490242004,0.05197519063949585,0.0924505740404129,0.0357142873108387,0.5173042030170107,0.5728790784301653,0.07490524357402562,0.1463665866231713,0.025598039850592613,0.0634920597076416,2.178536881753863,3.0,0.063958901910419,0.00019264729491090063,0.5257023599293627,0.4264568951677637,0.04764809760796276,0.0,0.0,0.0,0.0,0.0,0.0,0.0,0.0,0.0,0.0,0.0,0.0,p4019.bmp,SC240
0.3990625,0.12147611589663274,0.0,0.12806281447410583,0.1190476194024086,0.1785714328289032,0.1865079402923584,0.210317462682724,0.230158731341362,0.038011208176612854,0.2949700951576233,0.0511050671339035,0.09234853088855743,0.0357142873108387,0.5058764891920402,0.5736427874515877,0.07387687912238773,0.14750084038972586,0.025843458250164986,0.0634920597076416,2.186501713220812,3.0,0.06003654398329418,0.0008483424693291569,0.520914904724615,0.4319042025580788,0.04633255024797703,0.0,0.0,0.0,0.0,0.0,0.0,0.0,0.0,0.0,0.0,0.0,0.0,p4020.bmp,SC240
0.4063671875,0.11070524528180974,0.0,0.12983714044094086,0.1230158731341362,0.1825396865606308,0.190476194024086,0.210317462682724,0.2341269850730896,0.03863237798213959,0.3061237335205078,0.05276155471801758,0.09015460312366486,0.0396825410425663,0.4897014915479179,0.5671600040899313,0.067945017666472,0.1484434444272437,0.026627732440829277,0.06398618966341019,2.196907254281679,3.0,0.05735525008811561,0.0,0.5180877311032074,0.425422153865872,0.056490115030920565,0.0,0.0,0.0,0.0,0.0,0.0,0.0,0.0,0.0,0.0,0.0,0.0,p4021.bmp,SC240
0.4305338541666667,0.11295932254649932,0.0,0.123468317091465,0.115079365670681,0.1746031790971756,0.1825396865606308,0.2063492089509964,0.2341269850730896,0.03696979954838753,0.3774937391281128,0.05315729230642319,0.0917222797870636,0.0317460335791111,0.4868323617868146,0.5632609348363145,0.06461681338844995,0.15961583664046566,0.026974547654390335,0.06757692992687225,2.162835348624983,4.0,0.04857099652200212,0.003236050204143354,0.5608952064116135,0.40284288522606987,0.03302585815817329,0.0,0.0,0.0,0.0,0.0,0.0,0.0,0.0,0.0,0.0,0.0,0.0,p4022.bmp,SC240
0.4122265625,0.11197447803152343,0.0,0.1253446340560913,0.115079365670681,0.1785714328289032,0.1865079402923584,0.210317462682724,0.230158731341362,0.03876199573278427,0.3309275209903717,0.051670387387275696,0.08963035047054291,0.0357142873108387,0.5208995399804046,0.5651586613851337,0.06842837076019745,0.14819534248113778,0.02567189186811447,0.0634920597076416,2.1745404160560797,3.0,0.05483432831106479,0.0012634637859692346,0.5407625003948324,0.4145740547711551,0.04339998104804321,0.0,0.0,0.0,0.0,0.0,0.0,0.0,0.0,0.0,0.0,0.0,0.0,p4023.bmp,SC240
0.4083984375,0.1079547266060896,0.0,0.12517617642879486,0.115079365670681,0.1785714328289032,0.1865079402923584,0.210317462682724,0.230158731341362,0.038651127368211746,0.32915976643562317,0.05112175643444061,0.08946189284324646,0.0357142873108387,0.5123998440073769,0.5657672399364293,0.0669259738835614,0.1494985698748166,0.025894979014992714,0.0634920597076416,2.1758517179078187,3.0,0.0523194643711143,0.0015941335883947075,0.5399968117328232,0.4158138051968755,0.042595249481906586,0.0,0.0,0.0,0.0,0.0,0.0,0.0,0.0,0.0,0.0,0.0,0.0,p4024.bmp,SC240
0.398046875,0.13591756624141316,0.0,0.12474337220191956,0.115079365670681,0.1746031790971756,0.1865079402923584,0.2063492089509964,0.230158731341362,0.03845283016562462,0.3072534501552582,0.049653708934783936,0.09299734234809875,0.0317460335791111,0.5062290203626489,0.5668926708197595,0.06718206683393266,0.14565134036308647,0.02600131556391716,0.06349208950996399,2.179566167195353,2.0,0.0892705266601243,0.002976774615636245,0.5325155381092574,0.42535165194635266,0.03915603532875368,0.0,0.0,0.0,0.0,0.0,0.0,0.0,0.0,0.0,0.0,0.0,0.0,p4025.bmp,SC240
0.413203125,0.11965084767126741,0.0,0.12582482397556305,0.115079365670681,0.1785714328289032,0.1865079402923584,0.210317462682724,0.230158731341362,0.038937073200941086,0.3393137753009796,0.051991209387779236,0.09011054039001465,0.0357142873108387,0.5014839346893106,0.5689440076055614,0.06895997568791515,0.1471614083397836,0.026252256706357002,0.0639861673116684,2.180567210075807,3.0,0.06050293061070146,0.0008823344047393962,0.5384760824352429,0.4144135627402786,0.04622802041973908,0.0,0.0,0.0,0.0,0.0,0.0,0.0,0.0,0.0,0.0,0.0,0.0,p4026.bmp,SC240
0.405546875,0.10765427342194825,0.0,0.14991237223148346,0.1349206417798996,0.230158731341362,0.2420634925365448,0.2698412835597992,0.2976190447807312,0.05544052645564079,0.42752960324287415,0.06079649552702904,0.11816634237766266,0.0317460335791111,0.5515686192591402,0.5323691183684397,0.060885813752008196,0.14028565295107776,0.03436919301748276,0.07976090908050537,2.6377697064677665,3.0,0.05101778719578758,0.0,0.4621460219610865,0.2398702883195274,0.2614139857445579,0.03656970397482823,0.0,0.0,0.0,0.0,0.0,0.0,0.0,0.0,0.0,0.0,0.0,p5027.bmp,SC320
0.39828125,0.1070354387341441,0.0,0.1587594747543335,0.1428571492433548,0.2380952388048172,0.25,0.2777777910232544,0.3055555522441864,0.055516183376312256,0.40899816155433655,0.06323092430830002,0.1151086837053299,0.0436507947742939,0.5446896308172364,0.531855817087855,0.05488129175698913,0.14106948421170903,0.03520932048559189,0.0828595757484436,2.585886533387261,3.0,0.05080423695566889,0.0,0.4134627958676605,0.24859421995553813,0.2791944553419642,0.058748528834837194,0.0,0.0,0.0,0.0,0.0,0.0,0.0,0.0,0.0,0.0,0.0,p5028.bmp,SC320
0.397421875,0.10241792805189699,0.0,0.1578148752450943,0.1428571492433548,0.2380952388048172,0.25,0.2738095223903656,0.30158731341362,0.05546077340841293,0.40984198451042175,0.06271908432245255,0.1181323379278183,0.0396825410425663,0.5496871508192851,0.5335709010938388,0.0599651428480804,0.14152340284118484,0.035120248794555664,0.08342777192592621,2.60869853386092,3.0,0.048522377301618506,0.0,0.41855055369897126,0.24854203525325994,0.2771115916388179,0.05579581940895092,0.0,0.0,0.0,0.0,0.0,0.0,0.0,0.0,0.0,0.0,0.0,p5029.bmp,SC320
0.400078125,0.11303130898912973,0.0,0.15531298518180847,0.1388888955116272,0.2341269850730896,0.2460317462682724,0.2698412835597992,0.30158731341362,0.05557712912559509,0.4119148254394531,0.06213733181357384,0.11563044786453247,0.0396825410425663,0.5414696427824215,0.5358702946152741,0.05483073324594709,0.13896513436765667,0.034979283809661865,0.08093681931495667,2.650111502584859,3.0,0.05640174445095359,0.0,0.4343552691531602,0.24223784417106034,0.2742628392892013,0.04914404738657814,0.0,0.0,0.0,0.0,0.0,0.0,0.0,0.0,0.0,0.0,0.0,p5030.bmp,SC320
0.3978515625,0.10364915725740469,0.0,0.15798819065093994,0.1428571492433548,0.2380952388048172,0.25,0.2738095223903656,0.30158731341362,0.05542027950286865,0.4041539430618286,0.06285584717988968,0.11830565333366394,0.0396825410425663,0.5587871332536276,0.5331022708017791,0.06746619426360201,0.14014773712375259,0.03487062454223633,0.08035102486610413,2.6060949100227613,4.0,0.05131729667812142,0.0,0.41806578301423664,0.24650630011454755,0.2806087383406971,0.054819178530518736,0.0,0.0,0.0,0.0,0.0,0.0,0.0,0.0,0.0,0.0,0.0,p5031.bmp,SC320
0.3997265625,0.10997100882764911,0.0,0.15497559309005737,0.1388888955116272,0.2341269850730896,0.2460317462682724,0.2698412835597992,0.30158731341362,0.05536317452788353,0.40802201628685,0.061947859823703766,0.11529305577278137,0.0396825410425663,0.5471796293180201,0.5364315122098425,0.05960849355990879,0.13918474160070668,0.03478265181183815,0.07976094633340836,2.6403872510225668,3.0,0.05576728883676993,0.0,0.435095605720056,0.2438515912570442,0.2754487116844197,0.045604091338480084,0.0,0.0,0.0,0.0,0.0,0.0,0.0,0.0,0.0,0.0,0.0,p5032.bmp,SC320
0.394765625,0.10746091430833168,0.0,0.15491989254951477,0.1388888955116272,0.2341269850730896,0.2460317462682724,0.2698412835597992,0.30158731341362,0.05529037490487099,0.400006502866745,0.061157047748565674,0.11920560896396637,0.0357142873108387,0.553867374994345,0.53732520815781,0.06553522146758364,0.139415542975295,0.03525327891111374,0.08035100996494293,2.6405570427871634,3.0,0.05373045715416584,0.0,0.4332409789563955,0.24398047364601888,0.2784484464674451,0.04433010093014051,0.0,0.0,0.0,0.0,0.0,0.0,0.0,0.0,0.0,0.0,0.0,p5033.bmp,SC320
0.40001302083333334,0.10146154096546336,0.0,0.15795928239822388,0.1428571492433548,0.2380952388048172,0.25,0.2738095223903656,0.3055555522441864,0.055052198469638824,0.4253605604171753,0.06318576633930206,0.11827674508094788,0.0396825410425663,0.5535153779770443,0.5367354537096979,0.06491062501072745,0.13980476714257092,0.03491782769560814,0.07976094633340836,2.57484083680706,3.0,0.05042153575729957,0.0,0.42026626737410894,0.25090329090849905,0.2745027831125289,0.054327658604863126,0.0,0.0,0.0,0.0,0.0,0.0,0.0,0.0,0.0,0.0,0.0,p5034.bmp,SC320
0.4025390625,0.10318615558790231,0.0,0.1580229103565216,0.1428571492433548,0.2380952388048172,0.25,0.2738095223903656,0.3095238208770752,0.05513760820031166,0.4342305362224579,0.06361039727926254,0.114372119307518,0.0436507947742939,0.5574013363471089,0.5379179318071402,0.06879449808643752,0.13955405539439789,0.03476675972342491,0.07976094633340836,2.568402223594239,4.0,0.05104318292091218,0.0,0.4203461103024422,0.2512372634643377,0.2732330583858968,0.055183567847323305,0.0,0.0,0.0,0.0,0.0,0.0,0.0,0.0,0.0,0.0,0.0,p5035.bmp,SC320
0.39815104166666665,0.10196873569232781,0.0,0.15808026492595673,0.1428571492433548,0.2380952388048172,0.25,0.2777777910232544,0.3055555522441864,0.05510778725147247,0.4239445626735687,0.06293982267379761,0.11839772760868073,0.0396825410425663,0.5477275270990574,0.5358431396571397,0.05968791756689519,0.14052489658313375,0.03497186303138733,0.08035105466842651,2.570994638265155,3.0,0.05029759958139839,0.0,0.4182745764929034,0.2525017986787887,0.275230557917457,0.053993066910850936,0.0,0.0,0.0,0.0,0.0,0.0,0.0,0.0,0.0,0.0,0.0,p5036.bmp,SC320
0.404296875,0.11207729468599034,0.0,0.15946821868419647,0.1428571492433548,0.2380952388048172,0.25,0.2817460298538208,0.3095238208770752,0.05534520372748375,0.4398137927055359,0.0644725039601326,0.11581742763519287,0.0436507947742939,0.5231825575015441,0.5374168235773903,0.04401647031434878,0.13965676997684362,0.03496349975466728,0.08093684166669846,2.567470036043481,4.0,0.055491143317230276,0.0,0.4114653784219002,0.25555555555555554,0.27194847020933977,0.06103059581320451,0.0,0.0,0.0,0.0,0.0,0.0,0.0,0.0,0.0,0.0,0.0,p5037.bmp,SC320
0.4090885416666667,0.11015978101725125,0.0,0.14997495710849762,0.1349206417798996,0.230158731341362,0.2420634925365448,0.2698412835597992,0.30158731341362,0.05573363974690437,0.44992393255233765,0.061353035271167755,0.11822892725467682,0.0317460335791111,0.5292546046974549,0.5380791249932501,0.048019284212240304,0.14016671282598006,0.03513942286372185,0.08093681186437607,2.6485452691978106,5.0,0.05318607167865555,0.0,0.4624100833916863,0.2398624992042778,0.25953275192564773,0.038194665478388186,0.0,0.0,0.0,0.0,0.0,0.0,0.0,0.0,0.0,0.0,0.0,p5038.bmp,SC320
0.40358072916666665,0.11821261493789322,0.0,0.15643973648548126,0.1428571492433548,0.2341269850730896,0.25,0.2777777910232544,0.3055555522441864,0.05560317263007164,0.43252140283584595,0.06313606351613998,0.11675719916820526,0.0396825410425663,0.5357275967024973,0.5392412485803126,0.0530691695457747,0.13956366504361414,0.0349835567176342,0.07976094633340836,2.6445296264582527,5.0,0.05665429908049686,0.0,0.42774641071140507,0.24965316986610744,0.2703339248265849,0.05226649459590257,0.0,0.0,0.0,0.0,0.0,0.0,0.0,0.0,0.0,0.0,0.0,p5039.bmp,SC320
0.4046354166666667,0.1027481014287553,0.0,0.1492425501346588,0.1349206417798996,0.230158731341362,0.2420634925365448,0.2698412835597992,0.30158731341362,0.05575869604945183,0.4369123578071594,0.06038881838321686,0.11749652028083801,0.0317460335791111,0.5421718311116563,0.5367647152181143,0.055947364767065765,0.14199126399330309,0.03517508879303932,0.08035099506378174,2.6521448073538623,3.0,0.04752863946453855,0.0008366585146093448,0.4620285751061913,0.2415690565066289,0.2583022267988158,0.03726348307375467,0.0,0.0,0.0,0.0,0.0,0.0,0.0,0.0,0.0,0.0,0.0,p5040.bmp,SC320
0.4100651041666667,0.11926459848220239,0.0,0.1508214920759201,0.1349206417798996,0.230158731341362,0.2460317462682724,0.2738095223903656,0.3055555522441864,0.05670015886425972,0.4435293674468994,0.06184663251042366,0.1151072084903717,0.0357142873108387,0.5420301144094224,0.5386716407596259,0.057114151629090115,0.13969485514900085,0.035294149070978165,0.08342775702476501,2.666836435050219,3.0,0.05712380529006446,0.0,0.4567364176166132,0.2381799129965389,0.2624710253072111,0.04261264407963675,0.0,0.0,0.0,0.0,0.0,0.0,0.0,0.0,0.0,0.0,0.0,p5041.bmp,SC320
0.39533854166666665,0.11310190369540873,0.0,0.15528810024261475,0.1428571492433548,0.2341269850730896,0.25,0.2738095223903656,0.3055555522441864,0.056163132190704346,0.4147801697254181,0.06139137223362923,0.11957381665706635,0.0357142873108387,0.5346191538088517,0.538251749497298,0.05159149300073582,0.14124207878748785,0.035653479397296906,0.08417938649654388,2.677612895476617,3.0,0.052565707133917394,0.0,0.4256636585205191,0.25077399380804954,0.2727093076872406,0.050853039984190766,0.0,0.0,0.0,0.0,0.0,0.0,0.0,0.0,0.0,0.0,0.0,p5042.bmp,SC320
0.4115234375,0.10074355323524758,0.0,0.15054818987846375,0.1349206417798996,0.2341269850730896,0.2460317462682724,0.2738095223903656,0.30158731341362,0.05686967074871063,0.4499834179878235,0.061954110860824585,0.11880216002464294,0.0317460335791111,0.5413625870140151,0.5375268167050321,0.05584913228068136,0.14238254968568084,0.03548932075500488,0.08342777192592621,2.6700738157090447,3.0,0.04629014396456257,0.0,0.4588830881189685,0.23844328429046038,0.2593893371302009,0.043284290460370196,0.0,0.0,0.0,0.0,0.0,0.0,0.0,0.0,0.0,0.0,0.0,p5043.bmp,SC320
0.40747395833333333,0.11558126158369017,0.0,0.14995762705802917,0.1349206417798996,0.230158731341362,0.2460317462682724,0.2738095223903656,0.30158731341362,0.05659576877951622,0.44459056854248047,0.06110382825136185,0.11821159720420837,0.0317460335791111,0.5307340971351812,0.5401153739159178,0.05053541284217087,0.14042513889419425,0.035565875470638275,0.08417938649654388,2.666470289278128,3.0,0.053908097398862403,0.0003195500734965169,0.46050361091583053,0.23995015018853455,0.257429539208794,0.04179714961334441,0.0,0.0,0.0,0.0,0.0,0.0,0.0,0.0,0.0,0.0,0.0,p5044.bmp,SC320
0.416875,0.10497876061969015,0.0,0.15203993022441864,0.1349206417798996,0.2341269850730896,0.2460317462682724,0.2738095223903656,0.289682537317276,0.05597662925720215,0.4488174319267273,0.06338164955377579,0.12029390037059784,0.0317460335791111,0.47259873630612315,0.5313550564827091,0.04164095122659005,0.14063848305733798,0.034706417471170425,0.07976094633340836,2.6671787996963565,4.0,0.049100449775112444,0.0,0.4527111444277861,0.24219140429785108,0.2607446276861569,0.0443528235882059,0.0,0.0,0.0,0.0,0.0,0.0,0.0,0.0,0.0,0.0,0.0,p5045.bmp,SC320
0.39938802083333336,0.10135950184201088,0.0,0.15589405596256256,0.1428571492433548,0.2380952388048172,0.25,0.2857142984867096,0.3174603283405304,0.057314518839120865,0.4127039909362793,0.062262218445539474,0.12017977237701416,0.0357142873108387,0.5086687989976415,0.5313154140613177,0.032493125948318394,0.14397929137699134,0.035989660769701004,0.08766161650419235,2.7079103294515257,3.0,0.04472989273954292,0.0,0.42079353177061257,0.2519805692302677,0.2718025625142634,0.054999510970560425,0.0004238255142959606,0.0,0.0,0.0,0.0,0.0,0.0,0.0,0.0,0.0,0.0,p5046.bmp,SC320
0.4592578125,0.11519378526268038,0.0,0.14694522321224213,0.1269841343164444,0.230158731341362,0.2460317462682724,0.2738095223903656,0.3095238208770752,0.056273382157087326,0.5617809891700745,0.0674857422709465,0.11519919335842133,0.0317460335791111,0.4911850177013399,0.5359883653154551,0.037052211148652724,0.14026943567658862,0.03377050906419754,0.08035102486610413,2.6543124203483526,2.0,0.07156020526778373,0.00017011142298205324,0.4835700717303167,0.23923336452042754,0.23673839698335744,0.040288055342916275,0.0,0.0,0.0,0.0,0.0,0.0,0.0,0.0,0.0,0.0,0.0,p5047.bmp,SC320
0.39421875,0.10734575241115074,0.0,0.1641872376203537,0.1547619104385376,0.2420634925365448,0.2539682686328888,0.2817460298538208,0.3134920597076416,0.05560751631855965,0.3635929226875305,0.06472568213939667,0.1205364465713501,0.0436507947742939,0.5322713201221955,0.5426171502990961,0.05345708186989786,0.1466120246233288,0.0358489491045475,0.08436623215675354,2.5869563084255036,3.0,0.04878451578808297,0.0,0.3728035407583565,0.2663826132910556,0.2882150878583697,0.07220240454485401,0.00039635354736424893,0.0,0.0,0.0,0.0,0.0,0.0,0.0,0.0,0.0,0.0,p5048.bmp,SC320
0.4158854166666667,0.11361928616155291,0.0,0.1588444709777832,0.1428571492433548,0.2380952388048172,0.2539682686328888,0.2777777910232544,0.3095238208770752,0.05587902292609215,0.4456396698951721,0.0660610944032669,0.1191619336605072,0.0396825410425663,0.5428618483816626,0.5424219640435165,0.0603055642540723,0.14376061863270834,0.03454889357089996,0.07976094633340836,2.598770307321718,4.0,0.05272385723231058,0.0,0.415090795241077,0.25410144020037573,0.2684095178459612,0.0623982467125861,0.0,0.0,0.0,0.0,0.0,0.0,0.0,0.0,0.0,0.0,0.0,p5049.bmp,SC320
0.4,0.10621744791666667,0.0,0.15886811912059784,0.15079365670681,0.2380952388048172,0.25,0.2777777910232544,0.3095238208770752,0.056081075221300125,0.3726596236228943,0.06354724615812302,0.11918558180332184,0.0396825410425663,0.6271177981823176,0.5312631828951928,0.13090577229235809,0.1420320861476202,0.0339893102645874,0.07976090908050537,2.6331821898915297,3.0,0.04934895833333333,0.0,0.4009765625,0.26171875,0.2789713541666667,0.058333333333333334,0.0,0.0,0.0,0.0,0.0,0.0,0.0,0.0,0.0,0.0,0.0,p5050.bmp,SC320
0.4229427083333333,0.10962994889477248,0.0,0.14989511668682098,0.1349206417798996,0.230158731341362,0.2460317462682724,0.2738095223903656,0.3055555522441864,0.05631634593009949,0.45864373445510864,0.06339704245328903,0.11814908683300018,0.0317460335791111,0.4919803375190733,0.5424703735045278,0.043220916370688825,0.14325053630810058,0.034842297434806824,0.07976091653108597,2.659531352700945,4.0,0.050120066498368324,0.000246290253063235,0.4635182562650083,0.23668493319376885,0.25817375777353613,0.04137676251462349,0.0,0.0,0.0,0.0,0.0,0.0,0.0,0.0,0.0,0.0,0.0,p5051.bmp,SC320
0.42313802083333335,0.10890236021786627,0.0,0.14972518384456635,0.1349206417798996,0.230158731341362,0.2460317462682724,0.2738095223903656,0.3095238208770752,0.05633477121591568,0.46565893292427063,0.06335441768169403,0.11797915399074554,0.0317460335791111,0.4944288552456018,0.5442587182059556,0.04460797900722073,0.14372358548289055,0.03526787459850311,0.08171134442090988,2.6611245161432246,3.0,0.04935840231405976,9.231621380435116e-05,0.4644428716496907,0.23940671446595072,0.2535310951780164,0.042527002492537776,0.0,0.0,0.0,0.0,0.0,0.0,0.0,0.0,0.0,0.0,0.0,p5052.bmp,SC320
0.41278645833333333,0.10633398523752445,0.0,0.20262667536735535,0.1785714328289032,0.3333333432674408,0.3531745970249176,0.4047619104385376,0.4642857015132904,0.0922904759645462,0.44296106696128845,0.08364155143499374,0.19072191417217255,0.011904762126505375,0.5348925060108785,0.5596853941330079,0.06913633811919519,0.14722792185440267,0.05655527487397194,0.13561910390853882,3.1707539499829718,5.0,0.03946123272979623,0.0003154375118289067,0.32439593716484766,0.19087123840767145,0.13734149265030599,0.17793830042268627,0.14033814901268057,0.02700145101255441,0.0017979938174247682,0.0,0.0,0.0,0.0,0.0,0.0,0.0,0.0,p6001.bmp,SC400
0.41143229166666667,0.10791822267232103,0.0,0.20308825373649597,0.1785714328289032,0.3333333432674408,0.3531745970249176,0.4007936418056488,0.460317462682724,0.09199786186218262,0.430370956659317,0.08355706185102463,0.19118349254131317,0.011904762126505375,0.5465793479406862,0.5634886731101371,0.0787429188426829,0.14593133246344414,0.055380579084157944,0.13101251423358917,3.1635500496954276,5.0,0.03959111336160517,0.0,0.32302677384644596,0.1906766251028546,0.13690739920248116,0.1791252610924742,0.14361668460029114,0.025191467814418635,0.0014557883410342427,0.0,0.0,0.0,0.0,0.0,0.0,0.0,0.0,p6002.bmp,SC400
0.40846354166666665,0.10417596429709913,0.0,0.20667430758476257,0.1825396865606308,0.3373015820980072,0.3571428656578064,0.408730149269104,0.4642857015132904,0.09222698211669922,0.4240116477012634,0.08441892266273499,0.19080129265785217,0.01587301678955555,0.5474771108467433,0.5634977525621785,0.07928455483132638,0.1467169247024255,0.05698777735233307,0.1389455646276474,3.190521060905808,5.0,0.03834874083519286,0.0,0.3021357985336309,0.20366592285623206,0.13560726809053236,0.17456168313675485,0.15304430985017534,0.028881096589097863,0.0021039209435766656,0.0,0.0,0.0,0.0,0.0,0.0,0.0,0.0,p6003.bmp,SC400
0.41170572916666665,0.10607546095701952,0.0,0.20186439156532288,0.1785714328289032,0.3333333432674408,0.3531745970249176,0.4047619104385376,0.4642857015132904,0.09270226955413818,0.43451356887817383,0.08310872316360474,0.18995963037014008,0.011904762126505375,0.5521418293810335,0.5643711733106115,0.08283971465779918,0.1463201668342564,0.057177476584911346,0.13939815759658813,3.185122290505747,5.0,0.03848951579746355,0.000917170055979,0.3292007969891521,0.18786172870742276,0.13362218919004396,0.18087226034978968,0.13975774059900692,0.026123533318574275,0.0016445807900313102,0.0,0.0,0.0,0.0,0.0,0.0,0.0,0.0,p6004.bmp,SC400
0.41423177083333335,0.11281551566969478,0.0,0.203178271651268,0.1785714328289032,0.3333333432674408,0.3571428656578064,0.408730149269104,0.4682539701461792,0.09280049055814743,0.44393596053123474,0.08416289836168289,0.1912735104560852,0.011904762126505375,0.5486313284082355,0.5652904623216902,0.08141161202758303,0.14561601699237112,0.05719541758298874,0.1428571343421936,3.1757625069865414,3.0,0.07163738094489674,0.0004086379781850187,0.32351554396001636,0.19334863106277309,0.1324301386225757,0.17448841668500298,0.14688963631219942,0.02712727501335932,0.0017917203658881589,0.0,0.0,0.0,0.0,0.0,0.0,0.0,0.0,p6005.bmp,SC400
0.40817708333333336,0.10134617838458594,0.0,0.19805648922920227,0.1746031790971756,0.329365074634552,0.3492063581943512,0.4007936418056488,0.4563491940498352,0.09227406233549118,0.42470526695251465,0.08084212243556976,0.19011998176574707,0.007936508394777775,0.5557012098463875,0.5651247646192392,0.0856963228211258,0.14699525839145952,0.05562257394194603,0.13208982348442078,3.192736557589402,5.0,0.03722725532729361,0.0019139977032027562,0.34981498022202373,0.17034579558504528,0.13634043639147633,0.18661477606226873,0.13289524052571136,0.020990174811790226,0.0010845986984815619,0.0,0.0,0.0,0.0,0.0,0.0,0.0,0.0,p6006.bmp,SC400
0.41236979166666665,0.10650457846542469,0.0,0.19466447830200195,0.170634925365448,0.3253968358039856,0.3452380895614624,0.3968254029750824,0.4563491940498352,0.09276415407657623,0.438109815120697,0.08027374744415283,0.19069622457027435,0.003968254197388887,0.5341572149187364,0.5587126319768169,0.06792560993211533,0.14675600880908785,0.056979238986968994,0.13939815759658813,3.240730810011028,5.0,0.03823808020208399,0.003189137985475213,0.3644142721818756,0.1656457215029997,0.133722766024629,0.18670666245658352,0.12529207451847174,0.019892642879696873,0.0011367224502683928,0.0,0.0,0.0,0.0,0.0,0.0,0.0,0.0,p6007.bmp,SC400
0.4259114583333333,0.11296239682054418,0.0,0.18873845040798187,0.1626984179019928,0.3214285671710968,0.341269850730896,0.3928571343421936,0.4523809552192688,0.09393002092838287,0.456474244594574,0.08038587123155594,0.18477019667625427,0.003968254197388887,0.5112581184369065,0.5563699035895868,0.057483138931679154,0.1439359773757425,0.05459003150463104,0.12919698655605316,3.249497990858336,3.0,0.06682971568327728,0.006022623051054723,0.38991134209721795,0.15362274533781717,0.13142769795169673,0.181320697034546,0.11947416692143076,0.01742586365025986,0.0007948639559767656,0.0,0.0,0.0,0.0,0.0,0.0,0.0,0.0,p6008.bmp,SC400
0.42303385416666667,0.10462002523931177,0.0,0.18680670857429504,0.1626984179019928,0.3214285671710968,0.341269850730896,0.3928571343421936,0.4523809552192688,0.09413297474384308,0.4595901072025299,0.07902555912733078,0.18680670857429504,0.0,0.5047337209776738,0.5554941528267321,0.0556956830665642,0.14601230869515275,0.0566679909825325,0.1389455646276474,3.251746258406974,5.0,0.03856689956600696,0.007510234233125058,0.3950567884514759,0.1541752593185386,0.1305672689217889,0.18261565452922526,0.11191480193296192,0.017390501400474007,0.0007694912124103542,0.0,0.0,0.0,0.0,0.0,0.0,0.0,0.0,p6009.bmp,SC400
0.41802083333333334,0.10518938450037378,0.0,0.18717245757579803,0.1626984179019928,0.3214285671710968,0.341269850730896,0.3928571343421936,0.4523809552192688,0.09406941384077072,0.44648277759552,0.0782419815659523,0.18717245757579803,0.0,0.511641768878093,0.5520300454782728,0.05331656792294562,0.14601955942823008,0.05673651397228241,0.13939815759658813,3.2605543427257717,5.0,0.03843757787191627,0.008192125591826563,0.3891103912285073,0.15627336157488164,0.13163468726638425,0.18617617742337403,0.1113256915026165,0.016633441315723897,0.0006541240966857712,0.0,0.0,0.0,0.0,0.0,0.0,0.0,0.0,p6010.bmp,SC400
0.4203385416666667,0.1077690353757512,0.0,0.1886959969997406,0.1626984179019928,0.3214285671710968,0.341269850730896,0.3928571343421936,0.4563491940498352,0.09376813471317291,0.4569689929485321,0.07931620627641678,0.1886959969997406,0.0,0.5190324525326984,0.5532966609533267,0.05659300591224396,0.14541029343907136,0.057044558227062225,0.14061282575130463,3.2578302470071687,6.0,0.040053280465894306,0.007775230778762158,0.3883278607273403,0.1561551328913946,0.13137352084753112,0.18071990582987424,0.1172789789975838,0.017471036490923735,0.0008983334365900502,0.0,0.0,0.0,0.0,0.0,0.0,0.0,0.0,p6011.bmp,SC400
0.419453125,0.11082138200782268,0.0,0.18859000504016876,0.1626984179019928,0.3214285671710968,0.341269850730896,0.3928571343421936,0.4523809552192688,0.09437688440084457,0.44753047823905945,0.07910466194152832,0.18859000504016876,0.0,0.4992833076716095,0.5534052255228177,0.05341003427293967,0.14423330829753192,0.05719990283250809,0.1402989625930786,3.2611766640707187,3.0,0.07260818277767431,0.007543304153473645,0.38970633885888123,0.15275966970882224,0.13186813186813187,0.1798596883342646,0.12007201837710313,0.01735270379338176,0.0008381449059415161,0.0,0.0,0.0,0.0,0.0,0.0,0.0,0.0,p6012.bmp,SC400
0.41735677083333333,0.10881976726047483,0.0,0.18818014860153198,0.1626984179019928,0.3214285671710968,0.341269850730896,0.3928571343421936,0.4523809552192688,0.09432357549667358,0.44317927956581116,0.07853826135396957,0.18818014860153198,0.0,0.5123695993433555,0.5521764187082102,0.05362262262450065,0.1446892970719924,0.057613059878349304,0.14208346605300903,3.2637742064406696,4.0,0.04773344148753627,0.008329953514491624,0.38938632889277136,0.15187345958256637,0.13293607462640003,0.18088790440832372,0.11870963716344804,0.017190278601066984,0.0006863632109318941,0.0,0.0,0.0,0.0,0.0,0.0,0.0,0.0,p6013.bmp,SC400
0.4082421875,0.10608235256594266,0.0,0.18901382386684418,0.1666666716337204,0.3214285671710968,0.341269850730896,0.3888888955116272,0.44841268658638,0.09374356269836426,0.4060514271259308,0.07716341316699982,0.18901382386684418,0.0,0.5026740174101867,0.5530220817482047,0.05308946714766762,0.1444737666243698,0.05547671020030975,0.1333947330713272,3.2647195814631025,3.0,0.047555257870060284,0.007750454501961535,0.38034637833700125,0.15370140018499026,0.13794533218511784,0.18623417216853252,0.11785156125410647,0.015660383376391415,0.0005103179918987019,0.0,0.0,0.0,0.0,0.0,0.0,0.0,0.0,p6014.bmp,SC400
0.40997395833333333,0.10744457854284443,0.0,0.18897905945777893,0.1666666716337204,0.3214285671710968,0.341269850730896,0.3888888955116272,0.44841268658638,0.09388997405767441,0.41873419284820557,0.07747649401426315,0.18897905945777893,0.0,0.5044599652499013,0.5526667916281074,0.0528552951976319,0.14434573814941976,0.05656800791621208,0.13888885080814362,3.265897670474386,4.0,0.04792606237692943,0.008035317283872197,0.3830591373943975,0.15282982913040716,0.13567934955218192,0.18579686209744012,0.11786190687924791,0.016134154862478562,0.0006034427999745919,0.0,0.0,0.0,0.0,0.0,0.0,0.0,0.0,p6015.bmp,SC400
0.40765625,0.10968442570588986,0.0,0.18962165713310242,0.1666666716337204,0.3214285671710968,0.341269850730896,0.3888888955116272,0.44841268658638,0.09456859529018402,0.4056033194065094,0.07730045169591904,0.18962165713310242,0.0,0.5079248489907594,0.5525533177534429,0.05314747819436659,0.14411015719583922,0.05828499794006348,0.14285717904567719,3.2862716164616916,4.0,0.04861377283761339,0.010572377667049956,0.3769962948767088,0.15417784591797623,0.13606745879647375,0.18311613645074742,0.12182189855627955,0.016641114092244794,0.0006068736425194839,0.0,0.0,0.0,0.0,0.0,0.0,0.0,0.0,p6016.bmp,SC400
0.40859375,0.1112810707456979,0.0,0.18953636288642883,0.1666666716337204,0.3214285671710968,0.341269850730896,0.3888888955116272,0.44841268658638,0.09456286579370499,0.4083813428878784,0.07744336873292923,0.18953636288642883,0.0,0.5078092987325069,0.5515512165118192,0.05213936200743149,0.14365110431949832,0.058295298367738724,0.14311043918132782,3.2776604406369527,3.0,0.07412364563416189,0.00940089228808158,0.3806883365200765,0.15175270873167623,0.1367112810707457,0.1820267686424474,0.12208413001912045,0.016921606118546845,0.00041427660930528997,0.0,0.0,0.0,0.0,0.0,0.0,0.0,0.0,p6017.bmp,SC400
0.4068359375,0.11067370779324692,0.0,0.18936173617839813,0.1666666716337204,0.3214285671710968,0.341269850730896,0.3888888955116272,0.4444444477558136,0.09447341412305832,0.3986513614654541,0.07703915983438492,0.18936173617839813,0.0,0.5154662170005432,0.5534364077303512,0.05562961027575357,0.14324111870377834,0.05769620090723038,0.14285717904567719,3.279604908895916,3.0,0.07354776764282285,0.010529684749559929,0.3777564410305649,0.1533685389662346,0.1350616098575772,0.18460553688590176,0.12209953592574813,0.016162586013762203,0.0004160665706513042,0.0,0.0,0.0,0.0,0.0,0.0,0.0,0.0,p6018.bmp,SC400
0.4058203125,0.1122661789713479,0.0,0.19004583358764648,0.1666666716337204,0.3214285671710968,0.341269850730896,0.3928571343421936,0.44841268658638,0.09474010765552521,0.39868593215942383,0.0771244615316391,0.19004583358764648,0.0,0.5242163427197484,0.5498027456180914,0.05537819720630703,0.14385838378716073,0.05839891731739044,0.14340722560882568,3.2873425489860715,3.0,0.07414893958353387,0.010652292488850386,0.3753328841402766,0.15445824108833062,0.13392370135078768,0.18481085763788624,0.12256553405845927,0.0175185292135913,0.0007379600218179485,0.0,0.0,0.0,0.0,0.0,0.0,0.0,0.0,p6019.bmp,SC400
0.40325520833333334,0.11075234097513723,0.0,0.18601834774017334,0.1666666716337204,0.3174603283405304,0.3373015820980072,0.3849206268787384,0.4444444477558136,0.09446918219327927,0.38948994874954224,0.07501287013292313,0.18601834774017334,0.0,0.5083382179494358,0.5524761350158293,0.05313445797946786,0.144093048102984,0.057846128940582275,0.14307743310928345,3.2819737383411223,3.0,0.0727801097836616,0.01507910881498224,0.3798191798514692,0.15075879883758475,0.14023248304811106,0.18866645140458507,0.11042944785276074,0.014497901194704553,0.0005166289958023894,0.0,0.0,0.0,0.0,0.0,0.0,0.0,0.0,p6020.bmp,SC400
0.4063671875,0.10237431510141305,0.0,0.1884097456932068,0.1666666716337204,0.3214285671710968,0.341269850730896,0.3888888955116272,0.4444444477558136,0.09335585683584213,0.4157954752445221,0.07656353712081909,0.1884097456932068,0.0,0.5337928449859113,0.5576379729073072,0.06681386303085093,0.14517768310690057,0.05753259360790253,0.14063528180122375,3.254029548457957,4.0,0.04460251850427761,0.01006120029478676,0.38395975519882086,0.15066166810855844,0.1382934409945849,0.18619628953186582,0.11480662629369733,0.01563651510782146,0.00038450446986446215,0.0,0.0,0.0,0.0,0.0,0.0,0.0,0.0,p6021.bmp,SC400
0.4061458333333333,0.11089381892793024,0.0,0.18107450008392334,0.1547619104385376,0.3134920597076416,0.3333333432674408,0.3769841194152832,0.4285714328289032,0.09364598989486694,0.4376884996891022,0.07354265451431274,0.18107450008392334,0.0,0.5058790879014856,0.5481779832494172,0.04853536591532532,0.13958858349758885,0.05786993354558945,0.1428571343421936,3.2310340079465916,4.0,0.08024493459861504,0.016382405745062837,0.40638625288535524,0.14587073608617596,0.13243780456527315,0.1880289817902026,0.09899974352398051,0.01189407540394973,0.0,0.0,0.0,0.0,0.0,0.0,0.0,0.0,0.0,p6022.bmp,SC400
0.39697916666666666,0.10581212280241406,0.0,0.18565122783184052,0.1626984179019928,0.3174603283405304,0.3373015820980072,0.3928571343421936,0.4563491940498352,0.09397030621767044,0.40825673937797546,0.07369966804981232,0.18565122783184052,0.0,0.545328889791164,0.5609624768727591,0.075967965855097,0.14363259672020806,0.057912666350603104,0.14063528180122375,3.2749218774827447,4.0,0.04634610338493834,0.01292311729204933,0.38054316452374704,0.1511086329047494,0.1451390711099449,0.19282996588821832,0.10141695093151404,0.015055103647336657,0.0009839937024403043,0.0,0.0,0.0,0.0,0.0,0.0,0.0,0.0,p6023.bmp,SC400
0.402578125,0.10230286564460832,0.0,0.18509289622306824,0.1607142984867096,0.3174603283405304,0.3373015820980072,0.380952388048172,0.4365079402923584,0.09269768744707108,0.41458243131637573,0.07451435178518295,0.18509289622306824,0.0,0.5132274471791526,0.5611859628866503,0.06259942023089211,0.14416376906699582,0.05706257000565529,0.1389455497264862,3.248970090920837,6.0,0.038391875283006666,0.012678698492787374,0.3859887444207258,0.1530176596157578,0.1397244323694935,0.19389999353127627,0.10094443366323824,0.013746037906721005,0.0,0.0,0.0,0.0,0.0,0.0,0.0,0.0,0.0,p6024.bmp,SC400
0.4063802083333333,0.10454982377443127,0.0,0.18514125049114227,0.1626984179019928,0.3174603283405304,0.3373015820980072,0.3849206268787384,0.4404761791229248,0.09303651005029678,0.4219187796115875,0.07523773610591888,0.18514125049114227,0.0,0.5321608871311386,0.5531643520865615,0.06213510275074557,0.14414565192934536,0.05651519075036049,0.1346868872642517,3.2558130249179524,4.0,0.04556231976930471,0.012111502723486062,0.38785645626401793,0.15360461390579944,0.1386414610701698,0.1918295418135213,0.10102531239987184,0.014706824735661646,0.00022428708747196412,0.0,0.0,0.0,0.0,0.0,0.0,0.0,0.0,p6025.bmp,SC400
0.42130208333333335,0.10056867350723205,0.0,0.2813912332057953,0.25,0.44841268658638,0.4761904776096344,0.5396825671195984,0.6150793433189392,0.11362247914075851,0.5294010043144226,0.11855071038007736,0.2337721884250641,0.0476190485060215,0.5370657222847084,0.5436932392662531,0.05729718078636306,0.1457301697594,0.06995280086994171,0.16966316103935242,3.5466259471198787,5.0,0.03752008900976635,0.0,0.0077574483866979845,0.29768821856842625,0.18726047719124736,0.13258746445790578,0.11206576832735814,0.1426628755099518,0.08897886018049203,0.02793917665966127,0.0030597107182593645,0.0,0.0,0.0,0.0,0.0,0.0,p7026.bmp,SC480
0.41765625,0.10443945629130814,0.0,0.28066813945770264,0.2539682686328888,0.4444444477558136,0.4761904776096344,0.5357142686843872,0.6150793433189392,0.11310090124607086,0.5303096771240234,0.11722280085086823,0.23701734840869904,0.0436507947742939,0.5369425577903568,0.5429042146762683,0.05661734904674685,0.14521325509701793,0.06939724087715149,0.16877910494804382,3.5345719081127314,6.0,0.0389387704202519,0.0,0.006297543334580371,0.30976430976430974,0.17592592592592593,0.13598952487841376,0.1126075570520015,0.14568524753709938,0.0833956852475371,0.026593091407906222,0.0037411148522259632,0.0,0.0,0.0,0.0,0.0,0.0,p7027.bmp,SC480
0.424765625,0.10520507632885782,0.0,0.2836868464946747,0.2539682686328888,0.44841268658638,0.4801587164402008,0.5436508059501648,0.6269841194152832,0.11386562138795853,0.5553984045982361,0.12050042301416397,0.23209954798221588,0.0515873022377491,0.531777377593047,0.5435697433668509,0.053927027210336154,0.14531350040219002,0.07074066996574402,0.17104963958263397,3.552737822368914,6.0,0.0391147078658574,0.0,0.004199619888418858,0.27864631230457976,0.20783520323707927,0.13089326221568268,0.11311384954938385,0.1400588559867574,0.09000061308319539,0.030071730733860585,0.005057936361964319,0.00012261663907792289,0.0,0.0,0.0,0.0,0.0,p7028.bmp,SC480
0.41506510416666664,0.10082504627160649,0.0,0.27899348735809326,0.25,0.4444444477558136,0.4722222089767456,0.5396825671195984,0.6190476417541504,0.11333417147397995,0.5362774729728699,0.11580046266317368,0.23534269630908966,0.0436507947742939,0.5464352337560281,0.5452087867690106,0.06480791105338021,0.14657414831850546,0.07033274322748184,0.17068099975585938,3.549396898989475,5.0,0.039056372933463,0.0,0.009317062458826113,0.3198544405056938,0.16507199548263637,0.14044608965711955,0.10932647363302694,0.14634375882297582,0.07943031025504282,0.02635128776233648,0.0038585814223421277,0.0,0.0,0.0,0.0,0.0,0.0,p7029.bmp,SC480
0.41908854166666665,0.10430000621388182,0.0,0.27310970425605774,0.2460317462682724,0.4365079402923584,0.4682539701461792,0.5317460298538208,0.6150793433189392,0.11341248452663422,0.5437297821044922,0.1144571453332901,0.23342716693878174,0.0396825410425663,0.5411288286164704,0.5440770549646315,0.06028571404336307,0.14572606670330338,0.07084248214960098,0.1713256537914276,3.5488188626641315,6.0,0.03902317777915864,0.0,0.013235568259491704,0.3440315665196048,0.14984775989560678,0.1415522276766296,0.10709625302926738,0.14639905548996457,0.07161498788293047,0.02330205679487976,0.00292052445162493,0.0,0.0,0.0,0.0,0.0,0.0,p7030.bmp,SC480
0.41540364583333333,0.10384603328840548,0.0,0.2763024568557739,0.25,0.4404761791229248,0.4682539701461792,0.5357142686843872,0.6190476417541504,0.11353224515914917,0.532638669013977,0.11477704346179962,0.23661991953849792,0.0396825410425663,0.568124335090395,0.5430746608949739,0.08059994691515257,0.14564932270236436,0.0710783377289772,0.17068105936050415,3.5526213267567965,6.0,0.039369338306742316,0.0,0.010625959941071373,0.3332601949659907,0.15540858226499074,0.14004952512302918,0.10873585556217284,0.14807384885433972,0.07538476005391342,0.024981976616619127,0.0034792966178729275,0.0,0.0,0.0,0.0,0.0,0.0,p7031.bmp,SC480
0.41727864583333335,0.10834087434081194,0.0,0.28159990906715393,0.25,0.4444444477558136,0.4761904776096344,0.5396825671195984,0.6190476417541504,0.11386411637067795,0.534893810749054,0.11750563234090805,0.23398086428642273,0.0476190485060215,0.5839368975738,0.5406037169629204,0.09324196804829646,0.1439624062399061,0.07143647223711014,0.17397072911262512,3.5530093841774124,4.0,0.044777982338440415,0.0,0.007145754672824289,0.30077698380503637,0.1830124504633819,0.13417792617093643,0.11214778294380129,0.1445377102380878,0.08615471026929197,0.027802914469373108,0.004243766967266827,0.0,0.0,0.0,0.0,0.0,0.0,p7032.bmp,SC480
0.41727864583333335,0.10085187381034107,0.0,0.2821453809738159,0.2539682686328888,0.44841268658638,0.4761904776096344,0.5396825671195984,0.6150793433189392,0.11373746395111084,0.5332009792327881,0.11773324012756348,0.23452633619308472,0.0476190485060215,0.5434689477802266,0.5468523303898809,0.0639115817679599,0.14449030856875478,0.06980768591165543,0.17068105936050415,3.539280481415257,5.0,0.03909882360283334,0.0,0.005304708709083533,0.3021811714044996,0.18248197959247356,0.1355197054326458,0.11064998283770712,0.1434767684962711,0.08833900209067931,0.028177364495896653,0.0038693169407432834,0.0,0.0,0.0,0.0,0.0,0.0,p7033.bmp,SC480
0.41596354166666666,0.10899643147811933,0.0,0.28086432814598083,0.25,0.4444444477558136,0.4761904776096344,0.5436508059501648,0.6230158805847168,0.1140412837266922,0.5457513332366943,0.11682932823896408,0.23324528336524963,0.0476190485060215,0.5468971159543669,0.5430581004928736,0.06366584251301269,0.14462458255997365,0.07094745337963104,0.17068099975585938,3.5480796715377907,6.0,0.0410693044512615,0.0,0.007199649408376635,0.30917798785450445,0.17626619921116884,0.13735678958242034,0.10743129030238527,0.14361735428535655,0.08667751831215176,0.02751518186940462,0.004758029174231516,0.0,0.0,0.0,0.0,0.0,0.0,p7034.bmp,SC480
0.4147005208333333,0.10841784671418254,0.0,0.28057992458343506,0.25,0.4444444477558136,0.4761904776096344,0.5436508059501648,0.6190476417541504,0.11401556432247162,0.548878014087677,0.11635664850473404,0.23692913353443146,0.0436507947742939,0.5438357397087856,0.5435140001561685,0.061766012380656675,0.14440962775986846,0.07188346982002258,0.1746031641960144,3.5515652221824,5.0,0.04116298784891206,0.0,0.007849540016955007,0.311061571791893,0.17429118653646897,0.13834029325881503,0.10760149455241923,0.14339539702973406,0.08515181010392792,0.027630380859681624,0.004678325850105184,0.0,0.0,0.0,0.0,0.0,0.0,p7035.bmp,SC480
0.41313802083333334,0.10829209871095843,0.0,0.28027936816215515,0.25,0.4444444477558136,0.4761904776096344,0.5396825671195984,0.6230158805847168,0.11390397697687149,0.5528877973556519,0.11579407006502151,0.23662857711315155,0.0436507947742939,0.5456692634717232,0.5433833141119213,0.06299042442612449,0.14436671803407458,0.07116182893514633,0.1721508949995041,3.547833662486374,6.0,0.04094046455923603,0.0,0.007280405937785622,0.31267925241892275,0.1737212014245643,0.14062844716190237,0.10630653345519872,0.14154243751772827,0.08515868763591666,0.027797913580636012,0.004885120867345331,0.0,0.0,0.0,0.0,0.0,0.0,p7036.bmp,SC480
0.4149348958333333,0.10248846769385257,0.0,0.2820456027984619,0.2539682686328888,0.44841268658638,0.4801587164402008,0.5436508059501648,0.6269841194152832,0.11413691937923431,0.5608451962471008,0.1170305609703064,0.2344265580177307,0.0476190485060215,0.56438606977652,0.5436175266906031,0.0777692395222711,0.14466091858611357,0.07162082940340042,0.17333601415157318,3.555417606950406,6.0,0.03985313961151034,0.0,0.006307465403081558,0.2974550475413437,0.1877804625474629,0.13804248909530234,0.10776037907553268,0.14083534691059718,0.08786518969466847,0.028713088775222016,0.0050836288323343895,0.00015690212445476512,0.0,0.0,0.0,0.0,0.0,p7037.bmp,SC480
0.41848958333333336,0.10880522713130056,0.0,0.2840307950973511,0.2539682686328888,0.44841268658638,0.4801587164402008,0.5476190447807312,0.6309523582458496,0.11441115289926529,0.5676855444908142,0.11886393278837204,0.23244349658489227,0.0515873022377491,0.5571311751141624,0.5430147284723174,0.07151390099464776,0.14387323916570285,0.07177453488111496,0.1746031641960144,3.5596005679137757,6.0,0.0410392034847542,0.0,0.004573739887990044,0.2796515245799627,0.20594275046670815,0.13643434971997512,0.10650280024891101,0.13867454884878655,0.09187927815805849,0.030087118855009334,0.006004978220286248,0.0002489110143123833,0.0,0.0,0.0,0.0,0.0,p7038.bmp,SC480
0.4139583333333333,0.10172370407649724,0.0,0.2816378176212311,0.2539682686328888,0.44841268658638,0.4801587164402008,0.5436508059501648,0.6269841194152832,0.11421091854572296,0.5568172931671143,0.11658632010221481,0.23401877284049988,0.0476190485060215,0.5596122474145123,0.5431742202300357,0.07360457413965965,0.14485519162275093,0.07167863100767136,0.174332395195961,3.5597492115310785,6.0,0.039632611977856065,0.0,0.007171615500754907,0.3010505787619527,0.18300201308505284,0.13931177654755914,0.10732259687971817,0.14176522395571212,0.08627956718671363,0.028812279818822346,0.005095621540010065,0.0001887267237040765,0.0,0.0,0.0,0.0,0.0,p7039.bmp,SC480
0.4154817708333333,0.10736782725876712,0.0,0.27953413128852844,0.25,0.4444444477558136,0.4761904776096344,0.5396825671195984,0.6230158805847168,0.11421577632427216,0.5566923022270203,0.11614133417606354,0.23588334023952484,0.0436507947742939,0.5427632775600477,0.5450706808072255,0.06212941474136457,0.1438940713662005,0.07091710716485977,0.17104963958263397,3.5515886843291495,7.0,0.04033344824344229,0.0,0.0082421887241844,0.31668181390830175,0.17020276411043905,0.13955310413989783,0.10840201823936821,0.1411200601711116,0.08298599141308095,0.02782913911435645,0.00498292017925977,0.0,0.0,0.0,0.0,0.0,0.0,p7040.bmp,SC480
0.41725260416666665,0.10557029177718832,0.0,0.28292664885520935,0.2539682686328888,0.44841268658638,0.4801587164402008,0.5436508059501648,0.6269841194152832,0.11445014923810959,0.5580686926841736,0.11805188655853271,0.23530760407447815,0.0476190485060215,0.5384232861918666,0.5446538399749083,0.058909374010311905,0.14434665507661978,0.07190186530351639,0.1746031641960144,3.561482444150017,5.0,0.04009985957247621,0.0,0.005211421438601966,0.2883757216414417,0.19706662505851147,0.13580901856763924,0.10894055234826026,0.1396785770010922,0.08971758464659073,0.029645810578873458,0.005429864253393665,0.00012482446559525668,0.0,0.0,0.0,0.0,0.0,p7041.bmp,SC480
0.41356770833333334,0.10037151312889617,0.0,0.2818882167339325,0.2539682686328888,0.44841268658638,0.4801587164402008,0.5436508059501648,0.6269841194152832,0.1141982227563858,0.5464377403259277,0.11657986789941788,0.2342691719532013,0.0476190485060215,0.5455684686567087,0.5452819546283781,0.06424126984021986,0.14508811604208713,0.07157384604215622,0.174332395195961,3.5576999071139483,5.0,0.039481140986084,0.0,0.006863547635539324,0.3003904036269756,0.18339525218814937,0.13601158617215542,0.1106038662552736,0.14353630124047603,0.08513317801146024,0.028524652099993702,0.0054152761161135946,0.00012593665386310686,0.0,0.0,0.0,0.0,0.0,p7042.bmp,SC480
0.4141796875,0.10481310320978339,0.0,0.28326675295829773,0.2539682686328888,0.44841268658638,0.4801587164402008,0.5476190447807312,0.6269841194152832,0.11456763744354248,0.551129162311554,0.11732333898544312,0.23564770817756653,0.0476190485060215,0.5576672462265717,0.5445917405063393,0.07289673935602847,0.1449000168725842,0.07228793203830719,0.17478345334529877,3.5639906175750573,6.0,0.04134050111603634,0.0,0.0057216511050331665,0.2916784557829545,0.1922097519569933,0.13244679178848753,0.11273538935521393,0.14131220723694551,0.0877110251815524,0.030117262410009747,0.005753088748467415,0.0003143764343424817,0.0,0.0,0.0,0.0,0.0,p7043.bmp,SC480
0.41388020833333333,0.10350468759831373,0.0,0.28275302052497864,0.2539682686328888,0.44841268658638,0.4801587164402008,0.5476190447807312,0.6309523582458496,0.11468048393726349,0.5566781759262085,0.11702588200569153,0.23513397574424744,0.0476190485060215,0.5668379603369609,0.5437684820180034,0.07989363529196455,0.1451877686570589,0.07224345952272415,0.1746031641960144,3.5600328777924584,7.0,0.040646825646511044,0.0,0.005505568489272006,0.2945007235890014,0.1928207386899893,0.13251116843893537,0.10979676587176744,0.14119423645630153,0.08805763543698483,0.029352545145661612,0.005914553577046499,0.0003460643050399547,0.0,0.0,0.0,0.0,0.0,p7044.bmp,SC480
0.4126692708333333,0.10298804152336478,0.0,0.29073017835617065,0.261904776096344,0.4563491940498352,0.488095223903656,0.5555555820465088,0.6388888955116272,0.114509716629982,0.5582253932952881,0.11997541040182114,0.23517462611198425,0.0555555559694767,0.5657697493427886,0.5437611685875418,0.07899810000728175,0.14551771549096085,0.072090744972229,0.1746031641960144,3.5503892700487265,7.0,0.04048212539046477,0.0,0.002208689616003534,0.22919887672356673,0.24267188338118828,0.13334174738901336,0.11264317041618023,0.1364970182690184,0.10235698734736377,0.032751711734452404,0.007698860947212318,0.0006310541760010097,0.0,0.0,0.0,0.0,0.0,p7045.bmp,SC480
0.41106770833333334,0.10218561925879,0.0,0.2819819450378418,0.2539682686328888,0.44841268658638,0.4761904776096344,0.5436508059501648,0.6111111044883728,0.11351056396961212,0.5599613189697266,0.11591367423534393,0.2343629002571106,0.0476190485060215,0.5171753409360667,0.5342358769225033,0.038302579611860614,0.14367867864255165,0.07212632149457932,0.1728811264038086,3.543968974556105,7.0,0.03557174532784289,0.0,0.003674374406081723,0.2761165663604688,0.2132404181184669,0.13820082356667723,0.10696864111498258,0.14374406081723154,0.0847323408299018,0.028413050364269877,0.004909724421919544,0.0,0.0,0.0,0.0,0.0,0.0,p7046.bmp,SC480
0.4144010416666667,0.10679947212970527,0.0,0.28296732902526855,0.2539682686328888,0.44841268658638,0.4841269850730896,0.5555555820465088,0.6428571343421936,0.11587844043970108,0.5564223527908325,0.11726195365190506,0.23534828424453735,0.0476190485060215,0.532392399830283,0.5508230566642462,0.06026815623081646,0.1442986943406155,0.07258875668048859,0.1756821572780609,3.5633077849612307,5.0,0.04634575504304657,0.0,0.005844278263055364,0.3104380066612204,0.17281467982152957,0.1329416200590712,0.11157544146295481,0.14312197574310312,0.08603028970024508,0.02837302834160749,0.00813800037705021,0.00072267957016276,0.0,0.0,0.0,0.0,0.0,p7047.bmp,SC480
0.4177604166666667,0.1087769604787433,0.0,0.284344345331192,0.2539682686328888,0.44841268658638,0.4801587164402008,0.5436508059501648,0.6190476417541504,0.11382801830768585,0.5581950545310974,0.11878781765699387,0.23672530055046082,0.0476190485060215,0.5123534079943974,0.5435548454799742,0.04527285338765909,0.14302749063035822,0.07078547775745392,0.17406123876571655,3.5463575560481573,6.0,0.039427752150604664,0.0,0.002150604662760254,0.2646490462535843,0.22353821219299339,0.1329634708889166,0.11049121057224785,0.140786684952001,0.08957735943149234,0.031105847151228026,0.0047375638947762125,0.0,0.0,0.0,0.0,0.0,0.0,p7048.bmp,SC480
0.41963541666666665,0.10763931984609657,0.0,0.2841825485229492,0.2539682686328888,0.44841268658638,0.4801587164402008,0.5476190447807312,0.6269841194152832,0.11421158164739609,0.553135335445404,0.11925305426120758,0.23656350374221802,0.0476190485060215,0.5358641130178274,0.5433588250310599,0.056269195041599517,0.14519688144732362,0.07096368074417114,0.17104963958263397,3.548189868351125,6.0,0.03990318977286832,0.0,0.0035062678416283976,0.2828906540896115,0.20314633238177982,0.13193496338587563,0.11238674444582351,0.14152289934218693,0.08902196847461834,0.029756733275412686,0.00570932108725332,0.00012411567580985477,0.0,0.0,0.0,0.0,0.0,p7049.bmp,SC480
0.4168359375,0.10186486739761971,0.0,0.27854061126708984,0.25,0.4444444477558136,0.4761904776096344,0.5436508059501648,0.6230158805847168,0.11447359621524811,0.5514680743217468,0.11610574275255203,0.23488982021808624,0.0436507947742939,0.5533433154613844,0.5442091265106492,0.06928171599525634,0.14639807713659084,0.07147736847400665,0.17104969918727875,3.5530923741108613,6.0,0.038796738824852406,0.0,0.009339955643020023,0.3219004779308406,0.16568269140661607,0.13816262143504202,0.10829975322525225,0.1459719488957611,0.07815574922687658,0.027363883422359667,0.005122918814231718,0.0,0.0,0.0,0.0,0.0,0.0,p7050.bmp,SC480
0.41790364583333334,0.10300669886275121,0.0,0.27887532114982605,0.25,0.4444444477558136,0.4761904776096344,0.5436508059501648,0.6269841194152832,0.11449811607599258,0.5562330484390259,0.11654301732778549,0.23522453010082245,0.0436507947742939,0.5400058856148645,0.5451136249285029,0.06029684932083319,0.14622453964922766,0.07196352630853653,0.17406123876571655,3.5565439938580385,6.0,0.03919613646985512,0.0,0.009129147842343045,0.3193332294749961,0.16853092381990964,0.13893129770992366,0.10637170898893909,0.14591057797164667,0.07882847795606793,0.027262813522355506,0.005577192709144726,0.00012463000467362518,0.0,0.0,0.0,0.0,0.0,p7051.bmp,SC480
0.41703125,0.10113026102160609,0.0,0.2818632423877716,0.25,0.44841268658638,0.4801587164402008,0.5436508059501648,0.6269841194152832,0.11423347145318985,0.5582219958305359,0.11754577606916428,0.238212451338768,0.0436507947742939,0.5450154138794122,0.5465646514301734,0.06476615049196863,0.14581936541749838,0.07101693004369736,0.17288115620613098,3.5524155543446305,6.0,0.03865367803172224,0.0,0.005307855626326964,0.2985200449606594,0.18680529536655427,0.13837891844635944,0.10874859497939303,0.14449856375671288,0.08277132509054577,0.02897464718371425,0.0057449731484950665,0.00024978144123891593,0.0,0.0,0.0,0.0,0.0,p7052.bmp,SC480
0.42138020833333334,0.04440393053581361,0.0,0.35842299461364746,0.3095238208770752,0.5952380895614624,0.6388888955116272,0.7341269850730896,0.8492063283920288,0.16213658452033997,0.5968873500823975,0.15103235840797424,0.31477218866348267,0.0436507947742939,0.5419442309421438,0.5600129214476335,0.07321795715538452,0.1580267350938864,0.0984286293387413,0.2367487996816635,4.008833239070708,4.0,0.023700636549038995,0.0,3.0900438786230764e-05,0.09928310982015945,0.29302886100982634,0.11167418577343799,0.08695383474445337,0.08970397379642792,0.0653853284716643,0.09603856374760522,0.09480254619615598,0.03791483839070515,0.018354860639021073,0.005871083369383846,0.0009579136023731537,0.0,0.0,p8053.bmp,SC560
0.41768229166666665,0.04913024502774487,0.0,0.36566513776779175,0.3174603283405304,0.60317462682724,0.64682537317276,0.738095223903656,0.8571428656578064,0.16195450723171234,0.593848466873169,0.15273185074329376,0.31804609298706055,0.0476190485060215,0.5291505555811324,0.5597779070953454,0.06650678963375418,0.15734677966995997,0.09769265353679657,0.23416060209274292,4.013766577768536,4.0,0.025656212980859155,0.0,0.0,0.069237483633643,0.30051748862148514,0.12207743624914272,0.09043581270652784,0.08962528835962341,0.06474842571232621,0.09233742752041899,0.10009975684269592,0.04295779038593429,0.020231934659268033,0.006453020761892886,0.001278134547041586,0.0,0.0,p8054.bmp,SC560
0.42259114583333335,0.04575566168541057,0.0,0.35806381702423096,0.3095238208770752,0.5952380895614624,0.6428571343421936,0.7341269850730896,0.8452380895614624,0.1626002937555313,0.5989163517951965,0.1513146013021469,0.31441301107406616,0.0436507947742939,0.5304881475660495,0.5614868837134096,0.06863063463786097,0.15764419225521753,0.09864155948162079,0.2341606169939041,4.0159213387417445,4.0,0.024310583885379756,0.0,9.24356801725466e-05,0.10281928824526267,0.2893544908334617,0.11237097519642582,0.09067940224926822,0.08559543983977816,0.06495147126790941,0.09505469111076875,0.09486981975042366,0.038977045139423815,0.018610383608072715,0.005669388383916191,0.0009551686951163149,0.0,0.0,p8055.bmp,SC560
0.421640625,0.04913223395713668,0.0,0.3634369373321533,0.3134920597076416,0.60317462682724,0.64682537317276,0.7420634627342224,0.8571428656578064,0.16295140981674194,0.5954464673995972,0.15323977172374725,0.3158178925514221,0.0476190485060215,0.5376822298460093,0.5603619673754872,0.07115839761831946,0.15707793087173444,0.09893477708101273,0.23603615164756775,4.02500911551788,4.0,0.025507998270644185,0.0,0.0,0.08266938422580446,0.29507133592736706,0.11858439874004076,0.08470755357914891,0.09443518003829288,0.0629670804768081,0.09458958680748564,0.09588660366870484,0.042400098820332285,0.021462540917793836,0.005898338583163486,0.0013278982150577482,0.0,0.0,p8056.bmp,SC560
0.4199088541666667,0.04880771496790598,0.0,0.3627622127532959,0.3134920597076416,0.60317462682724,0.64682537317276,0.738095223903656,0.85317462682724,0.16330814361572266,0.5863314270973206,0.1523270606994629,0.3151431679725647,0.0476190485060215,0.5711246999758013,0.5654839984963648,0.09667924806141001,0.1564500916150647,0.09906908124685287,0.235769122838974,4.020845851029354,5.0,0.025954293156376942,0.0,3.1008713448479025e-05,0.0889950075971348,0.2938695773512357,0.11445316133833608,0.08446773543365686,0.09411144531613383,0.06180036590281869,0.09442153245061863,0.09848367391236938,0.041303606313374056,0.021085925144965736,0.005829638128314056,0.0011473223975937239,0.0,0.0,p8057.bmp,SC560
0.42161458333333335,0.04907350216182829,0.0,0.36271998286247253,0.3134920597076416,0.60317462682724,0.64682537317276,0.738095223903656,0.8492063283920288,0.16356833279132843,0.5917420387268066,0.15292803943157196,0.31510093808174133,0.0476190485060215,0.5505706685959988,0.5606872202640591,0.07899576713739015,0.15708020757050417,0.10041066259145737,0.24157510697841644,4.027990851657683,4.0,0.025849289684990735,0.0,0.0001852995676343422,0.08820259419394688,0.29283508338480546,0.11485484867201977,0.08696726374305126,0.09289684990735021,0.062816553428042,0.0926189005558987,0.0971278567016677,0.043329215565163684,0.020691785052501546,0.006207535515750463,0.0012662137121680049,0.0,0.0,p8058.bmp,SC560
0.41954427083333334,0.04826045125849601,0.0,0.3635173439979553,0.3134920597076416,0.60317462682724,0.64682537317276,0.738095223903656,0.8452380895614624,0.16290593147277832,0.5871573686599731,0.1525116264820099,0.3158982992172241,0.0476190485060215,0.537469844827951,0.5607358707274273,0.07136410347261067,0.1572460464840872,0.098946213722229,0.2382274717092514,4.020569319240341,4.0,0.024983706278514012,0.0,0.0,0.08193414232953664,0.29682505198473047,0.11613543962012352,0.0871481332050526,0.09267248068030166,0.06194717730672543,0.0934794078396077,0.09900375531485676,0.04295335340306011,0.02039042860246423,0.0064864529344216505,0.001024176779119208,0.0,0.0,p8059.bmp,SC560
0.4216015625,0.04879705982272461,0.0,0.3647273778915405,0.3174603283405304,0.60317462682724,0.64682537317276,0.7341269850730896,0.841269850730896,0.16292019188404083,0.5789076089859009,0.1537696272134781,0.3171083331108093,0.0476190485060215,0.538322845186846,0.5616174614776336,0.07256274541500361,0.1571843589377371,0.09961305558681488,0.23817463219165802,4.020691774341341,4.0,0.02415145619074091,0.0,0.0001235368603106952,0.0799283486210198,0.2964884647456685,0.11794681738163625,0.0815652120201365,0.0967911300534297,0.06284937768306618,0.09055251860773958,0.10068254115321659,0.04539979616418049,0.021032150467895857,0.005713579789369653,0.000926526452330214,0.0,0.0,p8060.bmp,SC560
0.41921875,0.05283265001863586,0.0,0.37074506282806396,0.3214285671710968,0.6111111044883728,0.6507936716079712,0.738095223903656,0.841269850730896,0.16277089715003967,0.5679128766059875,0.15542328357696533,0.31518951058387756,0.0555555559694767,0.5281891305608631,0.5585507631361596,0.06498322049270915,0.15536981680583967,0.09890007972717285,0.23796269297599792,4.020218472034195,7.0,0.024847807181016274,0.0,0.0,0.06010063361908312,0.29941607653124613,0.12684805565908808,0.07923344514846564,0.09951546775997018,0.06193315939868307,0.08864455211827556,0.10464032799105479,0.050782705926202015,0.02090321779102994,0.006957386010684557,0.0010249720462169214,0.0,0.0,p8061.bmp,SC560
0.4204557291666667,0.04976618872131554,0.0,0.3677608370780945,0.3174603283405304,0.6071428656578064,0.64682537317276,0.7341269850730896,0.841269850730896,0.16294759511947632,0.5686278939247131,0.15462714433670044,0.3161735236644745,0.0515873022377491,0.5263038951218435,0.5596379983629293,0.06518117632658754,0.15560056338114328,0.09903807938098907,0.23816141486167908,4.020315647020865,5.0,0.024000495494100525,0.0,9.290514384813106e-05,0.07079371961227586,0.2996810256727881,0.12009538261435075,0.07968164504041374,0.09798395837849555,0.06286581400390201,0.08931281161933666,0.10362020377194885,0.047598402031525815,0.021275277941222012,0.006069802731411229,0.0009290514384813106,0.0,0.0,p8062.bmp,SC560
0.4199609375,0.0537624407031904,0.0,0.3707820773124695,0.3214285671710968,0.6111111044883728,0.6547619104385376,0.7420634627342224,0.8492063283920288,0.1637137532234192,0.5747960805892944,0.1557139903306961,0.3191947638988495,0.0515873022377491,0.5058935470353089,0.5550656052752421,0.05538009372496732,0.15595174675157367,0.09930603951215744,0.23875567317008972,4.024923266453843,7.0,0.025827054847611074,0.0,0.0,0.06055250674355874,0.3020494217592162,0.12346138343719965,0.07887638359222397,0.09995969367190649,0.06222676960282764,0.08721669302080427,0.10402133134902179,0.05106501720770161,0.021610392831674572,0.007720212073295507,0.0012401947105695594,0.0,0.0,p8063.bmp,SC560
0.4199609375,0.049576783555018135,0.0,0.36432281136512756,0.3134920597076416,0.60317462682724,0.64682537317276,0.7420634627342224,0.85317462682724,0.16384713351726532,0.5871614813804626,0.1530013531446457,0.31670376658439636,0.0476190485060215,0.5378815666013231,0.5583812980191599,0.06959446132108824,0.15724016467746055,0.10044477880001068,0.24209605157375336,4.01988775297605,5.0,0.024958918550212383,0.0,0.00015502433882119492,0.08241093851734722,0.29897993985055654,0.11322977707500077,0.08520137661612873,0.09254953027625337,0.06256782314823427,0.09264254487954608,0.09862648435804422,0.04498806312591077,0.019781105633584473,0.007627197470002791,0.0012401947105695594,0.0,0.0,p8064.bmp,SC560
0.4181901041666667,0.05131238907743563,0.0,0.3672606348991394,0.3214285671710968,0.6071428656578064,0.6507936716079712,0.7460317611694336,0.85317462682724,0.16364248096942902,0.5912293791770935,0.15358476340770721,0.3196415901184082,0.0476190485060215,0.5169940462378629,0.5585822669781948,0.06099737381100203,0.15716919375701502,0.09955389052629471,0.23822741210460663,4.028468254530496,4.0,0.02562505838029704,0.0,0.0,0.07158202820935954,0.29728804060155056,0.12021670766260859,0.0881776006476321,0.09244325435127813,0.06311299311890899,0.08833328143973597,0.10262477815487125,0.04601924214590404,0.021048043092443253,0.007815175763614285,0.001338854812093284,0.0,0.0,p8065.bmp,SC560
0.4195833333333333,0.052290218470705065,0.0,0.36750325560569763,0.3174603283405304,0.6071428656578064,0.6507936716079712,0.7460317611694336,0.8611111044883728,0.1636684089899063,0.6010727882385254,0.15419824421405792,0.31988421082496643,0.0476190485060215,0.5320569783924765,0.5580597971364065,0.06632186598080893,0.15699009081904042,0.0999688133597374,0.2429208606481552,4.029065424420967,4.0,0.02631578947368421,0.0,0.0,0.06817899702085402,0.3023212512413108,0.11950719960278054,0.08838133068520357,0.09300521350546177,0.06119662363455809,0.08844339622641509,0.10225297914597815,0.0467974180734856,0.020202333664349554,0.008378848063555114,0.0013344091360476663,0.0,0.0,p8066.bmp,SC560
0.41940104166666664,0.054082583048742625,0.0,0.36986419558525085,0.3214285671710968,0.6111111044883728,0.6547619104385376,0.75,0.8650793433189392,0.16380387544631958,0.6017807722091675,0.15512143075466156,0.31827688217163086,0.0515873022377491,0.5340718487454024,0.557823624954038,0.06711529244333833,0.1563777353687651,0.09953334927558899,0.2382274866104126,4.029018205369855,6.0,0.026979199006519714,0.0,9.313877677739832e-05,0.060509158646383114,0.3050915864638311,0.12055262340887923,0.08696057125116423,0.09382179447376592,0.06324122943185347,0.08646383110835144,0.10341508848183793,0.04787333126358274,0.02160819621235641,0.008723998758149642,0.0016454517230673703,0.0,0.0,p8067.bmp,SC560
0.41877604166666665,0.05509607611466948,0.0,0.37030428647994995,0.3214285671710968,0.6111111044883728,0.6547619104385376,0.75,0.8650793433189392,0.16368423402309418,0.6087192296981812,0.1550745666027069,0.31871697306632996,0.0515873022377491,0.5346144920055445,0.5571606065717302,0.06682438178127817,0.15653641620704709,0.09974713623523712,0.23822751641273499,4.0281220347618785,6.0,0.027392575088613893,0.0,0.0,0.05916920589515577,0.302997326036938,0.12387289347677383,0.08883154032709409,0.09321559604502208,0.06209190970710777,0.08615757726509546,0.1039114482930166,0.04760276102232448,0.021702630433430757,0.00886138921708849,0.001585722280952677,0.0,0.0,p8068.bmp,SC560
0.42130208333333335,0.05343676597848931,0.0,0.3675830364227295,0.3174603283405304,0.6071428656578064,0.6547619104385376,0.7539682388305664,0.8690476417541504,0.16407884657382965,0.6127852201461792,0.15486349165439606,0.3159957230091095,0.0515873022377491,0.5481384805271758,0.557143894197255,0.07471772180341393,0.1571009766690894,0.09965071827173233,0.23809528350830078,4.033577446342345,5.0,0.026702929904809,0.0,9.271850661392014e-05,0.07077512671529237,0.30099517863765607,0.11824700210161948,0.08811348745209543,0.09339844232908888,0.06202868092471257,0.08740264556805538,0.10063048584497465,0.045988379280504386,0.021201631845716405,0.009364569168005933,0.0017616516256644826,0.0,0.0,p8069.bmp,SC560
0.4208072916666667,0.05671761866452132,0.0,0.37195858359336853,0.3214285671710968,0.6111111044883728,0.658730149269104,0.7539682388305664,0.8730158805847168,0.164503276348114,0.6044348478317261,0.15652288496494293,0.31640303134918213,0.0555555559694767,0.5573885971668343,0.5578358871410192,0.08147662809766915,0.15586972920382872,0.09937766194343567,0.23496627807617188,4.037463399163733,6.0,0.028188625533758276,0.0,0.00018565505291169007,0.056903273717433006,0.30020422055820284,0.1294325143882666,0.08125502815768303,0.09749984528745591,0.062070672690141715,0.08441116405718176,0.1051117024568352,0.04833219877467665,0.02271180147286342,0.009901602821956804,0.0019803205643913607,0.0,0.0,p8070.bmp,SC560
0.4183072916666667,0.05525119840627529,0.0,0.3703864812850952,0.3214285671710968,0.6111111044883728,0.658730149269104,0.7460317611694336,0.8611111044883728,0.16453160345554352,0.5904111862182617,0.15493535995483398,0.322767436504364,0.0476190485060215,0.5402492117253818,0.5551781376194321,0.06829806670516816,0.15494944587067974,0.09569071978330612,0.2302955836057663,4.037925325206384,4.0,0.02729876112805827,0.0,0.0,0.06527423270870945,0.29645769781485404,0.12818278030255867,0.07897030442632136,0.0969619622735479,0.06219261657224678,0.08581834028512732,0.10393450787524124,0.04964825997634315,0.02306542986988732,0.00790636867334869,0.001587499221814107,0.0,0.0,p8071.bmp,SC560
0.41821614583333333,0.05367539462623369,0.0,0.36606836318969727,0.3174603283405304,0.6071428656578064,0.6547619104385376,0.7420634627342224,0.8571428656578064,0.16543762385845184,0.5906568169593811,0.15309570729732513,0.32241755723953247,0.0436507947742939,0.5545324074148679,0.5572027547435411,0.07903125083605123,0.15623465206585607,0.09681493043899536,0.23091022670269012,4.040210186578997,4.0,0.026464086677667423,0.0,0.0,0.08537003020019303,0.29073134281889224,0.11799869236277592,0.08362651390142906,0.0911298608300383,0.06326473426943553,0.08667766742426601,0.1028985958466951,0.04682586630966095,0.023194993617484977,0.006880662536193531,0.0014010398829353342,0.0,0.0,p8072.bmp,SC560
0.41768229166666665,0.055926179936405016,0.0,0.3697408437728882,0.3194444477558136,0.6150793433189392,0.658730149269104,0.7420634627342224,0.8571428656578064,0.16555234789848328,0.5880220532417297,0.1544342041015625,0.322121798992157,0.0476190485060215,0.5706975387532444,0.5563330897775953,0.09039667576662928,0.1544847864258505,0.09521227329969406,0.23179492354393005,4.046546009204429,4.0,0.027651349834777728,0.0,0.0,0.07254192904794564,0.2924122451524409,0.12457135731654093,0.08370222582455265,0.09158925120019952,0.06200511253818817,0.08416983602468982,0.10402768252384811,0.05187355820188291,0.024409252447160048,0.007201197082112351,0.00149635264043893,0.0,0.0,p8073.bmp,SC560
0.42,0.05688864087301587,0.0,0.37355756759643555,0.3214285671710968,0.6150793433189392,0.658730149269104,0.75,0.829365074634552,0.16415715217590332,0.5859212279319763,0.15689417719841003,0.32593852281570435,0.0476190485060215,0.528822701917684,0.5520252732663788,0.05947585396004885,0.15578844337523606,0.09651103615760803,0.2342614382505417,4.031069158992537,5.0,0.021825396825396824,0.0,0.0,0.055493551587301584,0.29033358134920634,0.13755580357142858,0.08373635912698413,0.09523809523809523,0.06017485119047619,0.08404637896825397,0.10757688492063493,0.052300347222222224,0.023158482142857144,0.009672619047619048,0.0007130456349206349,0.0,0.0,p8074.bmp,SC560
0.426875,0.05679599804782821,0.0,0.37389838695526123,0.329365074634552,0.6150793433189392,0.658730149269104,0.761904776096344,0.8809523582458496,0.16578663885593414,0.5722396969795227,0.1596078723669052,0.32627934217453003,0.0476190485060215,0.5749742349504267,0.5749043578460964,0.10598018083933354,0.14567091536957202,0.09159031510353088,0.2227884829044342,4.0514201882984535,4.0,0.035505124450951685,0.0,0.0,0.0615544167886774,0.29059907271839924,0.12747071742313323,0.07625671059053196,0.10251952171791118,0.063933626159102,0.08479746217667154,0.1090165934602245,0.05115300146412884,0.020406295754026353,0.008998291849682772,0.002989263055148853,0.0003050268423621279,0.0,p8075.bmp,SC560
0.4255078125,0.057406897395881146,0.0,0.37613239884376526,0.3333333432674408,0.6150793433189392,0.658730149269104,0.7460317611694336,0.8650793433189392,0.16385115683078766,0.5603584051132202,0.1600472778081894,0.32851335406303406,0.0476190485060215,0.49885770404542396,0.5654049664831344,0.06541494080642264,0.15791093303581116,0.09343390166759491,0.2244783341884613,4.026030730206213,4.0,0.029346063221028795,0.0,0.0,0.042534961290125156,0.30037638850638027,0.1315829737752073,0.08139783959117476,0.09871783102298112,0.06459805991615411,0.08562073502861164,0.11175372563419933,0.05021573487560819,0.023287126289054133,0.008047981884390588,0.001866642186113406,0.0,0.0,p8076.bmp,SC560
0.429296875,0.06011525629360024,0.0,0.3787376582622528,0.3333333432674408,0.6190476417541504,0.6626983880996704,0.7539682388305664,0.8650793433189392,0.16410253942012787,0.5574163198471069,0.162590891122818,0.3271503448486328,0.0515873022377491,0.5052963814502925,0.5673860146845205,0.0675938357509723,0.15741756857262262,0.09883441776037216,0.23816131055355072,4.034724890665389,8.0,0.02960266909311495,0.0,0.0,0.03748862602365787,0.2967242948134668,0.13588110403397027,0.08019411586290567,0.10282074613284804,0.06326963906581741,0.08589626933575978,0.10873521383075523,0.054140127388535034,0.02332423415225963,0.009978768577494692,0.0015468607825295723,0.0,0.0,p8077.bmp,SC560
0.428046875,0.06153799355113464,0.0,0.3804853856563568,0.3373015820980072,0.6190476417541504,0.6626983880996704,0.7579365372657776,0.8730158805847168,0.1648232340812683,0.5554492473602295,0.16286557912826538,0.3288980722427368,0.0515873022377491,0.5263276240370884,0.5692421258205342,0.07407844339337168,0.15725606133531495,0.10069668292999268,0.24235603213310242,4.055104888060283,8.0,0.03057127212995072,0.0,9.125752874612155e-05,0.03872361136460425,0.28901259353896697,0.1389243779278457,0.08036746364908438,0.10184340208067165,0.06500577964348725,0.08493034008639046,0.10972196872908682,0.05435906795643974,0.023605280768996775,0.011528867798260022,0.0018859889274198455,0.0,0.0,p8078.bmp,SC560
0.4235026041666667,0.05792467332820907,0.0,0.3743623197078705,0.3333333432674408,0.6150793433189392,0.658730149269104,0.7539682388305664,0.829365074634552,0.16537567973136902,0.5560302138328552,0.1585434228181839,0.3267432749271393,0.0476190485060215,0.533616873625232,0.5597655460982751,0.06857123808682375,0.15802764496385854,0.10117801278829575,0.2461596429347992,4.051880499483974,7.0,0.022198308993082245,0.0,0.0,0.062382782475019216,0.2837817063797079,0.12937740199846273,0.08147578785549578,0.10155265180630284,0.060876249039200615,0.08670253651037663,0.10779400461183705,0.05149884704073789,0.023489623366641045,0.010299769408147579,0.0007686395080707148,0.0,0.0,p8079.bmp,SC560
0.4256510416666667,0.054970939125114714,0.0,0.3704287111759186,0.3253968358039856,0.6111111044883728,0.6547619104385376,0.7579365372657776,0.8809523582458496,0.16528011858463287,0.5850718021392822,0.15767335891723633,0.3267779052257538,0.0436507947742939,0.5527653389726289,0.5771803497918582,0.09349324783581975,0.1515500189279855,0.09809534251689911,0.238095223903656,4.053620115440079,5.0,0.03270113184460079,0.0,0.00033649434077699604,0.06775772407464056,0.2910676047721016,0.12220862649128174,0.08562251453043744,0.09724686448455185,0.06362802080146834,0.08914040991128785,0.10364025695931478,0.046527990211073726,0.020801468338941573,0.009391251147139798,0.002294279596206791,0.00033649434077699604,0.0,p8080.bmp,SC560
0.427578125,0.054753639076679454,0.0,0.3700284957885742,0.3253968358039856,0.6071428656578064,0.6547619104385376,0.7524999976158142,0.8571428656578064,0.16499270498752594,0.5693010687828064,0.15821608901023865,0.3263776898384094,0.0436507947742939,0.5297127059013121,0.5678611343293054,0.07408089122329659,0.16222807639167042,0.10039285570383072,0.24464525282382965,4.041395697932575,5.0,0.02631098118033985,0.0,0.0,0.0702844265789634,0.2937450514647664,0.11651135879164383,0.08968268469456118,0.09528594920518911,0.061970887386564345,0.08953042207198977,0.1042085388878738,0.0455874291978805,0.022382605517997443,0.00940983007491321,0.0014008161276569827,0.0,0.0,p8081.bmp,SC560
0.41901041666666666,0.05503418272218769,0.0,0.37513384222984314,0.3392857313156128,0.6111111044883728,0.658730149269104,0.75,0.85317462682724,0.16382792592048645,0.5397115349769592,0.15718498826026917,0.33148303627967834,0.0436507947742939,0.5240621878144405,0.5597507543831475,0.06441383028335317,0.16205760017305973,0.09973419457674026,0.24157504737377167,4.028384502663862,5.0,0.026693598508390304,0.0,0.0,0.0473586078309509,0.29990677439403357,0.11718458669981355,0.09319453076444997,0.09844623990055935,0.06432566811684276,0.09164077066500932,0.10770665009322561,0.046550652579241764,0.022933499067743942,0.009477936606587942,0.00127408328154133,0.0,0.0,p8082.bmp,SC560
0.42130208333333335,0.06236864878229695,0.0,0.3817089796066284,0.3452380895614624,0.6190476417541504,0.6666666865348816,0.761904776096344,0.8690476417541504,0.1644885390996933,0.5433686375617981,0.1608147919178009,0.3340899348258972,0.0476190485060215,0.5238171882489061,0.5592626749453953,0.06386957881313617,0.16163581507656788,0.10150476545095444,0.24615976214408875,4.04962889195852,8.0,0.029669922116454445,0.0,0.0,0.03303869452342688,0.29218692050933365,0.1316911855606379,0.08845345530967981,0.10257757448386698,0.0626158981332674,0.08993695141550254,0.10950055631103968,0.052725924094449254,0.02404499938187662,0.01146618865125479,0.0017616516256644826,0.0,0.0,p8083.bmp,SC560
0.4276302083333333,0.061110772790938434,0.0,0.3784099221229553,0.3373015820980072,0.6150793433189392,0.6626983880996704,0.7579365372657776,0.8690476417541504,0.16516602039337158,0.557407557964325,0.16181950271129608,0.3307908773422241,0.0476190485060215,0.5112297367573881,0.5563853296524525,0.057492715953031556,0.16094727489299113,0.10078927874565125,0.2444327473640442,4.050180735273968,8.0,0.02846964253090555,0.0,0.0,0.04284148346629316,0.2939224164180013,0.1285244503988795,0.08534802996163449,0.1027038548200475,0.06293770172340296,0.0874489982339687,0.1074234212289142,0.05127580537117106,0.024328603617319287,0.011540101090067596,0.0017051336703002252,0.0,0.0,p8084.bmp,SC560
0.41825520833333335,0.15771122595106157,0.0,0.41781085729599,0.3611111044883728,0.6904761791229248,0.7420634627342224,0.841269850730896,0.9603174328804016,0.1846066564321518,0.5984107255935669,0.17475156486034393,0.3741600513458252,0.0436507947742939,0.505537760527111,0.538233648356989,0.038632611332157084,0.13925655891446917,0.11659666150808334,0.29036131501197815,4.241510792620621,2.0,0.10553514725110516,0.00028018180686134115,0.0006848888612166116,0.019239150737812093,0.18137102297490817,0.22632463732021668,0.0827158956478426,0.08557997634020298,0.08228005728161385,0.05416848265985929,0.07219351223460557,0.09146379428429113,0.05634767449100305,0.026305958533092585,0.017682585144137973,0.002770686756739929,0.0005914949255961646,p9085.bmp,SC600
0.42173177083333335,0.15267529099385593,0.0,0.4142920970916748,0.3611111044883728,0.6865079402923584,0.738095223903656,0.8452380895614624,0.9682539701461792,0.18456682562828064,0.6139646172523499,0.1747201383113861,0.37064129114151,0.0436507947742939,0.5085657043800016,0.5474296589833517,0.04819692773198946,0.13994514510963357,0.11770540475845337,0.2920374870300293,4.239568685042266,2.0,0.1022260644045818,0.0,0.0006483682731791658,0.024390996943406712,0.19015715211954676,0.21939547377195961,0.0795640495229862,0.08725184476211059,0.08228102133440365,0.054061564111272345,0.071907128963537,0.09197567075241594,0.052888326283614805,0.02534811201333786,0.014974219642471209,0.004476828552903764,0.0006792429528543641,p9086.bmp,SC600
0.4192708333333333,0.1496894409937888,0.0,0.4136650860309601,0.3611111044883728,0.6865079402923584,0.738095223903656,0.8492063283920288,0.9722222089767456,0.1847865730524063,0.6153320670127869,0.17343769967556,0.3739825487136841,0.0396825410425663,0.4998835130294107,0.5477231638712468,0.04772330603694791,0.14035383896873047,0.11886356770992279,0.29536184668540955,4.246405232218124,2.0,0.09996894409937888,0.0,0.0002795031055900621,0.0265527950310559,0.19487577639751552,0.2115527950310559,0.0782608695652174,0.09142857142857143,0.08090062111801243,0.05515527950310559,0.0734472049689441,0.09015527950310559,0.05142857142857143,0.025372670807453417,0.014627329192546584,0.005186335403726708,0.0007763975155279503,p9087.bmp,SC600
0.42223958333333333,0.15085728382878993,0.0,0.41449496150016785,0.3611111044883728,0.6865079402923584,0.7420634627342224,0.85317462682724,0.976190447807312,0.18533483147621155,0.6285949349403381,0.17501617968082428,0.37481242418289185,0.0396825410425663,0.49960505639874075,0.54594134216684,0.045943039739865334,0.1401853213387756,0.11989220231771469,0.2938384413719177,4.252570422886638,3.0,0.10028370543974344,0.0,0.0005550758603675835,0.026181078080671025,0.1887874676205748,0.216541260638954,0.08159615147403479,0.0914641667694585,0.07912914765017885,0.05365733316886641,0.07246823732576785,0.08998396447514494,0.052763044282718635,0.025286789194523252,0.015387936351301345,0.005242383125693845,0.0009559639817441717,p9088.bmp,SC600
0.4214322916666667,0.15346351109188655,0.0,0.41465336084365845,0.3611111044883728,0.6904761791229248,0.738095223903656,0.85317462682724,0.9722222089767456,0.18534411489963531,0.6203568577766418,0.17474831640720367,0.37100255489349365,0.0436507947742939,0.5284786960369996,0.5494942646663435,0.05710270013606957,0.13995734468979437,0.12010139971971512,0.29785698652267456,4.254267722739425,2.0,0.10297843415930297,0.0,0.0005870357782858555,0.026972749181239573,0.18979793610579002,0.21636902922820245,0.079744175987147,0.08854971266143484,0.08122721374281654,0.054903293579682384,0.07078415621331026,0.09099054563430761,0.05366742878329111,0.025088055366742877,0.015015757276153988,0.005437805104121609,0.0008651053574738923,p9089.bmp,SC600
0.41889322916666666,0.15731559479033913,0.0,0.41842585802078247,0.3650793731212616,0.6904761791229248,0.7420634627342224,0.85317462682724,0.9682539701461792,0.18473009765148163,0.6124586462974548,0.1752757579088211,0.3747750520706177,0.0436507947742939,0.5246780937902692,0.5487994546044441,0.05468450496084358,0.13956706093895094,0.12023912370204926,0.29785704612731934,4.243256119193656,2.0,0.10521898604333095,0.0,0.00027975505890398187,0.020422119299990674,0.18355040253644586,0.2233999564825464,0.08050728917347923,0.08588480308352242,0.0859158869789562,0.05352646793696186,0.07236330856982998,0.09169749152963849,0.055018494917783094,0.025861801000901432,0.015231108762550122,0.005564017282645861,0.000777097385844394,p9090.bmp,SC600
0.41912760416666667,0.1566994936158315,0.0,0.4173688590526581,0.3650793731212616,0.6904761791229248,0.7420634627342224,0.85317462682724,0.9682539701461792,0.18473303318023682,0.6119757294654846,0.17493081092834473,0.3737180531024933,0.0436507947742939,0.5179576908779178,0.5485646415379598,0.051778403503559105,0.13912624406114882,0.12025294452905655,0.30080312490463257,4.2460033461902045,2.0,0.10512908136319861,0.0,0.0006213302681040107,0.020752430954673957,0.1858709497033148,0.21957811674795738,0.08285439125166982,0.08673770542731989,0.08366212060020504,0.05371400167759172,0.07285097393519525,0.09124234987107396,0.055671192022119356,0.025288141911833234,0.01506725900152226,0.005374506819099693,0.0007145298083196123,p9091.bmp,SC600
0.422734375,0.1549621142117908,0.0,0.41461578011512756,0.3611111044883728,0.6904761791229248,0.7420634627342224,0.8492063283920288,0.9722222089767456,0.18589240312576294,0.6167654991149902,0.17527234554290771,0.37096497416496277,0.0436507947742939,0.5111452561440862,0.5471302031892203,0.048430081428534555,0.13945800409495135,0.12036707252264023,0.2987280488014221,4.257414239631312,2.0,0.10401650957925214,9.240436148586214e-05,0.00046202180742931065,0.025965625577527258,0.19645167251894288,0.20874145259656257,0.08220908026858868,0.08929341464917144,0.08026858867738557,0.05307090494671349,0.07099735107497074,0.09141871496334628,0.054364566007515554,0.02501078050884002,0.016170763260025874,0.004681820981950348,0.0008008377995441385,p9092.bmp,SC600
0.4218359375,0.1564959718492453,0.0,0.4160086512565613,0.3611111044883728,0.6904761791229248,0.7460317611694336,0.85317462682724,0.9801587462425232,0.18605710566043854,0.6194559931755066,0.17548739910125732,0.3723578453063965,0.0436507947742939,0.5291640696724694,0.5490123731924339,0.05703293509731955,0.1395040498381536,0.12120506912469864,0.3015873432159424,4.2611696247353015,2.0,0.10482452078896194,0.0,0.0004630058338735068,0.024786245640028397,0.19332036916998488,0.21116152730191068,0.08093341976108899,0.08985399882705189,0.08161249498410347,0.05296786739512918,0.07170417013921042,0.09056394110565794,0.05469642250825694,0.025588789085409142,0.01574219835169923,0.005741272340031484,0.0008642775565638794,p9093.bmp,SC600
0.4215234375,0.15330676798566706,0.0,0.4152408540248871,0.3611111044883728,0.6865079402923584,0.7420634627342224,0.8492063283920288,0.9722222089767456,0.1850706785917282,0.6225420236587524,0.17503374814987183,0.3755583167076111,0.0396825410425663,0.5023329505046411,0.5458078216817585,0.04586719072806711,0.1399049650263352,0.1198374480009079,0.29891255497932434,4.251065859914978,3.0,0.10233836839341426,0.0,0.0003088993914681988,0.02622555833565008,0.18586476384641523,0.21826831001142927,0.08192011861736632,0.09007506255212677,0.08124053995613628,0.05214221727983196,0.07324004571710993,0.09115621042226547,0.05201865752324468,0.025206190343805022,0.017360145800512775,0.0037685725759120255,0.0012047076267259753,p9094.bmp,SC600
0.41766927083333333,0.15821304984880133,0.0,0.41944122314453125,0.369047611951828,0.6920634508132935,0.7460317611694336,0.8492063283920288,0.9722222089767456,0.18475951254367828,0.6083574295043945,0.17518770694732666,0.37975868582725525,0.0396825410425663,0.48689990919558224,0.5455533761806239,0.04739960401245381,0.13922374291654688,0.12011110037565231,0.29707345366477966,4.244901997224558,2.0,0.1061819995635502,0.0,0.0003117498519188203,0.019733765626461328,0.17779094054930325,0.22520809302615583,0.08199021105464975,0.08813168313745051,0.08479595972191913,0.054057424322723445,0.07307416528977148,0.09093743180471989,0.05577204850827696,0.02609346260560526,0.01655391713688936,0.004738597749166069,0.0008105496149889329,p9095.bmp,SC600
0.4206640625,0.15470331507103724,0.0,0.41672977805137634,0.3611111044883728,0.6904761791229248,0.7420634627342224,0.8492063283920288,0.9642857313156128,0.1851174682378769,0.6039760708808899,0.17530323565006256,0.37704724073410034,0.0396825410425663,0.49577450391606853,0.5471446052666482,0.04733358873890078,0.1389197401571769,0.11957916617393494,0.2976455092430115,4.246511888112441,2.0,0.1038784164422571,0.0,0.0005571547961742037,0.02268858142198285,0.18639923236450304,0.21936422447147677,0.08047791500294053,0.08558516730120408,0.08608041600891447,0.052496363017302754,0.07369919831615439,0.0908471848206271,0.054755935246231464,0.025876744977868574,0.016745596929458012,0.0036834122635961246,0.000742873061565605,p9096.bmp,SC600
0.4228385416666667,0.15754141774958427,0.0,0.4159586727619171,0.3611111044883728,0.6904761791229248,0.7460317611694336,0.8492063283920288,0.9642857313156128,0.18660005927085876,0.6025040149688721,0.17588335275650024,0.3723078668117523,0.0436507947742939,0.5143601890725895,0.5470775117500579,0.04921897137057377,0.13920213523859779,0.12060392647981644,0.29975426197052,4.264493602436971,2.0,0.10528422738190553,0.00018476319517152183,0.00040032025620496394,0.026821457165732587,0.193200714417688,0.20964463878795345,0.08126501200960769,0.08465233725441892,0.08514503910820964,0.05284227381905524,0.07141097493379318,0.09161175093921291,0.05518260762456119,0.02617478598263226,0.01693662622405617,0.003787645501016198,0.0007390527806860873,p9097.bmp,SC600
0.41921875,0.1535283886197043,0.0,0.41497403383255005,0.3650793731212616,0.6904761791229248,0.7420634627342224,0.8492063283920288,0.9722222089767456,0.18610979616641998,0.5957359671592712,0.17396488785743713,0.37529149651527405,0.0396825410425663,0.5051697669292403,0.5466576591798494,0.04694319599522017,0.13950879730518337,0.12096479535102844,0.3000953793525696,4.261941848503545,2.0,0.10255932413964468,0.0,0.00031059758976270343,0.028606038017144987,0.1989998757609641,0.20219903093551994,0.08035159647161139,0.08445148465647906,0.0850416200770282,0.05550378929059511,0.07308361287116412,0.09100509380047211,0.05357808423406634,0.02528264380668406,0.016896508883091067,0.0038203503540812523,0.0008696732513355696,p9098.bmp,SC600
0.42236979166666666,0.15142733830692398,0.0,0.4147278368473053,0.3611111044883728,0.6904761791229248,0.7460317611694336,0.85317462682724,0.976190447807312,0.18586747348308563,0.6237719655036926,0.17516851425170898,0.3750452995300293,0.0396825410425663,0.504431388778789,0.5406690161040391,0.04090973083973256,0.1398351761931481,0.12106607109308243,0.2988598048686981,4.2657649850157116,2.0,0.10111597509094272,9.248412355878907e-05,0.00046242061779394535,0.027683580985264196,0.1888525803070473,0.2134533571736852,0.08144768481410691,0.09149762624082866,0.08061532770207781,0.05320919908748998,0.07315494173500216,0.08896972686355509,0.05280843455206856,0.025463962019853258,0.015506504716690302,0.005672359578272396,0.001109809482705469,p9099.bmp,SC600
0.420390625,0.1509942389890355,0.0,0.41441312432289124,0.3650793731212616,0.6865079402923584,0.7420634627342224,0.8571428656578064,0.9801587462425232,0.1860172003507614,0.6191537976264954,0.1742153912782669,0.37473058700561523,0.0396825410425663,0.519808962010275,0.5412355702677341,0.04574677290508865,0.1400281240069739,0.12062130868434906,0.29653245210647583,4.267266796417875,2.0,0.10069379916991884,0.0,0.00040265130397076134,0.028619215759152574,0.19302484048813728,0.20928575853311032,0.0790435482871833,0.09192839001424766,0.08127361704763675,0.0542340333271387,0.07461438394350492,0.08827355510128229,0.05163228643994301,0.025367032150157964,0.015393669082574491,0.005822957318961779,0.0010840612029982036,p9100.bmp,SC600
0.42075520833333335,0.1496564956365662,0.0,0.4126390814781189,0.3611111044883728,0.6865079402923584,0.7420634627342224,0.85317462682724,0.976190447807312,0.18600483238697052,0.6111471652984619,0.1736200451850891,0.3729565441608429,0.0396825410425663,0.5238054356291203,0.5391369845812587,0.045808321597782545,0.140090805473718,0.11869734525680542,0.3014618456363678,4.264780046001885,2.0,0.09989478244723649,0.0,0.0006498731200099029,0.03181283654143715,0.19360029708485485,0.2069072228755338,0.08157454973076685,0.09011573930803986,0.0797487157269295,0.054496503063687564,0.0725072723896763,0.09088939778424213,0.05189701058364796,0.02481896391656867,0.01519465247261249,0.004765736213405954,0.0010212291885869902,p9101.bmp,SC600
0.42096354166666666,0.1517166718218373,0.0,0.413725882768631,0.3611111044883728,0.6865079402923584,0.7460317611694336,0.8611111044883728,0.988095223903656,0.18688331544399261,0.6213160753250122,0.17416352033615112,0.374043345451355,0.0396825410425663,0.5288594395727831,0.5388176047505663,0.048370173568288,0.14039522556770123,0.12183554470539093,0.30381399393081665,4.277117283652998,3.0,0.1010516548097742,0.0,0.0006495515001546552,0.031178472007423446,0.1955150015465512,0.20451592947726568,0.08131766161459944,0.08908134859263842,0.08196721311475409,0.05431487782245592,0.07151252706464584,0.09056603773584905,0.05112898236931642,0.025054129291679553,0.01580575317042994,0.006155273739560779,0.0012372409526755336,p9102.bmp,SC600
0.4204817708333333,0.16102560926516582,0.0,0.4195516109466553,0.369047611951828,0.6944444179534912,0.75,0.8650793433189392,0.9920634627342224,0.18708248436450958,0.622808039188385,0.17641380429267883,0.3759008049964905,0.0436507947742939,0.5169318260283485,0.5383234167770576,0.04189714794735226,0.13999937282543662,0.11964976787567139,0.3051687777042389,4.269143927953159,2.0,0.10661753321153192,0.0,0.000464496949803363,0.021335893227634472,0.18226860310283963,0.22069798408323785,0.08020313999938067,0.09063883813829622,0.08320688694144242,0.05354101508066764,0.06951971015390332,0.09066980460161644,0.0559254327563249,0.026693091382033258,0.01665995726628062,0.006843588393769548,0.0013315579227696406,p9103.bmp,SC600
0.42041666666666666,0.16241328047571854,0.00018582755203171457,0.4203703999519348,0.369047611951828,0.6944444179534912,0.7539682388305664,0.8690476417541504,0.9960317611694336,0.1875644475221634,0.6365877389907837,0.17673072218894958,0.37671959400177,0.0436507947742939,0.5271657324174187,0.5402906293214202,0.048593331115399804,0.14019821707427782,0.12132899463176727,0.3016917407512665,4.2713010362791985,2.0,0.10712958374628345,0.0,0.00040262636273538156,0.020100346878097124,0.1785802775024777,0.223953171456888,0.08213577799801784,0.09275891972249752,0.08009167492566897,0.0529918235877106,0.07024281466798811,0.08984762140733399,0.055593409316154606,0.027347621407333995,0.017312933597621406,0.006999504459861249,0.0016414767096134787,p9104.bmp,SC600
0.420234375,0.16170911569684576,0.00021689285492966474,0.4200013279914856,0.369047611951828,0.6984127163887024,0.7539682388305664,0.8690476417541504,1.0,0.1877349466085434,0.6419630646705627,0.17649899423122406,0.3763505220413208,0.0436507947742939,0.5149425063624672,0.5387462831278932,0.041527737147829674,0.14059523572670254,0.12213616818189621,0.3035130202770233,4.280025688688345,2.0,0.10702113156100886,0.0,0.0005267397905434715,0.021317469170229905,0.18048583999504245,0.22172646712524013,0.081148912437256,0.0947821776042635,0.07972361653343249,0.05258102497366301,0.06946768296461547,0.08895705521472393,0.055834417797607984,0.02689471401127843,0.017506351862180084,0.007436326454731363,0.0016112040651917953,p9105.bmp,SC600
0.42028645833333333,0.16354792738087862,0.00034078939215564783,0.42052513360977173,0.369047611951828,0.6984127163887024,0.7539682388305664,0.8730158805847168,1.0,0.18777254223823547,0.6466732025146484,0.17674101889133453,0.37687432765960693,0.0436507947742939,0.524404252495908,0.5383682763092034,0.045471883255737394,0.14097868339146463,0.1229601576924324,0.3070208728313446,4.274976600247496,2.0,0.16336204225788462,0.0,0.0006196170766466323,0.020633248652332858,0.17730342648243386,0.22451824772290724,0.08219220521717578,0.09343825515831217,0.08089100935621786,0.05232666212280811,0.06896338063077019,0.08888406964495942,0.056725943366999196,0.02624078319598488,0.01818576119957866,0.00746638577359192,0.0016110043992812442,p9106.bmp,SC600
0.421171875,0.16131824646014964,0.0002164100661596488,0.4183882474899292,0.3650793731212616,0.6944444179534912,0.7539682388305664,0.8690476417541504,0.9960317611694336,0.18812771141529083,0.6421945691108704,0.1762133687734604,0.3747374415397644,0.0436507947742939,0.5335560725306142,0.5392890755262161,0.05166857322768409,0.14043476968300206,0.12210293859243393,0.3015873432159424,4.281347802496008,1.0,0.16131824646014964,0.0,0.0006492301984789464,0.02371236010635009,0.1834229889321709,0.2189142397823533,0.08328695974772769,0.08872812712545601,0.08109194336239411,0.05425709515859766,0.06915847399987633,0.08903728436282693,0.055308229765658815,0.02590737649168367,0.017065479502875163,0.007883509552958634,0.001576701910591727,p9107.bmp,SC600
0.4200260416666667,0.16563333126666252,0.000279000558001116,0.42236724495887756,0.369047611951828,0.6984127163887024,0.7579365372657776,0.8730158805847168,1.0,0.18835406005382538,0.6411513686180115,0.1774052381515503,0.37871643900871277,0.0436507947742939,0.5355657032467399,0.5397653158903329,0.0533497853350239,0.13955757838145683,0.1217162162065506,0.3015872538089752,4.279438481222869,2.0,0.1090272180544361,0.0,0.000651001302002604,0.01891003782007564,0.17186434372868745,0.23011346022692045,0.08394816789633579,0.0897761795523591,0.08094116188232377,0.05366110732221464,0.06671213342426685,0.09129518259036518,0.05666811333622667,0.0271250542501085,0.018724037448074896,0.007626015252030504,0.001984003968007936,p9108.bmp,SC600
0.4198828125,0.1695661611932893,0.0004031382764288151,0.4231770634651184,0.3730158805847168,0.6984127163887024,0.7579365372657776,0.8809523582458496,1.0,0.18865081667900085,0.6452152132987976,0.17768476903438568,0.3795262575149536,0.0436507947742939,0.5408974051696264,0.5393291981952137,0.05673961209143913,0.14006537840077166,0.12299639731645584,0.2993335723876953,4.283668889480975,1.0,0.1695661611932893,0.0,0.0003721276397804447,0.019133562812044532,0.16699227835147457,0.2317734983099203,0.0843179210469191,0.09300089930846281,0.0793872298198282,0.054392656681241665,0.06732409216361213,0.08980680373368065,0.05792786925915589,0.027103296430675723,0.01745898843303253,0.009179148447917635,0.001829627562253853,p9109.bmp,SC600
0.4204557291666667,0.16753894273946301,0.0003406521941098139,0.42268362641334534,0.369047611951828,0.6984127163887024,0.7579365372657776,0.8730158805847168,1.0,0.18858078122138977,0.6446186304092407,0.17771975696086884,0.37506458163261414,0.0476190485060215,0.5325853012029248,0.5381536451588094,0.05017471966428582,0.1398837555521472,0.1231076717376709,0.30351296067237854,4.280804966672451,3.0,0.1106500263231241,0.0,0.0007742095320677589,0.01932426992041126,0.16735313245176675,0.23359450001548418,0.08330494565049085,0.09098510420860302,0.08178749496763804,0.05326561580626181,0.0660865256573039,0.0900560527701217,0.057384410516862286,0.027283143910067822,0.019200396395280418,0.007432411507850485,0.0021677866897897246,p9110.bmp,SC600
0.4188671875,0.17389412166993068,0.0002797724517392521,0.42590224742889404,0.3730158805847168,0.7023809552192688,0.761904776096344,0.8769841194152832,0.9960317611694336,0.18870308995246887,0.6369507908821106,0.17839647829532623,0.37828320264816284,0.0476190485060215,0.5668468074635257,0.5445562256493137,0.0803352532340456,0.13958223476919757,0.12168791145086288,0.3068155348300934,4.2789890701656725,1.0,0.17389412166993068,0.0,0.0007771456992757002,0.01619571637290559,0.15729428953340172,0.24023127856010446,0.0860144859958345,0.08918524044887935,0.08296807485467375,0.05446237060524107,0.06552892536292704,0.089900214492213,0.05949827473654761,0.028039416829867263,0.019801672417544842,0.007833628648699058,0.0022692654418850445,p9111.bmp,SC600
0.41891927083333336,0.16370869984148198,0.0002797376682311255,0.4212239682674408,0.369047611951828,0.6984127163887024,0.7579365372657776,0.8730158805847168,1.0,0.1878563016653061,0.6582521796226501,0.17645883560180664,0.377573162317276,0.0436507947742939,0.5260174340127037,0.5383792561104978,0.04636673562157004,0.13993779768237735,0.12094900757074356,0.2999642789363861,4.276774049028817,2.0,0.10679762533801634,0.0,0.00040406552077829234,0.018866751624032573,0.17110620706803842,0.2312187237745936,0.08563080844186119,0.0953283809405402,0.07649271127964442,0.05349205855841855,0.06791408945388991,0.08802411960339415,0.05572995990426755,0.027787275044291796,0.018587013955801448,0.007211015447735679,0.0022068193827122122,p9112.bmp,SC600
0.41930989583333333,0.1679967704872217,0.00015526503741887401,0.42320185899734497,0.3730158805847168,0.6984127163887024,0.7579365372657776,0.8730158805847168,0.9960317611694336,0.18795163929462433,0.6477240920066833,0.17745272815227509,0.37558281421661377,0.0476190485060215,0.5369510647926052,0.5390699593468727,0.05377585808402874,0.1393252992298358,0.12104219943284988,0.3015873432159424,4.266124541865123,3.0,0.10958606341024128,0.0,0.0006521131571592709,0.01624072291401422,0.16312144831226905,0.2394807937148713,0.08468155140825388,0.09356271154861348,0.07961991118839859,0.051951681520355245,0.06657764804521318,0.09142005403223302,0.05716858677762941,0.02648821538365991,0.01978076576716455,0.007142191721268205,0.0021116045088966865,p9113.bmp,SC600
0.42009114583333335,0.1642128754300592,0.00018597154635340794,0.41994860768318176,0.3650793731212616,0.6984127163887024,0.7539682388305664,0.8690476417541504,0.9960317611694336,0.1885834038257599,0.6426274180412292,0.17641669511795044,0.37629780173301697,0.0436507947742939,0.5302417696604409,0.5371175349799278,0.04787771961133199,0.13975516955231623,0.12286607176065445,0.3041245639324188,4.286283303327431,1.0,0.1642128754300592,0.0,0.0008058767008647677,0.022595542881939063,0.18172519604500512,0.2210581780987509,0.08309828596224778,0.08973127111551933,0.08080463689055574,0.05284691442209342,0.06769364287264049,0.08988624740414716,0.055171558751511016,0.026469950097635062,0.019465021851656696,0.006663980410997117,0.0019836964944363513,p9114.bmp,SC600
0.42032552083333335,0.16635172392428982,0.00024782379728013383,0.4209611713886261,0.369047611951828,0.6984127163887024,0.7579365372657776,0.8730158805847168,1.0,0.1886409968137741,0.6485118865966797,0.17694072425365448,0.3773103654384613,0.0436507947742939,0.5355137998296999,0.5379136184135561,0.051948748200055184,0.13984041920755294,0.12369870394468307,0.3063533902168274,4.287129145058235,3.0,0.10935225054985905,0.0,0.0005576035438803011,0.02196338403395186,0.1772249930299557,0.22338217527338064,0.08416715715126545,0.09259316625879,0.08004708652148322,0.051578327808927855,0.06678851336699607,0.09048666398190887,0.05529568476812986,0.02763235339673492,0.018803630618630152,0.007341779994423965,0.0021374802515411544,p9115.bmp,SC600
0.4192578125,0.17186869157427248,0.0003105686512003478,0.4240556061267853,0.3730158805847168,0.7023809552192688,0.761904776096344,0.8809523582458496,1.0,0.18875589966773987,0.6497326493263245,0.1777886152267456,0.3764365613460541,0.0476190485060215,0.5443338844081358,0.5396936900930299,0.059506994042006926,0.13926302688511055,0.1230025589466095,0.30918794870376587,4.287148588405405,1.0,0.17186869157427248,0.0,0.0006832510326407653,0.018323550420820522,0.16475666946178452,0.23146681573961925,0.08823255380601883,0.09037547749930122,0.0832945122519333,0.052082362806298334,0.06577844032423368,0.08913320289449983,0.05869747507686574,0.027702723687071027,0.0185720053417808,0.009130718345290226,0.0017702413118419827,p9116.bmp,SC600
0.4200130208333333,0.17859689369749202,0.0004030132994388815,0.4278894066810608,0.3769841194152832,0.7063491940498352,0.7658730149269104,0.8769841194152832,1.0,0.18881580233573914,0.628474235534668,0.17971912026405334,0.3763020932674408,0.0515873022377491,0.5405245476967725,0.5399757298240876,0.056923614967748094,0.13752095783072799,0.12023516744375229,0.30149346590042114,4.278279012819972,1.0,0.17859689369749202,0.0,0.0005270173915739219,0.014787487987103574,0.15454009982329417,0.2428930154695105,0.08410577549059119,0.08630684812598816,0.08822891155408129,0.053135753479864836,0.06438912484111976,0.09067799237374834,0.06060700003100102,0.03007099234274731,0.019623647580370152,0.008246272126980191,0.0018600613820256068,p9117.bmp,SC600
0.4180598958333333,0.18033450649391097,0.0004360419846139471,0.4292372167110443,0.3769841194152832,0.7063491940498352,0.7658730149269104,0.8849206566810608,1.0,0.18940384685993195,0.6343094110488892,0.17944687604904175,0.3816181719303131,0.0476190485060215,0.5585974402356324,0.542378600106839,0.07231601308966008,0.13799394270597923,0.12313845753669739,0.3035131096839905,4.283524724998816,1.0,0.18033450649391097,0.0,0.0003737502725262404,0.013922197651602455,0.15364250786432865,0.24075746721898653,0.08695923007443859,0.08203818481950977,0.09103933721618339,0.054069206092129445,0.06627838166131995,0.08857881458871897,0.061388482262434985,0.029931167658143083,0.019466160027408353,0.009094589964805182,0.002460522627464416,p9118.bmp,SC600
0.42022135416666667,0.18160691599789297,0.0005887274192049081,0.429741770029068,0.3769841194152832,0.7103174328804016,0.7698412537574768,0.8849206566810608,1.0,0.18974678218364716,0.6436948180198669,0.18058666586875916,0.378154456615448,0.0515873022377491,0.5179729636961954,0.5365779900431107,0.04075508286850441,0.13890742459807276,0.1246570274233818,0.31351718306541443,4.288041944215512,3.0,0.18123508815418463,0.0,0.0006506987264896353,0.013757630217209433,0.14718185480122703,0.24422892200910978,0.09143866389861494,0.0835683078734546,0.0887429120317293,0.05363616645493137,0.06522480091717535,0.08710067238868403,0.062002292938369535,0.030520868837728133,0.01979983267747033,0.009295696092709076,0.0028506801350974497,p9119.bmp,SC600
0.4169921875,0.17323965651834505,0.0,0.424081027507782,0.3730158805847168,0.7023809552192688,0.761904776096344,0.8809523582458496,0.9722222089767456,0.18976448476314545,0.6325518488883972,0.1768384873867035,0.384398490190506,0.0396825410425663,0.4792426987339751,0.5259590147184471,0.03323756911991414,0.1365486971123237,0.12469562888145447,0.3174603581428528,4.289877248251553,2.0,0.17305230288836845,0.000156128024980484,0.000624512099921936,0.020921155347384857,0.15887587822014052,0.23822014051522247,0.0839344262295082,0.08418423106947698,0.08793130366900859,0.05526932084309134,0.06404371584699453,0.08652615144418423,0.061389539422326306,0.028946135831381732,0.016830601092896174,0.010585480093676816,0.00156128024980484,p9120.bmp,SC600
0.41729166666666667,0.17227284073889165,0.0,0.42387905716896057,0.3730158805847168,0.7023809552192688,0.761904776096344,0.8870238065719604,0.976190447807312,0.19012001156806946,0.6368758082389832,0.17688119411468506,0.38419651985168457,0.0396825410425663,0.49270874745776927,0.5275263901564322,0.02847568293612489,0.13648270596016399,0.12576736509799957,0.3137180209159851,4.292943769292809,4.0,0.12219171243135298,0.00018721917124313528,0.0006864702945581628,0.022185471792311534,0.16013479780329506,0.23714428357463804,0.08262606090863704,0.08487269096355467,0.0879618072890664,0.05329505741387918,0.06437219171243136,0.08783699450823765,0.06050299550673989,0.0286445332001997,0.017161757363954068,0.010390664003994009,0.00199700449326011,p9121.bmp,SC600
0.42020833333333335,0.1763448190381755,0.001487357461576599,0.428751677274704,0.380952388048172,0.7063491940498352,0.7698412537574768,0.9047619104385376,1.0,0.19112060964107513,0.6499164700508118,0.18016502261161804,0.3811326324939728,0.0476190485060215,0.5298654844945528,0.5378775926139701,0.04823545569727993,0.1396309394489628,0.12352254241704941,0.3103872537612915,4.312103377091811,2.0,0.17597297967278136,0.0,0.0005267724343083788,0.017848289538919187,0.15589365394149726,0.2347855726326227,0.08697942488844819,0.07926375805651958,0.09317674764501735,0.05676747645017353,0.06665220624690134,0.08614278631631135,0.059525285076846804,0.031234506693108576,0.01632994546355974,0.00895513138324244,0.00591844323252355,p9122.bmp,SC600
0.42139322916666666,0.17767203287705094,0.0015449741989308778,0.4291476309299469,0.3769841194152832,0.7095237970352173,0.7698412537574768,0.9047619104385376,1.0,0.19126608967781067,0.6491276621818542,0.1808399111032486,0.3815285861492157,0.0476190485060215,0.5410343584441061,0.5362129556245013,0.05472839051152046,0.13905922703884635,0.12247449159622192,0.30619898438453674,4.313713011796991,2.0,0.17739393752124338,0.0,0.00046349225967926336,0.01832339399932021,0.15279794827426382,0.23764793127954764,0.08701294688378704,0.07820659394988104,0.09300744677563885,0.05846182368754442,0.06467261996724655,0.08602416339647127,0.061180978277662765,0.03136297623829682,0.015666038377159103,0.009269845193585266,0.005901801439915953,p9123.bmp,SC600
0.42791666666666667,0.18978213242453748,0.000669425511197663,0.4390299916267395,0.3968254029750824,0.7142857313156128,0.773809552192688,0.8849206566810608,1.0,0.18801455199718475,0.6215192079544067,0.18786825239658356,0.3874426782131195,0.0515873022377491,0.5418685101088673,0.5477772236966966,0.06352664986366356,0.14077223687066984,0.11850191652774811,0.29151400923728943,4.276559648211574,1.0,0.18978213242453748,0.0,0.00018257059396299902,0.008519961051606621,0.12101387536514119,0.25702896786757545,0.09031158714703018,0.08906402142161636,0.08936830574488802,0.05775316455696203,0.06636441090555015,0.08754259980525804,0.06645569620253164,0.03322784810126582,0.020417478091528725,0.009889240506329115,0.0028602726387536516,p9124.bmp,SC600
